student_id,age,gender,branch,year,cgpa,attendance,backlogs,internships,projects,certifications,coding_problems,python,sql,java,dsa,machine_learning,power_bi,excel,communication_score,aptitude_score,placement
STU1000,20,Male,Computer Science,3,7.39,83.7,0,0,1,0,26,0,1,1,1,0,1,0,50.9,49.6,1
STU1001,22,Female,Computer Science,3,9.99,73.2,0,1,2,0,125,1,1,0,1,1,0,1,89.1,76.0,1
STU1002,21,Other,Mechanical Eng,4,9.19,69.8,0,1,0,1,54,1,1,0,1,0,1,1,58.8,46.2,1
STU1003,21,Male,Electrical Eng,3,5.76,79.4,4,0,0,2,10,0,1,1,0,0,1,0,79.3,70.9,0
STU1004,20,Female,Information Technology,4,8.03,94.5,0,3,0,5,21,1,0,1,0,0,0,1,76.2,57.2,1
STU1005,20,Female,Information Technology,4,7.6,86.6,1,0,2,2,89,1,0,1,1,0,1,1,65.5,59.1,1
STU1006,19,Female,Electronics & Comm,4,8.51,72.9,0,0,2,2,99,0,1,0,1,0,0,1,79.6,62.0,1
STU1007,22,Male,Computer Science,4,6.78,64.6,0,0,0,1,195,0,1,1,1,0,1,1,50.8,72.5,1
STU1008,21,Female,Computer Science,4,6.68,61.2,1,0,1,1,120,1,1,1,1,1,0,0,61.4,88.4,1
STU1009,21,Male,Computer Science,3,6.86,91.2,0,4,4,0,77,1,1,1,1,1,1,1,37.0,66.7,1
STU1010,19,Male,Computer Science,3,6.97,68.4,0,0,1,2,101,1,1,1,0,0,1,1,69.4,54.2,1
STU1011,22,Male,Electrical Eng,4,8.5,74.7,0,1,1,2,83,1,1,0,0,0,0,1,56.9,43.4,1
STU1012,21,Female,Computer Science,3,6.3,91.2,2,2,2,1,23,1,1,1,1,1,0,0,98.7,82.4,0
STU1013,20,Female,Computer Science,4,6.92,61.9,1,1,4,4,192,1,1,1,1,0,1,1,68.8,67.6,1
STU1014,20,Female,Electronics & Comm,4,5.63,92.9,0,1,1,8,67,1,1,0,1,0,1,1,79.5,61.5,1
STU1015,20,Female,Mechanical Eng,4,8.71,75.5,0,2,6,0,6,1,1,1,0,1,1,1,77.1,65.9,1
STU1016,20,Male,Computer Science,4,9.0,66.5,0,2,2,0,300,1,0,1,1,0,0,1,66.9,76.5,1
STU1017,21,Male,Computer Science,4,7.24,75.5,3,0,2,4,300,1,1,0,1,0,0,1,81.9,58.8,1
STU1018,20,Male,Information Technology,4,7.27,70.8,1,1,1,1,79,1,1,1,1,0,1,1,68.5,55.0,1
STU1019,20,Male,Electrical Eng,4,8.1,82.4,0,3,3,1,104,1,1,0,0,0,1,1,74.7,45.4,1
STU1020,21,Male,Electronics & Comm,4,9.22,71.5,0,1,1,1,28,1,0,1,1,1,0,1,100.0,48.8,1
STU1021,20,Male,Electrical Eng,4,8.05,58.9,1,2,2,5,43,1,1,0,1,0,0,1,70.7,59.8,1
STU1022,20,Male,Civil Eng,4,6.83,75.8,0,3,1,3,0,0,1,0,0,0,1,0,60.6,81.1,1
STU1023,20,Male,Electrical Eng,4,5.82,64.4,3,1,2,0,34,0,0,1,0,0,0,1,58.1,57.4,0
STU1024,21,Male,Electronics & Comm,4,6.37,80.0,4,0,4,0,26,1,1,1,1,0,0,1,66.8,68.9,0
STU1025,21,Male,Information Technology,4,7.68,66.1,0,0,3,1,76,1,1,1,1,1,0,0,69.6,81.9,1
STU1026,20,Female,Computer Science,4,6.88,73.1,0,1,1,1,65,1,1,1,1,1,1,0,68.8,70.7,1
STU1027,21,Female,Civil Eng,3,7.81,79.8,1,0,2,2,64,1,1,1,0,1,1,1,45.9,94.6,1
STU1028,21,Female,Information Technology,4,6.99,75.9,0,3,2,4,267,1,1,0,1,0,0,1,36.3,66.0,1
STU1029,19,Male,Computer Science,3,6.44,80.5,0,1,0,1,87,1,1,0,0,1,0,1,54.4,62.6,1
STU1030,21,Male,Electronics & Comm,4,6.31,84.8,1,1,2,1,48,1,1,0,1,0,0,1,68.8,59.3,1
STU1031,20,Female,Computer Science,4,9.32,66.4,1,1,1,1,44,1,1,1,1,0,1,1,68.9,94.9,1
STU1032,19,Male,Electronics & Comm,4,8.58,77.4,0,1,2,0,11,1,1,0,0,1,0,1,74.4,83.3,1
STU1033,22,Male,Electronics & Comm,3,9.5,50.0,0,1,3,6,87,1,1,1,0,1,0,0,73.1,43.1,1
STU1034,22,Male,Information Technology,4,8.19,80.5,0,0,1,0,191,1,1,1,1,1,1,1,61.0,96.7,1
STU1035,21,Male,Mechanical Eng,4,7.13,75.0,0,1,1,1,2,1,1,0,0,0,1,1,53.7,72.5,1
STU1036,20,Male,Computer Science,3,9.06,68.2,0,2,1,0,28,1,0,1,1,1,1,0,75.3,66.9,1
STU1037,19,Male,Information Technology,3,7.56,81.2,0,1,5,2,14,1,1,1,0,0,0,1,71.2,72.8,1
STU1038,21,Female,Electronics & Comm,4,7.84,89.7,1,1,3,6,72,1,0,0,0,1,0,1,52.7,50.6,0
STU1039,20,Male,Electronics & Comm,4,7.55,73.2,1,0,0,0,147,1,0,0,1,0,0,1,76.7,68.0,1
STU1040,20,Male,Electrical Eng,3,5.0,68.6,3,2,2,2,56,0,1,0,0,0,0,1,81.4,60.4,0
STU1041,21,Female,Information Technology,4,9.37,79.7,0,3,1,0,9,1,1,1,1,0,0,1,79.1,59.6,1
STU1042,19,Male,Electronics & Comm,4,8.14,64.6,0,1,2,3,117,1,1,1,1,0,1,1,81.5,79.4,1
STU1043,22,Male,Computer Science,4,7.96,71.4,0,1,2,3,29,1,1,1,0,0,1,1,57.5,61.0,1
STU1044,20,Female,Civil Eng,4,7.53,90.2,0,1,5,3,17,0,0,0,1,0,1,0,79.9,66.5,1
STU1045,21,Male,Information Technology,4,7.78,78.6,0,1,1,2,123,1,1,1,1,0,1,1,65.8,69.9,1
STU1046,20,Male,Electrical Eng,4,6.94,59.2,0,2,2,5,67,1,0,0,0,1,0,0,96.6,79.2,1
STU1047,21,Male,Computer Science,4,8.28,60.0,0,0,3,2,1,1,1,0,0,0,1,1,80.5,84.0,1
STU1048,21,Male,Computer Science,3,6.16,79.6,1,1,3,2,95,1,0,1,1,0,0,1,74.0,65.2,0
STU1049,20,Female,Information Technology,3,7.8,86.6,2,0,2,3,90,1,1,1,1,1,0,1,92.0,59.3,1
STU1050,22,Female,Mechanical Eng,4,8.22,61.8,0,0,3,2,91,1,0,0,1,0,0,0,60.9,93.6,1
STU1051,21,Male,Electronics & Comm,4,7.38,82.5,2,1,1,1,2,0,1,1,0,0,0,1,75.7,26.3,0
STU1052,22,Female,Civil Eng,4,8.01,91.3,5,0,2,1,61,1,1,0,1,1,1,0,99.3,78.0,1
STU1053,22,Male,Information Technology,4,6.51,96.9,0,1,4,0,38,1,0,0,0,1,0,1,79.4,62.8,1
STU1054,21,Male,Information Technology,4,6.54,81.3,0,0,5,2,24,1,1,1,1,1,0,0,70.1,73.6,1
STU1055,22,Female,Computer Science,4,7.86,83.1,1,1,3,2,33,1,1,0,1,0,1,1,64.2,65.6,1
STU1056,19,Male,Electrical Eng,3,8.35,56.7,0,0,2,0,22,1,1,0,1,0,1,1,54.4,84.2,1
STU1057,20,Male,Computer Science,4,5.54,99.0,1,2,3,3,22,1,0,0,1,1,0,0,63.9,71.3,1
STU1058,19,Male,Mechanical Eng,3,8.17,72.2,1,1,0,5,105,1,0,1,0,0,0,1,56.5,43.7,1
STU1059,20,Male,Mechanical Eng,4,7.0,68.7,0,3,1,1,27,0,1,0,0,0,1,0,64.8,43.0,1
STU1060,20,Male,Civil Eng,3,7.39,75.4,0,3,3,1,72,1,1,1,0,1,1,1,66.5,61.8,1
STU1061,20,Female,Electronics & Comm,4,6.13,93.1,2,0,1,5,53,1,0,0,1,0,1,0,81.8,74.1,1
STU1062,21,Male,Electronics & Comm,3,6.66,100.0,0,0,5,3,16,1,0,1,1,0,0,1,62.3,84.6,1
STU1063,20,Male,Electrical Eng,3,8.66,79.3,0,1,2,0,35,0,0,1,0,0,0,1,59.6,55.0,1
STU1064,20,Male,Computer Science,3,7.64,88.0,0,1,2,2,41,1,0,0,0,1,1,1,80.4,31.8,1
STU1065,21,Female,Electronics & Comm,4,7.18,78.4,0,0,3,3,1,0,1,0,0,0,0,0,77.8,71.5,0
STU1066,20,Female,Computer Science,4,7.47,67.6,0,0,3,2,118,1,0,0,0,1,0,1,64.6,65.6,1
STU1067,21,Female,Information Technology,4,8.14,92.8,1,1,2,2,25,0,1,1,0,1,0,1,76.4,67.1,1
STU1068,19,Female,Computer Science,4,8.08,71.8,0,3,1,2,41,1,1,0,1,0,1,1,64.3,48.5,1
STU1069,23,Female,Computer Science,4,7.52,93.4,0,2,3,4,10,1,1,1,1,0,1,0,65.0,82.9,1
STU1070,21,Male,Information Technology,4,8.8,91.0,0,0,2,1,300,1,1,1,1,1,0,1,89.8,52.8,1
STU1071,20,Male,Information Technology,4,8.67,84.1,0,1,1,3,8,0,1,1,0,0,0,1,66.1,69.6,1
STU1072,19,Female,Electronics & Comm,3,8.05,96.3,0,0,2,9,21,0,0,1,0,0,0,1,62.3,69.1,1
STU1073,21,Other,Computer Science,4,7.66,100.0,0,1,0,1,59,1,0,1,1,0,0,1,68.3,73.2,1
STU1074,21,Female,Electronics & Comm,4,8.32,76.2,0,2,5,4,6,1,0,0,0,0,1,1,40.5,53.8,1
STU1075,21,Male,Computer Science,4,7.95,69.9,0,2,2,1,40,1,1,1,1,0,0,1,65.6,51.1,1
STU1076,21,Male,Electronics & Comm,4,8.77,59.4,0,1,6,1,37,1,1,0,1,0,0,0,71.6,77.8,1
STU1077,19,Male,Electronics & Comm,4,8.59,100.0,1,0,2,6,6,1,1,0,0,0,1,1,95.7,73.3,1
STU1078,20,Female,Electronics & Comm,3,6.48,73.6,3,1,5,0,2,1,0,1,1,0,0,0,69.3,70.0,1
STU1079,20,Male,Electrical Eng,4,6.41,89.4,2,3,1,1,1,1,1,1,0,1,1,1,74.1,81.9,1
STU1080,22,Male,Information Technology,4,6.83,70.6,0,0,0,2,1,1,1,0,1,0,1,1,72.9,70.1,1
STU1081,21,Female,Electrical Eng,4,8.67,93.4,1,0,0,2,8,1,1,1,1,0,0,1,99.8,59.4,1
STU1082,20,Male,Information Technology,4,5.87,71.0,4,2,2,3,159,1,0,1,0,1,0,0,82.0,72.8,1
STU1083,19,Female,Information Technology,4,8.03,66.1,0,2,0,1,250,1,1,1,0,0,0,1,47.7,71.8,1
STU1084,20,Male,Electronics & Comm,4,8.0,75.9,0,3,2,0,16,1,0,0,0,0,0,1,85.2,72.1,1
STU1085,20,Male,Computer Science,3,8.88,72.7,1,1,2,1,190,1,1,1,1,0,1,0,54.8,51.8,1
STU1086,21,Male,Electronics & Comm,3,7.8,84.0,0,1,2,2,28,1,1,1,0,1,1,1,58.8,50.3,1
STU1087,21,Female,Electronics & Comm,4,6.12,77.5,1,1,2,2,4,0,0,0,0,0,0,1,49.8,78.2,0
STU1088,22,Male,Information Technology,4,6.54,84.3,0,3,1,2,34,1,1,1,0,1,1,1,93.5,62.8,1
STU1089,21,Male,Computer Science,3,6.3,75.1,2,2,3,2,10,1,0,1,0,1,0,1,84.6,35.9,1
STU1090,20,Female,Computer Science,4,7.01,71.3,0,2,2,1,118,1,1,0,0,1,0,1,85.2,44.4,1
STU1091,21,Male,Civil Eng,4,7.4,72.2,2,0,4,3,12,1,1,0,1,1,0,1,82.5,45.2,0
STU1092,21,Female,Electronics & Comm,4,6.32,98.4,2,2,2,0,7,1,1,1,0,1,1,1,77.7,81.0,1
STU1093,21,Female,Computer Science,3,9.22,80.3,0,1,6,1,134,1,0,1,1,1,0,0,63.5,64.3,1
STU1094,21,Male,Information Technology,4,6.14,58.2,2,0,2,3,212,1,0,0,1,0,0,1,70.9,65.5,1
STU1095,21,Female,Electronics & Comm,4,9.08,72.8,0,0,5,1,21,0,1,0,0,1,1,1,60.8,59.7,1
STU1096,21,Male,Mechanical Eng,4,8.9,79.0,0,1,0,2,30,0,1,0,1,0,0,1,56.1,49.1,1
STU1097,20,Female,Computer Science,4,8.59,96.5,0,1,3,1,81,1,1,0,0,0,1,1,59.0,76.4,1
STU1098,19,Male,Computer Science,3,6.84,88.3,2,2,3,2,197,1,0,0,0,1,0,1,100.0,74.8,1
STU1099,20,Female,Mechanical Eng,4,7.98,68.8,0,2,0,1,34,1,0,1,0,1,0,1,62.6,54.4,1
STU1100,19,Male,Computer Science,3,6.19,100.0,1,0,2,9,300,1,0,0,1,0,0,1,82.0,86.0,1
STU1101,21,Female,Computer Science,3,8.6,77.7,0,1,3,1,10,1,1,1,1,1,1,1,97.1,76.2,1
STU1102,20,Male,Civil Eng,4,7.52,90.5,0,0,2,3,49,1,0,0,0,1,0,1,78.9,52.2,1
STU1103,21,Male,Electronics & Comm,4,7.15,66.4,0,1,0,5,23,1,0,1,1,0,0,1,57.0,60.7,1
STU1104,22,Male,Computer Science,4,6.25,54.0,1,1,3,3,78,1,1,1,1,1,0,0,57.7,59.5,1
STU1105,20,Male,Computer Science,3,5.0,63.9,2,2,0,2,116,1,0,0,0,0,1,1,69.7,69.7,0
STU1106,20,Female,Computer Science,4,6.46,50.0,0,1,3,2,165,0,0,1,1,0,0,1,99.6,43.6,1
STU1107,21,Male,Computer Science,4,8.82,99.1,0,2,0,2,179,1,0,1,1,0,0,1,87.9,54.4,1
STU1108,20,Female,Mechanical Eng,4,7.16,80.1,0,2,1,4,23,1,1,0,1,1,1,1,75.5,76.9,1
STU1109,19,Female,Information Technology,4,7.41,68.8,0,1,1,0,20,1,1,1,1,1,0,0,65.1,41.2,1
STU1110,20,Female,Electrical Eng,4,8.32,82.5,1,1,2,5,36,0,1,1,0,0,1,1,73.3,62.0,1
STU1111,20,Male,Mechanical Eng,4,9.59,79.9,0,1,5,2,22,0,1,1,1,0,0,1,70.6,46.6,1
STU1112,22,Male,Information Technology,3,9.06,84.2,0,0,1,4,28,1,0,1,1,0,0,1,70.6,78.7,1
STU1113,21,Female,Computer Science,3,6.53,90.1,0,2,1,0,115,1,1,1,1,0,1,1,55.7,70.1,1
STU1114,21,Male,Electronics & Comm,4,5.46,75.1,1,2,2,4,0,0,0,0,0,0,1,1,55.5,43.0,0
STU1115,22,Male,Mechanical Eng,4,10.0,69.2,1,0,3,0,9,1,1,1,0,0,1,1,72.6,49.4,1
STU1116,21,Female,Electrical Eng,4,10.0,86.3,0,4,2,3,61,0,1,1,0,0,0,1,51.8,65.2,1
STU1117,20,Female,Computer Science,4,7.81,86.0,0,0,2,2,73,1,1,1,1,0,0,1,59.2,30.4,1
STU1118,22,Female,Electronics & Comm,3,6.2,79.0,2,3,2,3,42,1,1,0,1,0,0,1,68.4,48.5,1
STU1119,21,Male,Electronics & Comm,3,8.66,99.8,0,0,1,3,120,1,1,0,1,0,0,1,72.6,52.6,1
STU1120,21,Female,Mechanical Eng,4,7.48,73.6,1,2,2,1,8,0,0,1,0,0,0,1,83.6,84.3,1
STU1121,22,Male,Computer Science,3,7.48,69.0,0,1,2,2,33,1,0,1,1,0,0,1,50.5,56.3,1
STU1122,20,Male,Electronics & Comm,4,8.58,82.2,0,2,3,1,34,0,1,0,0,1,0,1,50.5,74.9,1
STU1123,20,Female,Mechanical Eng,4,7.97,71.3,1,0,4,2,24,1,1,0,0,0,1,1,86.3,57.9,1
STU1124,20,Male,Information Technology,4,6.3,83.0,4,0,3,3,151,1,0,1,1,1,0,1,91.5,76.2,0
STU1125,20,Male,Information Technology,4,7.24,69.7,0,0,2,0,124,1,0,0,1,1,0,1,53.4,41.7,1
STU1126,21,Male,Computer Science,4,8.33,74.0,0,2,2,2,85,1,1,1,1,0,1,1,56.2,54.2,1
STU1127,22,Female,Computer Science,4,8.16,96.9,0,0,1,2,25,1,1,1,1,1,0,1,75.6,63.4,1
STU1128,19,Female,Information Technology,3,7.89,73.9,0,1,3,1,17,0,1,1,1,0,0,1,68.7,67.7,1
STU1129,21,Female,Civil Eng,4,8.63,70.0,0,2,2,6,11,0,1,1,1,0,0,1,68.8,69.9,1
STU1130,20,Female,Computer Science,4,7.2,89.7,1,2,4,2,4,1,1,1,1,0,0,0,57.1,67.9,1
STU1131,20,Male,Information Technology,4,7.8,67.5,0,0,1,1,19,1,1,1,1,0,1,0,78.1,72.6,1
STU1132,20,Male,Electronics & Comm,3,5.0,71.1,2,2,3,0,2,0,0,0,0,0,0,1,64.7,64.8,1
STU1133,20,Male,Computer Science,4,7.11,83.8,0,0,3,2,73,1,1,1,0,0,1,1,64.2,67.6,1
STU1134,22,Male,Information Technology,4,8.44,87.4,0,2,1,1,40,0,1,1,1,0,0,0,52.2,49.8,1
STU1135,20,Male,Electrical Eng,4,7.17,90.2,2,1,3,1,36,1,0,0,0,0,0,0,79.1,40.7,0
STU1136,21,Female,Mechanical Eng,4,7.09,70.5,0,0,4,0,66,1,0,0,0,0,0,1,62.9,48.2,1
STU1137,21,Male,Electronics & Comm,4,6.45,84.0,0,0,4,2,2,0,0,0,0,0,0,1,67.4,39.7,0
STU1138,20,Male,Electronics & Comm,4,8.7,73.3,0,1,3,2,11,1,0,0,0,0,0,1,84.7,68.4,1
STU1139,23,Male,Computer Science,3,8.2,71.9,0,1,0,0,27,1,1,1,0,0,1,1,53.3,79.1,1
STU1140,22,Male,Civil Eng,4,8.51,90.0,0,3,4,2,8,1,0,1,1,1,0,1,66.8,50.8,1
STU1141,20,Female,Computer Science,4,5.7,72.5,1,1,3,6,225,0,1,1,1,0,0,1,46.2,80.1,1
STU1142,21,Male,Electrical Eng,4,7.42,80.8,0,3,1,7,26,0,1,0,1,0,0,1,60.7,71.8,1
STU1143,20,Male,Computer Science,4,7.29,79.6,0,1,1,5,2,0,0,1,1,0,0,1,86.0,56.7,1
STU1144,20,Female,Civil Eng,3,7.29,67.3,1,3,1,4,29,0,0,0,1,0,0,1,46.4,59.8,1
STU1145,19,Male,Electrical Eng,3,6.92,87.7,0,2,0,1,18,1,1,1,0,0,0,0,71.3,81.7,1
STU1146,21,Male,Electrical Eng,4,7.22,83.6,0,2,3,1,17,1,0,1,0,0,1,0,90.4,30.1,1
STU1147,21,Male,Computer Science,4,8.53,58.1,0,0,1,2,0,1,1,0,0,0,1,1,75.7,81.7,1
STU1148,19,Female,Information Technology,4,5.5,80.8,3,1,0,2,153,0,1,1,1,1,0,1,59.8,78.4,0
STU1149,20,Other,Electronics & Comm,4,9.56,70.3,1,0,2,4,23,1,1,1,0,0,0,1,52.4,56.2,1
STU1150,22,Female,Electrical Eng,4,8.13,89.0,0,0,2,1,9,0,0,1,0,0,0,1,41.0,63.6,1
STU1151,20,Male,Computer Science,4,7.55,63.5,0,1,1,2,22,1,1,1,1,0,1,1,89.9,89.4,1
STU1152,20,Female,Civil Eng,4,8.6,74.4,0,1,0,3,7,0,1,0,0,0,0,1,62.1,45.4,1
STU1153,21,Male,Mechanical Eng,4,6.0,81.6,1,0,1,2,2,0,0,0,0,1,0,1,42.8,62.3,0
STU1154,23,Male,Computer Science,4,6.87,78.5,1,1,3,2,27,1,0,1,1,0,0,1,53.7,74.7,1
STU1155,20,Male,Mechanical Eng,4,7.47,85.6,1,1,0,1,10,1,1,1,0,0,1,0,52.9,68.1,0
STU1156,21,Male,Electronics & Comm,4,9.1,62.8,2,0,2,8,22,1,1,1,0,0,0,1,61.1,65.8,1
STU1157,21,Male,Information Technology,4,7.55,94.5,0,1,1,2,13,1,1,1,1,1,1,1,100.0,92.3,1
STU1158,20,Female,Information Technology,4,8.1,83.3,0,1,1,2,175,1,0,0,1,1,0,1,80.9,48.4,1
STU1159,21,Female,Electronics & Comm,4,6.95,91.6,0,0,2,1,51,1,0,1,0,0,1,0,74.8,49.0,1
STU1160,20,Male,Electrical Eng,4,8.14,86.7,0,2,1,2,26,0,1,0,0,0,1,1,84.8,27.3,1
STU1161,21,Male,Information Technology,3,9.44,77.9,0,1,1,1,35,1,1,1,1,1,0,0,93.7,48.8,1
STU1162,21,Male,Electronics & Comm,4,8.7,65.2,1,2,2,1,1,1,0,1,0,1,0,1,75.4,55.0,1
STU1163,21,Male,Electronics & Comm,4,7.51,72.4,0,0,2,1,10,0,1,0,1,0,1,1,88.2,69.8,1
STU1164,19,Female,Electrical Eng,4,8.34,93.9,0,2,3,0,22,0,1,0,1,0,0,0,59.0,79.4,1
STU1165,21,Male,Computer Science,3,8.24,91.9,0,0,0,2,70,1,1,1,0,0,1,1,55.9,50.5,1
STU1166,20,Female,Mechanical Eng,3,8.16,71.8,0,1,4,1,16,0,1,0,0,1,0,1,53.6,62.9,1
STU1167,20,Male,Information Technology,3,8.82,50.0,0,0,3,5,40,0,1,1,1,0,1,1,72.1,85.9,1
STU1168,19,Male,Computer Science,4,8.81,75.9,0,2,3,0,169,1,1,1,1,1,0,1,31.2,62.2,1
STU1169,21,Male,Computer Science,3,7.46,75.1,0,1,1,0,116,1,1,1,0,1,0,1,86.5,72.8,1
STU1170,21,Male,Information Technology,4,8.31,75.5,0,0,3,5,212,1,1,1,0,0,1,1,61.1,81.8,1
STU1171,19,Male,Mechanical Eng,3,7.18,83.3,1,0,1,0,71,1,0,1,0,0,0,0,79.6,51.1,0
STU1172,21,Female,Information Technology,3,6.58,86.8,1,0,1,0,32,1,0,0,1,0,1,1,48.5,48.0,1
STU1173,20,Male,Electrical Eng,3,7.3,87.9,0,0,0,1,3,0,0,0,0,1,0,1,83.6,89.3,1
STU1174,21,Female,Computer Science,3,7.52,82.5,0,1,4,4,90,1,1,1,1,1,0,0,87.4,73.7,1
STU1175,20,Male,Information Technology,4,5.77,60.0,0,1,1,4,16,1,0,1,1,1,0,1,69.4,45.1,1
STU1176,21,Male,Civil Eng,4,8.55,74.6,3,3,4,1,5,1,1,1,0,0,1,1,75.4,49.2,1
STU1177,20,Male,Electrical Eng,4,5.0,100.0,2,3,1,3,16,0,1,1,0,0,1,1,53.6,62.0,1
STU1178,22,Female,Computer Science,3,10.0,81.7,0,1,4,2,69,1,1,1,1,0,1,1,68.6,85.9,1
STU1179,20,Male,Electronics & Comm,3,9.25,81.7,1,0,4,5,12,1,1,0,0,1,1,1,81.6,79.7,1
STU1180,20,Female,Computer Science,4,7.31,81.6,0,1,4,0,73,0,1,1,0,0,1,0,63.8,81.0,1
STU1181,20,Male,Information Technology,4,7.61,82.2,1,1,2,4,127,1,1,1,1,0,1,1,89.4,58.5,1
STU1182,22,Female,Electrical Eng,3,7.93,54.2,0,1,4,1,4,0,0,0,0,0,0,1,43.0,64.9,1
STU1183,22,Male,Electrical Eng,4,6.95,75.6,0,1,5,1,18,1,1,0,1,1,1,0,63.4,53.0,1
STU1184,20,Female,Computer Science,4,7.81,77.6,0,3,2,1,57,1,1,0,0,1,1,1,41.1,58.8,1
STU1185,21,Female,Civil Eng,3,7.44,90.8,1,2,2,3,75,1,0,0,0,0,0,1,72.4,48.2,1
STU1186,21,Female,Electronics & Comm,4,7.5,78.5,1,0,3,3,29,1,1,0,0,1,0,1,65.0,51.9,1
STU1187,21,Male,Information Technology,3,7.8,61.5,0,0,1,2,258,1,1,1,1,0,0,1,65.5,54.1,1
STU1188,21,Male,Electronics & Comm,4,6.16,82.3,1,2,3,3,6,0,1,1,0,0,1,0,78.4,62.8,1
STU1189,20,Male,Electronics & Comm,3,7.64,70.0,0,2,0,3,106,0,1,0,0,0,0,1,64.0,71.3,1
STU1190,19,Female,Electronics & Comm,4,7.78,65.8,3,0,2,3,16,0,0,0,1,1,0,0,100.0,90.0,1
STU1191,22,Male,Information Technology,3,7.74,69.7,0,2,1,1,79,1,1,1,1,0,0,0,79.3,59.5,1
STU1192,22,Female,Electronics & Comm,4,7.36,83.4,1,1,1,2,124,1,1,0,0,1,0,1,68.4,73.8,1
STU1193,21,Male,Computer Science,3,8.85,90.6,0,1,1,1,42,1,0,1,1,1,1,0,58.6,62.3,1
STU1194,20,Male,Electrical Eng,4,7.21,82.8,0,0,3,2,28,0,0,0,1,1,0,1,55.2,79.4,1
STU1195,20,Male,Electronics & Comm,4,7.85,84.3,0,2,1,3,5,0,1,1,0,1,0,0,74.1,46.2,1
STU1196,21,Female,Computer Science,4,9.03,82.7,0,1,3,3,46,1,1,0,1,0,0,1,60.6,57.0,1
STU1197,22,Female,Electrical Eng,4,7.51,79.0,1,0,3,3,77,0,0,0,0,0,1,1,81.9,74.9,1
STU1198,22,Female,Civil Eng,4,7.84,85.0,0,1,2,1,6,0,0,0,1,0,0,1,66.8,73.7,1
STU1199,21,Male,Civil Eng,4,7.49,53.8,0,2,1,3,100,0,1,1,0,0,0,1,66.9,74.0,1
STU1200,21,Female,Information Technology,3,8.96,79.1,0,2,1,1,8,1,1,0,1,0,0,1,69.6,86.1,1
STU1201,19,Female,Computer Science,4,7.32,67.6,0,0,2,6,9,1,1,1,0,1,0,1,65.9,39.0,1
STU1202,20,Male,Electronics & Comm,3,9.01,89.6,2,4,0,1,32,0,1,0,0,1,1,1,71.9,46.2,1
STU1203,22,Female,Computer Science,4,7.49,76.5,0,0,2,2,50,1,1,0,1,0,0,1,97.0,73.4,1
STU1204,21,Female,Civil Eng,3,6.65,78.3,1,1,5,3,10,0,0,0,0,0,0,1,75.6,77.2,1
STU1205,19,Female,Computer Science,4,8.35,62.9,0,1,1,5,39,1,1,1,1,1,0,1,73.9,74.8,1
STU1206,20,Female,Computer Science,4,7.26,88.2,1,1,2,2,2,1,0,1,0,1,0,1,79.0,100.0,1
STU1207,21,Male,Information Technology,4,8.28,84.3,2,1,5,1,59,1,1,0,0,1,0,1,66.5,51.3,1
STU1208,19,Male,Information Technology,4,5.0,83.6,2,2,4,2,300,1,1,0,1,0,1,1,54.5,70.5,1
STU1209,20,Female,Electrical Eng,3,7.61,69.9,1,1,4,1,30,1,1,1,1,1,1,1,25.7,63.9,1
STU1210,21,Male,Information Technology,4,7.09,70.3,0,1,3,3,293,1,1,1,1,0,0,1,39.3,74.3,1
STU1211,21,Female,Computer Science,3,6.43,80.2,2,0,1,6,10,1,1,1,1,1,0,1,78.5,70.6,0
STU1212,21,Female,Computer Science,4,6.99,71.1,1,0,4,0,17,1,1,1,1,0,1,0,73.2,57.2,1
STU1213,20,Female,Electronics & Comm,4,6.97,82.3,0,0,5,2,23,1,1,1,0,0,0,0,65.9,70.8,1
STU1214,21,Other,Computer Science,4,7.55,56.4,0,3,2,5,63,1,0,1,0,0,0,0,100.0,66.3,1
STU1215,20,Male,Electronics & Comm,3,6.1,73.1,3,2,2,0,89,1,0,0,0,1,0,1,67.5,66.9,0
STU1216,20,Male,Electronics & Comm,3,7.95,96.0,1,3,2,2,43,1,1,1,1,1,1,1,34.9,82.0,1
STU1217,21,Male,Electrical Eng,3,9.1,82.4,0,0,2,4,102,1,0,0,0,1,0,0,78.5,100.0,1
STU1218,21,Male,Civil Eng,3,7.91,79.7,0,1,1,5,33,0,0,0,0,0,0,1,84.3,36.3,1
STU1219,21,Male,Mechanical Eng,3,8.49,97.9,0,0,2,2,70,1,1,0,0,1,0,1,78.1,84.3,1
STU1220,21,Male,Civil Eng,4,8.8,54.6,0,2,2,0,21,1,1,1,0,0,0,0,84.5,74.6,1
STU1221,21,Female,Computer Science,3,8.96,69.8,0,1,2,0,51,1,1,1,0,1,0,1,43.3,53.9,1
STU1222,19,Female,Computer Science,4,9.66,74.0,0,0,0,2,5,1,1,1,1,0,0,1,69.3,59.6,1
STU1223,20,Male,Information Technology,4,7.05,86.6,0,1,3,0,77,1,0,0,1,1,1,1,56.4,78.2,1
STU1224,20,Male,Mechanical Eng,4,6.81,86.8,0,0,1,0,12,0,1,0,0,1,0,1,75.3,65.8,1
STU1225,20,Female,Civil Eng,4,8.46,69.3,0,1,1,3,7,1,1,1,0,1,0,1,89.3,64.3,1
STU1226,23,Male,Mechanical Eng,4,8.38,88.0,0,1,2,3,16,1,1,1,0,1,1,1,62.8,54.7,1
STU1227,20,Male,Computer Science,4,8.45,74.0,0,1,2,4,34,1,1,1,1,0,1,0,77.1,53.6,1
STU1228,22,Male,Civil Eng,3,9.68,90.1,1,4,0,0,37,1,0,0,0,1,0,1,55.7,50.5,1
STU1229,21,Female,Information Technology,4,7.61,67.7,0,1,2,1,35,1,1,1,1,0,1,1,67.8,57.4,1
STU1230,21,Male,Computer Science,4,8.07,76.8,0,1,3,4,25,1,1,1,1,1,0,1,60.8,63.1,1
STU1231,21,Female,Information Technology,4,6.52,73.1,0,2,2,3,94,0,1,1,1,0,1,0,93.2,70.3,1
STU1232,21,Male,Computer Science,4,9.95,88.6,0,1,2,4,4,1,1,1,1,0,0,1,52.9,52.7,1
STU1233,21,Male,Electronics & Comm,4,7.23,72.8,0,0,1,8,1,1,0,0,1,0,0,1,69.2,76.3,1
STU1234,20,Male,Information Technology,4,7.26,77.6,0,2,2,4,47,1,1,0,0,1,0,0,87.2,51.4,1
STU1235,21,Male,Information Technology,3,7.22,83.1,0,0,4,2,40,0,0,1,0,0,0,0,40.8,76.5,1
STU1236,20,Female,Electronics & Comm,4,6.89,83.5,0,0,3,1,8,0,0,0,0,1,0,1,74.0,52.0,1
STU1237,19,Female,Mechanical Eng,4,6.8,86.9,0,0,3,2,17,0,1,0,1,0,0,0,69.6,95.3,1
STU1238,21,Female,Electronics & Comm,3,7.02,80.1,0,0,2,3,7,1,0,1,1,0,0,0,58.5,74.7,1
STU1239,20,Female,Information Technology,3,6.1,73.8,2,0,3,1,144,1,1,1,1,1,0,0,85.0,77.6,1
STU1240,22,Female,Electrical Eng,3,6.74,74.5,0,0,4,3,13,0,0,1,1,0,0,1,92.0,62.4,1
STU1241,22,Female,Mechanical Eng,4,9.74,78.3,0,1,3,0,24,1,1,1,0,0,0,1,77.2,74.1,1
STU1242,22,Female,Computer Science,3,8.41,80.5,0,0,4,3,16,1,0,1,1,0,0,1,63.8,46.2,1
STU1243,20,Male,Electronics & Comm,4,8.62,76.5,0,0,2,0,32,0,0,1,1,0,0,1,47.7,50.4,1
STU1244,19,Male,Computer Science,4,8.89,78.2,2,1,4,2,191,1,1,1,1,0,0,1,70.5,60.4,1
STU1245,22,Male,Computer Science,4,9.62,62.8,0,0,2,4,36,1,1,1,0,1,0,1,65.8,87.8,1
STU1246,20,Female,Electronics & Comm,4,5.65,84.7,2,0,4,0,25,1,0,0,0,0,1,0,66.7,80.1,1
STU1247,22,Male,Mechanical Eng,4,6.25,79.8,2,1,0,2,35,0,0,1,0,0,0,1,61.0,31.5,1
STU1248,22,Male,Computer Science,4,6.72,88.0,0,0,3,1,111,1,0,1,1,0,0,0,59.8,50.2,1
STU1249,22,Female,Electrical Eng,3,7.08,78.0,2,0,4,5,186,1,1,1,1,0,0,0,68.4,63.7,1
STU1250,20,Female,Mechanical Eng,4,7.27,60.6,0,1,1,4,13,0,0,1,0,0,0,0,50.8,83.8,1
STU1251,20,Female,Mechanical Eng,4,7.11,74.4,0,1,3,6,61,0,0,0,1,0,0,1,82.5,68.7,1
STU1252,22,Male,Computer Science,4,7.84,76.0,0,1,3,4,285,0,0,1,1,0,1,0,57.3,26.9,1
STU1253,20,Female,Mechanical Eng,4,7.64,85.4,0,3,1,3,15,1,1,0,1,1,1,1,69.6,47.4,1
STU1254,20,Male,Information Technology,3,6.8,57.3,0,1,2,1,24,1,1,0,1,1,0,1,63.5,75.8,1
STU1255,21,Male,Electronics & Comm,4,5.21,78.4,1,1,2,1,33,0,1,0,0,0,0,1,77.1,68.1,0
STU1256,22,Male,Computer Science,3,6.51,83.1,0,0,2,2,47,1,1,1,0,1,1,0,76.3,67.0,1
STU1257,21,Male,Computer Science,4,7.0,71.4,0,2,0,2,104,1,1,1,1,1,1,1,75.1,81.7,1
STU1258,21,Male,Electrical Eng,3,7.33,78.7,0,0,0,4,10,1,0,0,0,0,1,1,51.6,59.8,1
STU1259,19,Female,Information Technology,4,6.36,71.7,1,1,1,1,70,1,1,1,1,1,0,1,65.3,75.5,1
STU1260,21,Male,Computer Science,3,7.06,70.7,0,1,1,0,12,1,1,1,0,0,0,1,90.4,89.6,1
STU1261,23,Female,Computer Science,4,6.36,73.9,2,1,1,2,69,1,0,1,1,0,0,0,63.2,68.4,1
STU1262,20,Male,Electronics & Comm,4,7.46,70.9,0,3,3,1,3,0,0,1,0,0,0,1,82.7,51.6,1
STU1263,21,Male,Computer Science,3,6.42,84.8,1,3,2,3,54,1,0,1,1,1,0,1,67.9,58.6,1
STU1264,22,Male,Electrical Eng,4,6.67,70.7,0,0,3,2,62,0,0,0,1,0,1,0,63.7,51.5,1
STU1265,21,Male,Computer Science,4,6.16,69.0,1,0,0,3,189,1,0,1,1,0,0,1,70.6,31.4,1
STU1266,21,Female,Computer Science,4,7.43,95.7,0,2,2,0,16,1,1,1,1,0,0,1,56.3,53.1,1
STU1267,21,Male,Information Technology,4,6.65,87.6,2,1,2,7,201,0,0,1,1,1,0,0,80.6,74.5,1
STU1268,20,Male,Information Technology,4,8.6,59.4,0,1,4,0,44,1,1,1,0,0,0,0,56.0,65.1,1
STU1269,20,Male,Information Technology,4,8.05,70.4,0,1,3,1,167,0,1,1,1,0,0,1,75.8,85.4,1
STU1270,21,Female,Information Technology,4,7.52,80.4,0,1,4,3,65,1,0,1,1,1,1,0,83.1,67.2,1
STU1271,21,Female,Civil Eng,4,6.72,81.2,0,3,0,0,29,0,1,1,0,1,1,1,74.0,78.3,1
STU1272,22,Male,Electronics & Comm,4,8.02,63.1,0,1,3,0,16,1,0,0,1,0,0,1,60.0,38.6,1
STU1273,22,Female,Computer Science,3,8.36,89.6,0,1,2,0,64,1,1,1,1,1,1,1,70.6,58.4,1
STU1274,21,Female,Information Technology,3,7.76,86.3,0,1,3,2,34,1,1,0,1,0,1,1,57.7,61.0,1
STU1275,21,Female,Mechanical Eng,3,9.36,82.8,0,2,2,5,2,0,1,0,1,0,1,1,65.0,52.6,1
STU1276,21,Female,Information Technology,3,8.11,91.6,1,1,2,2,145,1,0,1,1,0,0,1,60.7,87.9,1
STU1277,21,Female,Computer Science,4,8.6,82.5,0,1,0,2,43,1,1,1,1,0,1,1,57.3,36.1,1
STU1278,21,Female,Electrical Eng,4,7.75,82.5,0,3,3,1,18,0,0,1,1,1,1,1,76.8,63.3,1
STU1279,21,Female,Electronics & Comm,3,8.34,93.6,0,1,1,0,10,1,0,0,1,0,0,1,81.8,82.0,1
STU1280,22,Male,Electronics & Comm,4,6.72,89.0,0,1,0,0,10,0,0,1,1,0,0,0,82.7,76.5,1
STU1281,20,Male,Computer Science,4,7.1,69.6,1,1,0,5,29,1,0,1,1,0,1,1,71.4,59.3,1
STU1282,20,Male,Computer Science,4,7.98,84.3,0,1,5,0,223,1,1,1,1,0,0,1,88.6,51.5,1
STU1283,19,Female,Electronics & Comm,4,7.98,71.4,0,0,2,10,7,1,1,1,1,1,1,1,58.5,81.4,1
STU1284,21,Female,Computer Science,4,8.16,83.0,0,1,4,1,274,1,1,1,1,1,0,1,86.0,57.2,1
STU1285,19,Male,Electronics & Comm,3,8.81,82.8,3,2,5,3,12,0,1,1,1,0,0,1,80.7,52.5,1
STU1286,21,Female,Electronics & Comm,3,6.03,64.2,2,1,5,6,15,0,0,0,0,1,1,1,68.6,80.0,1
STU1287,21,Male,Computer Science,3,6.53,76.8,2,2,4,1,33,1,1,1,0,1,0,0,71.1,69.6,1
STU1288,20,Male,Civil Eng,4,7.85,80.7,0,1,4,3,192,1,0,0,0,0,0,1,82.5,59.7,1
STU1289,21,Other,Mechanical Eng,3,6.8,73.6,0,4,1,1,8,1,1,0,1,0,0,1,77.3,69.9,1
STU1290,19,Male,Electrical Eng,4,10.0,81.1,2,0,1,1,10,1,0,1,0,1,0,1,71.7,71.7,1
STU1291,19,Male,Computer Science,3,8.17,86.1,0,0,2,1,131,1,1,1,0,0,1,1,61.7,64.2,1
STU1292,21,Female,Computer Science,4,7.51,77.7,3,1,2,4,70,1,0,0,1,1,0,1,55.1,67.3,1
STU1293,20,Female,Information Technology,3,7.03,80.2,0,1,0,1,236,1,1,0,1,0,0,1,69.5,32.6,1
STU1294,20,Male,Computer Science,3,7.07,91.8,2,0,3,1,81,1,0,1,0,1,0,0,52.0,63.4,1
STU1295,21,Female,Civil Eng,3,7.63,82.7,0,0,2,10,16,1,1,1,0,1,0,1,78.3,55.4,1
STU1296,21,Male,Computer Science,4,7.72,80.0,0,1,4,1,165,0,1,1,1,0,1,0,43.2,53.0,1
STU1297,20,Male,Information Technology,3,7.1,68.4,1,1,2,2,226,1,1,1,1,0,0,1,72.3,54.7,1
STU1298,21,Male,Information Technology,4,7.3,84.7,0,1,2,9,6,1,1,1,1,0,0,1,64.1,57.6,1
STU1299,19,Female,Electronics & Comm,3,9.08,81.3,0,2,2,1,10,0,0,1,0,0,0,1,61.8,60.5,1
STU1300,19,Male,Computer Science,4,9.12,90.8,0,2,2,1,57,1,1,1,1,1,1,1,64.1,67.5,1
STU1301,21,Female,Information Technology,4,7.88,78.5,0,1,5,4,61,1,1,1,1,0,0,1,27.6,54.0,1
STU1302,21,Female,Computer Science,3,6.12,59.8,5,1,1,1,55,1,0,1,1,1,1,0,61.8,72.8,0
STU1303,21,Other,Mechanical Eng,4,8.19,61.0,0,1,2,1,91,1,0,1,0,1,0,1,55.9,76.0,1
STU1304,21,Male,Computer Science,4,9.31,85.4,0,2,3,2,35,1,1,1,1,0,0,1,56.0,75.9,1
STU1305,23,Female,Mechanical Eng,3,9.11,72.3,0,2,2,3,52,1,1,1,0,0,1,0,100.0,79.0,1
STU1306,21,Male,Mechanical Eng,3,8.41,82.4,0,0,1,0,17,1,1,1,0,1,0,1,48.6,56.5,1
STU1307,20,Male,Computer Science,4,9.16,79.1,0,0,1,1,26,1,1,1,1,0,1,1,73.5,60.9,1
STU1308,21,Male,Electrical Eng,4,7.66,76.3,0,0,1,1,38,0,0,1,1,0,0,0,56.9,68.7,1
STU1309,20,Male,Computer Science,4,8.29,77.0,0,1,2,1,11,1,1,1,1,0,0,0,55.2,58.6,1
STU1310,20,Female,Civil Eng,4,6.85,69.3,0,1,4,3,43,1,0,0,1,0,0,1,49.1,47.6,1
STU1311,19,Male,Electronics & Comm,4,7.92,77.8,1,1,2,1,18,1,0,0,0,0,0,1,83.8,57.5,1
STU1312,19,Male,Information Technology,3,9.06,72.2,0,0,1,2,4,1,1,1,1,0,0,1,84.9,89.5,1
STU1313,22,Female,Information Technology,4,6.95,74.3,0,1,2,2,12,0,1,0,1,0,0,1,59.3,53.9,0
STU1314,21,Male,Computer Science,4,6.65,74.8,0,3,1,1,179,1,1,0,0,0,0,0,80.8,53.1,1
STU1315,21,Female,Civil Eng,4,7.71,75.7,1,1,4,1,4,0,0,0,1,0,0,1,53.5,56.8,0
STU1316,20,Male,Computer Science,4,7.35,87.2,0,0,2,1,38,1,0,1,1,1,1,1,62.4,73.4,1
STU1317,20,Female,Electronics & Comm,4,8.31,76.7,0,1,6,0,82,1,0,0,0,1,1,1,77.5,70.2,1
STU1318,20,Female,Information Technology,3,7.1,88.2,0,1,2,2,248,1,1,1,0,0,0,0,54.0,75.6,1
STU1319,20,Male,Civil Eng,4,9.49,93.4,0,2,3,3,64,1,0,0,0,0,0,1,57.6,100.0,1
STU1320,21,Male,Computer Science,4,6.18,86.5,2,1,1,1,78,1,1,1,0,0,1,0,68.3,77.3,0
STU1321,21,Male,Electronics & Comm,3,8.98,83.3,0,1,0,2,2,1,0,0,1,0,1,1,68.5,78.5,1
STU1322,21,Female,Information Technology,4,6.76,81.3,0,1,0,8,140,1,0,0,1,1,0,1,52.9,100.0,1
STU1323,20,Male,Electrical Eng,3,5.62,86.7,1,1,2,0,47,0,0,0,1,0,0,1,99.3,72.3,1
STU1324,22,Male,Computer Science,4,7.86,78.9,3,1,1,2,40,1,0,1,1,0,0,1,56.2,59.1,0
STU1325,21,Male,Computer Science,4,7.32,87.8,0,0,2,3,52,1,1,1,1,1,0,1,81.3,60.5,1
STU1326,21,Male,Computer Science,3,6.38,84.1,4,1,3,0,100,1,1,0,1,0,0,0,76.3,80.9,0
STU1327,21,Male,Electrical Eng,4,5.75,74.4,2,0,1,3,7,0,0,0,0,0,1,1,56.7,46.2,0
STU1328,20,Female,Computer Science,4,7.59,87.0,0,0,1,7,199,1,0,1,1,0,0,0,74.5,35.8,1
STU1329,20,Male,Electronics & Comm,4,8.67,78.9,0,1,4,0,1,0,0,1,1,0,0,1,56.2,52.7,1
STU1330,20,Male,Computer Science,3,8.24,76.9,2,0,2,4,175,1,1,1,0,0,0,1,69.0,77.3,1
STU1331,21,Female,Mechanical Eng,3,7.66,73.2,0,0,3,1,29,1,1,1,1,0,1,1,79.5,73.9,1
STU1332,19,Female,Civil Eng,4,8.13,79.7,1,1,2,0,34,1,1,1,1,1,1,1,60.2,62.6,1
STU1333,20,Male,Electronics & Comm,3,7.57,88.0,0,1,2,2,6,1,1,1,0,0,0,1,73.8,81.0,1
STU1334,19,Male,Information Technology,4,6.03,86.9,2,0,1,0,18,0,1,0,1,1,0,1,59.9,74.1,0
STU1335,19,Male,Computer Science,4,6.04,81.5,3,1,4,2,90,1,0,1,0,1,0,1,70.5,70.2,0
STU1336,22,Female,Computer Science,4,7.38,84.0,2,0,4,0,195,1,1,1,1,0,1,1,69.5,64.7,1
STU1337,21,Male,Computer Science,4,7.42,90.7,0,0,6,3,90,1,1,0,0,1,0,1,62.9,78.4,1
STU1338,21,Female,Electronics & Comm,4,8.54,76.5,0,1,2,2,6,1,1,1,1,0,1,0,42.4,76.3,1
STU1339,19,Female,Electronics & Comm,4,8.43,66.8,0,0,3,2,57,1,0,1,0,0,0,1,78.9,60.9,1
STU1340,21,Male,Civil Eng,4,8.27,91.0,0,4,2,1,34,0,0,0,0,0,1,1,95.9,77.2,1
STU1341,21,Male,Information Technology,4,7.29,72.7,0,0,2,1,55,1,1,1,1,0,0,1,70.0,55.2,1
STU1342,20,Male,Electronics & Comm,4,6.08,71.1,0,2,3,1,18,1,0,1,1,0,0,1,59.4,68.5,1
STU1343,20,Male,Information Technology,3,8.05,60.0,0,2,1,3,36,1,1,0,1,1,0,1,70.9,71.0,1
STU1344,20,Male,Electronics & Comm,3,8.18,83.7,0,4,1,1,17,1,0,0,0,1,0,0,84.0,60.0,1
STU1345,21,Female,Computer Science,4,5.0,61.8,4,1,1,2,50,1,0,0,1,0,1,0,85.9,67.0,0
STU1346,21,Female,Information Technology,4,6.68,70.5,0,2,3,1,74,1,0,1,1,0,0,0,80.8,74.1,1
STU1347,19,Female,Information Technology,4,6.84,83.9,0,3,2,3,14,1,1,1,0,1,1,1,74.2,48.8,1
STU1348,20,Female,Electrical Eng,4,7.73,85.2,4,0,2,2,63,0,1,0,0,0,1,0,77.5,67.8,0
STU1349,21,Male,Civil Eng,3,6.72,71.5,0,1,6,2,1,1,0,1,0,1,1,1,69.7,98.2,1
STU1350,21,Male,Information Technology,4,7.56,76.7,0,0,2,3,120,1,1,1,0,1,0,0,54.6,52.6,1
STU1351,22,Male,Computer Science,4,7.37,69.3,0,1,1,2,110,1,0,1,1,0,0,1,62.7,80.4,1
STU1352,21,Female,Information Technology,4,7.42,72.5,0,1,2,4,216,1,1,1,1,1,0,1,63.5,63.6,1
STU1353,20,Female,Electronics & Comm,4,6.81,80.7,0,0,3,3,56,1,1,1,1,1,0,1,72.1,82.7,1
STU1354,19,Female,Computer Science,3,6.9,73.0,0,2,0,2,34,1,1,1,1,0,0,1,43.3,54.1,1
STU1355,21,Male,Electrical Eng,4,6.41,75.6,0,0,2,4,12,1,0,0,0,0,0,1,75.2,65.1,1
STU1356,19,Male,Civil Eng,4,8.02,63.4,0,2,0,4,7,1,0,1,0,0,0,1,39.8,98.2,1
STU1357,21,Female,Civil Eng,3,8.23,89.3,2,0,2,2,27,1,1,1,0,0,0,1,73.8,62.4,1
STU1358,22,Male,Computer Science,4,6.75,83.1,0,1,1,0,124,1,1,1,1,0,0,0,84.4,74.5,1
STU1359,21,Female,Mechanical Eng,4,9.27,85.9,0,0,1,2,62,0,1,1,0,0,1,1,80.5,73.9,1
STU1360,20,Female,Electrical Eng,4,7.25,90.9,0,0,2,1,25,1,1,0,1,0,1,1,55.5,34.6,1
STU1361,21,Female,Information Technology,3,9.28,69.7,0,1,4,2,128,1,0,1,1,1,0,1,76.7,71.7,1
STU1362,21,Male,Electronics & Comm,3,6.89,74.4,0,0,3,3,0,0,0,1,0,1,0,1,77.9,46.4,1
STU1363,21,Male,Mechanical Eng,4,5.37,59.1,1,1,4,3,68,0,0,0,0,0,0,1,91.9,74.5,0
STU1364,22,Male,Information Technology,3,8.04,100.0,0,3,3,3,31,1,0,0,1,1,0,0,73.1,66.8,1
STU1365,20,Male,Information Technology,4,7.87,76.5,0,0,0,3,181,1,1,1,1,1,0,1,82.4,48.3,1
STU1366,22,Male,Information Technology,3,7.64,88.4,0,2,1,0,115,1,1,1,1,1,0,1,61.9,47.1,1
STU1367,22,Female,Electronics & Comm,4,6.89,65.6,0,0,4,1,3,0,0,1,1,0,0,1,56.1,63.9,1
STU1368,20,Female,Computer Science,4,7.56,88.0,1,0,3,3,111,1,1,1,1,1,0,0,80.1,100.0,1
STU1369,19,Male,Mechanical Eng,4,7.04,96.6,0,0,6,2,34,1,1,1,1,0,1,1,80.3,89.3,1
STU1370,20,Male,Electronics & Comm,3,7.27,77.4,0,4,1,3,25,1,0,0,0,0,0,1,59.1,70.4,1
STU1371,19,Male,Electronics & Comm,4,8.53,67.9,0,0,1,0,8,1,1,1,0,1,0,1,51.0,72.7,1
STU1372,19,Male,Computer Science,4,7.8,76.6,0,2,2,1,106,1,0,1,1,0,0,1,69.7,74.0,1
STU1373,21,Female,Electronics & Comm,3,8.27,55.7,0,4,2,2,14,1,1,0,1,0,0,1,68.6,57.0,1
STU1374,19,Male,Computer Science,4,7.34,77.6,0,1,1,2,120,1,1,1,1,1,0,1,71.3,54.6,1
STU1375,20,Male,Computer Science,3,7.22,86.2,0,1,2,1,72,1,1,1,1,0,0,1,80.4,77.8,1
STU1376,21,Male,Electronics & Comm,4,6.33,77.6,4,2,3,2,9,0,0,1,0,1,1,1,82.4,56.0,0
STU1377,19,Female,Information Technology,4,7.19,75.2,2,1,1,0,41,1,0,0,1,1,0,0,68.1,86.6,1
STU1378,21,Female,Electronics & Comm,3,5.0,83.3,1,0,0,0,22,1,0,1,0,0,1,1,54.1,44.7,0
STU1379,20,Male,Computer Science,4,6.95,84.0,1,1,3,0,22,1,1,0,1,0,1,1,57.8,51.5,1
STU1380,20,Male,Information Technology,4,7.51,61.4,0,2,2,2,132,1,1,1,1,1,1,1,59.6,86.2,1
STU1381,21,Female,Computer Science,3,8.22,78.9,0,2,2,4,29,1,1,1,1,1,0,1,66.3,60.7,1
STU1382,21,Female,Civil Eng,4,7.3,100.0,0,0,2,1,36,1,0,0,1,1,0,1,60.8,63.2,1
STU1383,22,Male,Electronics & Comm,4,7.98,64.6,0,0,4,0,1,1,0,0,0,0,0,1,64.6,74.7,1
STU1384,21,Female,Electronics & Comm,4,5.2,77.1,4,3,2,3,68,0,0,1,0,0,0,1,69.0,82.4,0
STU1385,21,Female,Information Technology,4,7.54,97.4,1,0,4,4,96,1,1,1,1,0,1,1,59.0,74.1,1
STU1386,20,Female,Computer Science,3,5.75,89.0,3,2,2,0,235,1,0,1,1,1,0,0,72.5,69.3,1
STU1387,20,Female,Civil Eng,3,6.27,72.9,0,0,1,1,8,0,1,0,0,1,1,0,93.6,77.0,1
STU1388,21,Female,Computer Science,4,7.39,80.1,0,2,2,1,144,0,1,1,1,0,1,1,65.7,71.1,1
STU1389,21,Male,Information Technology,3,9.0,78.0,0,2,2,0,300,1,0,1,1,1,0,1,58.5,81.3,1
STU1390,23,Female,Electronics & Comm,4,8.01,70.5,0,0,2,3,56,1,1,0,1,0,1,0,72.3,100.0,1
STU1391,20,Male,Computer Science,3,7.62,77.3,0,0,3,7,73,1,1,1,0,0,1,1,56.9,72.6,1
STU1392,20,Female,Electrical Eng,4,7.58,75.2,0,1,1,3,4,0,0,1,1,0,0,0,65.9,52.1,1
STU1393,21,Male,Electronics & Comm,4,6.82,79.1,0,0,3,8,14,1,1,1,0,0,0,1,58.5,80.6,1
STU1394,20,Female,Computer Science,4,7.0,70.5,0,1,3,2,166,1,1,0,1,0,0,1,53.0,62.8,1
STU1395,22,Female,Computer Science,3,8.07,65.2,0,1,3,5,173,1,1,1,1,1,1,1,55.7,70.1,1
STU1396,22,Male,Computer Science,3,6.08,77.6,0,0,2,1,168,1,0,1,1,0,1,1,58.7,70.5,1
STU1397,20,Female,Mechanical Eng,3,8.25,95.2,1,1,6,0,82,1,1,0,0,0,1,1,53.4,56.3,1
STU1398,21,Female,Electronics & Comm,3,7.17,78.8,0,2,2,3,55,0,1,0,0,0,1,0,85.9,59.4,1
STU1399,21,Female,Computer Science,3,8.51,74.7,0,1,1,1,34,1,1,1,1,1,1,1,74.0,30.4,1
STU1400,20,Male,Computer Science,4,8.66,85.5,1,0,3,1,0,1,1,1,1,1,1,1,81.2,63.5,1
STU1401,22,Male,Electronics & Comm,4,5.76,76.4,5,1,1,3,40,0,1,0,1,0,0,1,49.0,73.4,0
STU1402,21,Female,Electronics & Comm,4,6.96,96.7,0,2,3,1,0,0,1,1,0,1,0,0,63.9,65.2,1
STU1403,21,Male,Information Technology,4,6.66,78.0,0,1,1,2,36,1,1,0,1,1,1,1,73.9,58.1,1
STU1404,20,Female,Information Technology,4,5.61,85.0,1,0,0,1,167,1,1,1,1,0,1,1,91.1,70.7,1
STU1405,22,Male,Computer Science,4,6.46,70.5,5,0,1,4,5,1,0,1,1,0,0,1,57.5,50.9,0
STU1406,20,Male,Electronics & Comm,4,10.0,83.0,1,2,2,1,12,0,1,1,1,0,0,1,50.0,49.1,1
STU1407,19,Male,Civil Eng,4,8.27,80.8,0,2,1,2,114,0,0,1,0,0,0,0,70.7,72.9,1
STU1408,22,Female,Computer Science,4,9.71,77.4,0,1,1,0,252,1,1,1,0,1,1,1,58.6,73.7,1
STU1409,19,Male,Electronics & Comm,3,8.51,73.0,0,0,3,4,75,0,0,0,1,1,0,1,91.9,72.7,1
STU1410,20,Male,Information Technology,3,6.78,71.6,0,1,3,3,10,1,0,0,1,0,1,1,75.6,60.5,1
STU1411,22,Male,Information Technology,4,7.18,80.8,0,2,3,1,101,1,1,1,1,0,0,1,64.0,81.4,1
STU1412,22,Male,Computer Science,3,8.25,84.3,0,1,4,1,204,1,1,1,1,0,0,1,64.0,48.1,1
STU1413,21,Female,Mechanical Eng,4,8.08,76.7,5,0,2,1,27,1,1,1,0,0,0,1,66.2,60.5,0
STU1414,21,Female,Information Technology,4,6.96,80.9,0,1,4,2,106,1,0,0,1,0,0,0,42.5,76.2,1
STU1415,20,Male,Electronics & Comm,3,5.94,77.6,2,2,2,2,3,1,1,1,1,0,0,0,68.6,77.9,1
STU1416,20,Female,Information Technology,3,10.0,79.0,0,0,2,1,25,1,1,1,1,1,0,1,61.2,53.4,1
STU1417,20,Male,Computer Science,4,7.44,76.0,0,1,3,3,155,1,1,1,1,1,1,0,76.9,97.1,1
STU1418,21,Female,Computer Science,4,7.24,78.2,0,1,1,5,31,1,1,0,0,0,1,1,55.4,63.0,1
STU1419,21,Female,Electrical Eng,3,7.72,100.0,1,1,3,0,46,1,0,1,0,1,0,1,77.6,66.3,1
STU1420,21,Female,Computer Science,4,7.33,81.1,0,1,2,2,30,1,1,1,0,0,0,0,75.6,79.7,1
STU1421,21,Male,Electronics & Comm,4,7.74,84.5,0,1,1,2,2,1,0,0,1,0,0,1,70.2,88.3,1
STU1422,19,Female,Information Technology,3,9.02,82.4,1,0,1,2,0,1,1,1,0,1,0,1,85.6,65.9,1
STU1423,21,Male,Information Technology,3,7.46,75.4,0,0,1,0,33,1,1,1,0,0,1,1,41.6,82.6,1
STU1424,19,Other,Information Technology,4,6.32,90.9,4,1,4,1,53,1,1,1,0,0,0,0,74.2,58.2,0
STU1425,21,Male,Information Technology,3,7.42,75.1,2,0,6,0,90,1,0,1,1,1,1,1,67.4,90.0,1
STU1426,20,Female,Computer Science,4,7.09,88.6,2,1,2,2,91,1,1,1,1,0,1,1,67.0,65.6,1
STU1427,22,Female,Information Technology,4,9.17,74.7,0,1,1,3,79,1,0,1,1,1,1,1,54.3,69.7,1
STU1428,20,Female,Electronics & Comm,4,8.89,68.4,0,0,1,1,27,1,1,0,0,0,0,1,48.1,59.8,1
STU1429,20,Male,Electronics & Comm,4,7.72,81.7,4,1,3,1,61,0,0,0,1,0,0,1,80.5,68.2,0
STU1430,20,Female,Computer Science,4,6.19,67.0,1,1,1,1,45,1,1,0,1,1,1,1,79.0,54.0,1
STU1431,21,Male,Information Technology,4,6.25,83.4,1,0,4,4,22,1,0,0,0,0,0,1,93.2,64.1,1
STU1432,21,Female,Computer Science,3,7.62,66.1,1,1,3,1,73,1,1,1,1,0,0,0,95.5,65.3,1
STU1433,20,Male,Computer Science,4,7.97,74.8,0,2,4,2,124,1,1,1,1,1,1,1,46.3,49.2,1
STU1434,19,Male,Computer Science,4,7.19,63.7,0,1,2,4,1,1,0,1,1,0,1,1,65.8,56.4,1
STU1435,21,Female,Mechanical Eng,3,7.07,100.0,1,1,3,4,13,1,0,1,0,0,1,1,71.5,33.5,0
STU1436,19,Male,Computer Science,4,6.95,61.5,1,0,2,3,157,1,1,1,1,0,0,0,81.5,46.4,1
STU1437,21,Male,Computer Science,3,7.57,78.1,0,0,3,1,64,1,1,1,1,0,0,0,88.0,64.8,1
STU1438,21,Male,Computer Science,3,5.0,89.4,1,0,3,4,47,0,0,0,1,1,0,0,53.6,79.4,0
STU1439,19,Male,Computer Science,3,6.39,88.4,1,2,2,3,240,1,0,1,1,1,1,1,60.4,59.6,1
STU1440,19,Female,Electronics & Comm,4,6.91,86.5,0,1,2,3,98,0,1,0,1,0,0,0,87.2,64.5,1
STU1441,23,Female,Computer Science,4,8.93,74.8,0,0,4,0,86,1,1,0,1,0,0,1,44.6,82.4,1
STU1442,20,Male,Computer Science,3,6.7,91.5,0,2,4,0,38,1,0,1,1,0,0,1,52.9,77.5,1
STU1443,20,Male,Electronics & Comm,3,7.8,87.1,0,0,3,3,35,1,0,0,0,0,1,1,74.1,77.3,1
STU1444,21,Male,Information Technology,3,7.85,80.1,0,0,0,6,22,1,1,1,0,1,0,1,96.8,66.8,1
STU1445,22,Male,Electrical Eng,4,9.03,80.4,1,1,1,3,9,1,1,0,0,1,0,1,44.5,57.6,1
STU1446,23,Female,Electronics & Comm,3,8.99,75.0,0,0,4,4,0,0,0,1,0,1,0,0,68.8,70.9,1
STU1447,21,Female,Computer Science,4,7.54,68.9,0,1,0,2,81,1,1,0,1,1,0,1,75.8,84.2,1
STU1448,20,Male,Electronics & Comm,3,7.08,90.4,0,0,1,1,26,1,1,0,1,0,1,0,88.6,92.1,1
STU1449,19,Male,Computer Science,4,6.87,91.1,1,1,1,3,143,1,1,1,1,1,1,0,74.3,100.0,1
STU1450,21,Male,Electronics & Comm,3,7.33,69.2,0,2,2,3,18,1,1,0,0,0,0,1,42.2,87.9,1
STU1451,21,Female,Information Technology,4,7.12,76.5,0,2,2,3,13,0,1,1,0,0,1,0,50.0,65.7,1
STU1452,20,Female,Computer Science,3,8.21,76.6,0,2,1,6,56,1,1,0,1,0,1,1,87.2,47.0,1
STU1453,22,Male,Electronics & Comm,3,8.06,77.7,0,2,1,1,110,1,0,0,1,0,0,1,74.2,74.0,1
STU1454,20,Male,Mechanical Eng,4,8.25,78.6,2,1,3,0,24,0,1,1,0,0,1,1,52.2,81.4,1
STU1455,21,Female,Civil Eng,4,8.99,87.5,2,1,4,5,13,0,1,1,1,0,1,1,74.9,26.7,1
STU1456,19,Female,Electronics & Comm,4,9.65,70.5,0,1,0,1,5,0,1,1,0,0,0,1,72.3,42.8,1
STU1457,21,Male,Information Technology,4,7.74,69.5,0,2,1,3,14,1,1,0,1,0,0,1,33.1,58.1,1
STU1458,19,Male,Computer Science,4,8.81,90.4,1,1,3,4,217,1,1,0,1,0,1,1,38.6,53.5,1
STU1459,20,Male,Computer Science,4,7.21,73.4,2,0,3,1,142,1,0,0,1,0,0,1,72.4,40.9,1
STU1460,20,Female,Information Technology,3,8.9,65.4,0,2,3,4,64,1,1,1,1,1,0,0,96.5,70.7,1
STU1461,21,Male,Information Technology,4,8.77,73.1,0,2,3,1,41,0,1,1,1,0,0,1,71.7,83.6,1
STU1462,21,Male,Mechanical Eng,4,8.71,74.7,0,2,4,4,6,1,1,0,1,0,0,1,33.7,62.2,1
STU1463,21,Female,Information Technology,4,7.7,93.5,0,0,1,0,209,1,1,1,1,1,0,0,45.4,40.1,1
STU1464,22,Male,Information Technology,4,6.86,87.2,0,0,1,3,18,1,1,1,1,0,1,1,76.8,68.1,1
STU1465,20,Female,Information Technology,3,6.07,89.5,3,0,2,3,148,1,1,1,1,0,0,1,78.3,48.4,0
STU1466,20,Male,Mechanical Eng,3,7.56,86.2,1,1,3,2,20,1,1,0,0,0,0,1,65.3,49.9,1
STU1467,22,Male,Electronics & Comm,4,9.29,87.5,1,0,2,3,61,1,0,0,0,1,1,1,61.2,79.4,1
STU1468,20,Female,Electronics & Comm,4,7.26,71.1,0,1,5,5,32,0,0,0,1,1,0,0,79.1,83.0,1
STU1469,22,Male,Information Technology,3,8.46,76.0,0,0,3,3,23,1,1,1,1,1,0,1,83.5,60.7,1
STU1470,19,Female,Electrical Eng,4,8.53,68.1,0,0,3,7,106,1,1,1,0,1,1,1,77.7,76.0,1
STU1471,22,Female,Computer Science,4,7.29,75.9,0,1,0,2,74,1,0,0,1,0,0,1,54.6,48.9,1
STU1472,19,Male,Mechanical Eng,3,9.05,84.8,2,2,1,2,12,1,1,1,0,1,1,1,80.6,72.9,1
STU1473,22,Female,Electronics & Comm,4,5.0,79.3,1,0,3,1,18,1,1,0,1,0,1,0,63.1,59.2,0
STU1474,21,Male,Information Technology,4,6.25,91.1,3,1,1,8,30,1,1,1,1,0,0,1,59.6,45.1,0
STU1475,23,Female,Information Technology,4,6.59,66.6,0,0,0,0,8,0,1,1,0,1,0,1,59.0,51.4,1
STU1476,19,Male,Electronics & Comm,4,6.7,83.0,0,0,4,1,46,1,1,0,0,1,0,1,68.3,71.2,1
STU1477,21,Female,Computer Science,4,7.97,65.5,0,1,4,1,75,1,1,1,1,0,0,0,76.0,42.8,1
STU1478,22,Male,Mechanical Eng,4,7.92,78.9,0,2,1,1,61,0,1,0,0,0,1,0,39.7,60.8,1
STU1479,21,Male,Information Technology,4,8.03,85.4,0,2,3,5,55,1,0,1,0,1,1,0,57.8,81.0,1
STU1480,21,Female,Information Technology,4,8.26,75.9,0,1,0,1,80,1,1,1,1,1,0,1,61.5,57.6,1
STU1481,21,Female,Computer Science,4,6.55,83.5,0,2,1,5,67,0,1,0,1,0,1,1,82.5,41.9,1
STU1482,21,Male,Information Technology,4,6.26,68.4,5,0,2,2,13,1,1,1,0,1,0,0,55.9,60.8,0
STU1483,21,Male,Information Technology,4,8.04,61.4,1,0,3,4,20,1,1,1,1,0,1,0,63.4,75.2,1
STU1484,21,Female,Information Technology,3,6.91,83.6,3,0,0,2,14,1,1,0,1,1,0,1,79.3,45.5,0
STU1485,22,Female,Electronics & Comm,3,5.87,95.4,3,2,2,1,11,1,1,0,0,0,0,0,68.6,82.8,0
STU1486,19,Male,Information Technology,3,8.67,68.0,1,0,1,2,68,1,1,1,0,0,1,0,89.5,76.4,1
STU1487,20,Male,Civil Eng,3,9.13,90.2,0,0,6,2,49,1,0,0,1,1,0,0,65.9,70.3,1
STU1488,22,Male,Electronics & Comm,4,9.31,78.4,0,1,3,1,85,1,0,1,0,1,0,1,94.4,73.7,1
STU1489,22,Female,Electrical Eng,4,7.81,64.6,0,0,2,1,3,0,1,1,0,0,0,1,96.9,66.9,1
STU1490,21,Male,Computer Science,4,8.29,66.7,1,0,0,1,76,0,1,0,1,0,0,0,74.4,70.0,1
STU1491,21,Male,Information Technology,4,9.11,78.2,0,0,2,1,7,1,0,1,1,1,1,1,73.9,66.1,1
STU1492,20,Female,Information Technology,4,6.89,74.0,0,0,3,3,123,1,1,1,0,1,1,1,75.8,78.2,1
STU1493,20,Male,Electronics & Comm,4,8.82,64.9,2,1,3,1,223,0,0,0,0,0,0,1,79.4,84.4,1
STU1494,21,Male,Mechanical Eng,4,7.9,61.1,0,1,1,3,46,1,0,0,0,1,0,1,69.7,52.7,1
STU1495,20,Male,Computer Science,4,8.61,69.5,3,0,6,8,194,1,1,1,0,1,0,1,84.4,54.5,1
STU1496,21,Male,Computer Science,4,7.8,79.9,0,0,2,1,128,1,1,0,0,0,1,1,75.0,59.1,1
STU1497,19,Male,Mechanical Eng,4,9.03,77.9,0,2,1,2,3,0,0,1,0,0,1,1,87.4,55.9,1
STU1498,23,Male,Computer Science,3,7.85,73.0,0,1,2,1,38,1,1,1,0,0,0,1,47.7,82.0,1
STU1499,23,Male,Electronics & Comm,4,5.97,80.0,3,1,2,1,33,1,0,0,0,1,0,0,71.0,42.5,0
STU1500,21,Female,Electronics & Comm,4,9.2,88.4,0,1,4,3,18,1,0,0,1,1,0,1,82.2,73.1,1
STU1501,21,Female,Mechanical Eng,3,6.56,81.9,1,0,3,1,4,1,0,1,1,1,0,1,52.0,85.8,1
STU1502,20,Female,Computer Science,4,8.98,76.8,1,3,2,1,72,1,1,1,1,1,0,1,74.0,56.3,1
STU1503,21,Male,Computer Science,3,7.5,87.3,0,1,1,1,41,1,1,1,1,1,1,1,76.5,87.1,1
STU1504,21,Male,Electronics & Comm,3,8.89,68.4,0,0,1,4,85,1,1,1,1,0,0,1,92.2,82.4,1
STU1505,20,Male,Civil Eng,4,8.85,75.8,0,1,2,3,4,1,0,0,1,0,0,1,63.2,59.8,1
STU1506,22,Male,Information Technology,4,8.07,76.0,0,0,3,6,15,1,0,0,0,1,0,0,71.0,77.3,0
STU1507,21,Male,Information Technology,4,8.16,65.6,0,0,3,5,92,1,1,1,1,0,1,1,60.2,52.6,1
STU1508,22,Female,Electronics & Comm,4,8.06,73.8,0,3,1,1,44,0,1,0,0,1,1,1,66.0,48.5,1
STU1509,21,Male,Civil Eng,4,5.38,57.3,1,2,1,0,32,0,1,1,0,1,1,0,90.7,58.0,1
STU1510,21,Male,Mechanical Eng,4,7.73,97.1,1,0,2,1,105,1,1,0,1,1,0,1,67.6,85.3,1
STU1511,20,Male,Civil Eng,4,6.37,68.6,1,1,4,2,2,1,1,1,0,0,1,1,58.1,58.1,1
STU1512,22,Female,Computer Science,4,7.79,93.9,0,2,2,2,241,1,1,1,1,1,0,1,65.4,65.6,1
STU1513,22,Male,Computer Science,3,6.34,78.4,2,0,2,0,281,1,1,0,1,0,1,1,60.7,49.9,0
STU1514,19,Female,Electronics & Comm,4,6.3,83.6,3,1,2,0,31,0,1,0,1,1,1,1,61.8,78.0,0
STU1515,19,Male,Mechanical Eng,4,9.37,73.1,0,1,1,0,77,1,0,0,1,0,0,0,60.5,77.5,1
STU1516,20,Female,Computer Science,4,8.78,80.1,0,1,2,4,68,1,0,1,1,0,0,1,61.0,54.4,1
STU1517,21,Female,Computer Science,4,7.6,84.5,1,1,3,6,76,0,1,1,1,1,1,1,51.4,30.2,1
STU1518,23,Male,Electrical Eng,4,7.8,84.6,0,1,5,0,67,1,1,1,0,0,1,1,69.0,59.6,1
STU1519,20,Male,Computer Science,4,7.33,85.7,0,3,2,1,61,1,0,1,1,1,0,1,54.3,71.6,1
STU1520,21,Male,Information Technology,4,8.23,74.3,0,0,1,0,47,1,0,1,1,1,1,0,84.0,64.8,1
STU1521,20,Male,Electronics & Comm,3,6.86,73.2,1,2,3,4,77,0,1,0,0,0,0,0,63.6,66.2,1
STU1522,22,Female,Electronics & Comm,4,8.69,62.1,0,0,3,6,5,1,1,0,0,1,1,1,73.7,70.2,1
STU1523,21,Female,Electrical Eng,4,7.32,83.2,0,0,0,1,1,0,1,0,0,0,0,1,73.7,57.3,1
STU1524,21,Female,Information Technology,4,7.14,88.8,0,0,4,1,99,1,1,0,1,1,1,0,42.3,46.2,1
STU1525,21,Female,Electronics & Comm,4,7.62,94.2,2,1,3,1,19,0,1,0,1,0,1,1,64.3,76.1,1
STU1526,20,Male,Electronics & Comm,3,6.95,81.1,0,0,2,2,3,1,1,0,0,1,0,1,92.1,51.7,1
STU1527,20,Male,Electronics & Comm,4,7.96,70.3,0,2,2,3,67,1,0,0,0,0,1,1,57.1,47.0,1
STU1528,19,Female,Electronics & Comm,4,7.01,61.0,0,1,3,2,21,0,1,1,1,0,0,1,99.8,72.5,1
STU1529,22,Male,Computer Science,3,8.12,88.4,0,0,3,6,139,1,1,0,1,1,0,0,75.6,48.4,1
STU1530,21,Female,Computer Science,3,8.94,60.0,0,1,0,0,3,0,1,1,0,0,1,0,75.2,52.7,1
STU1531,23,Male,Computer Science,3,6.81,74.6,0,2,1,4,300,1,1,0,1,1,0,0,71.4,88.7,1
STU1532,23,Male,Computer Science,4,7.46,75.8,1,1,1,1,159,1,1,1,1,0,0,1,82.6,88.8,1
STU1533,21,Other,Electronics & Comm,4,8.11,77.3,1,0,3,1,95,1,0,0,0,0,0,1,83.4,82.9,1
STU1534,21,Male,Mechanical Eng,4,7.12,78.4,2,2,2,3,141,1,1,1,0,0,0,0,67.7,76.4,1
STU1535,22,Other,Electrical Eng,4,8.11,79.4,0,2,2,5,22,1,1,1,0,0,1,1,62.0,82.3,1
STU1536,21,Female,Electrical Eng,4,8.21,53.8,4,1,3,3,184,1,1,1,1,1,1,1,48.1,94.4,1
STU1537,20,Female,Information Technology,3,8.79,78.1,0,0,2,3,74,1,1,0,1,1,1,1,79.4,81.4,1
STU1538,21,Female,Information Technology,4,6.93,55.7,0,1,3,3,29,1,1,1,0,1,0,1,68.9,68.8,1
STU1539,20,Female,Information Technology,4,6.56,85.3,0,2,2,1,42,1,1,1,0,1,1,0,56.2,78.1,1
STU1540,22,Female,Computer Science,4,7.26,72.4,1,0,2,3,55,1,1,0,1,1,1,1,59.9,58.0,1
STU1541,21,Male,Computer Science,4,6.54,56.4,0,0,2,4,134,1,1,1,0,1,0,1,67.0,67.2,1
STU1542,20,Male,Electronics & Comm,4,8.22,69.9,1,2,5,2,103,0,0,0,1,0,0,1,54.3,67.9,1
STU1543,21,Female,Civil Eng,4,6.32,72.3,4,0,3,2,63,1,1,0,1,1,0,1,68.7,62.9,0
STU1544,21,Male,Computer Science,4,10.0,89.9,0,3,0,3,32,1,1,1,0,1,0,1,45.3,60.3,1
STU1545,20,Male,Computer Science,4,9.03,80.0,1,0,5,4,70,1,1,0,1,1,0,1,60.5,84.3,1
STU1546,20,Male,Electrical Eng,3,7.61,81.4,0,1,3,1,74,0,0,0,0,0,0,0,51.7,50.7,1
STU1547,21,Female,Computer Science,4,8.55,89.8,0,0,1,4,27,1,1,1,1,0,0,0,70.8,67.2,1
STU1548,21,Female,Mechanical Eng,4,5.8,77.0,5,2,0,4,31,1,1,0,0,0,1,0,54.3,45.7,0
STU1549,21,Male,Electrical Eng,3,10.0,85.5,0,2,1,1,49,1,1,0,0,1,0,1,60.2,34.9,1
STU1550,21,Female,Civil Eng,3,6.95,84.8,0,3,2,3,57,0,0,1,0,0,0,0,99.6,82.9,1
STU1551,22,Female,Information Technology,3,7.47,65.1,0,1,2,1,38,1,1,1,0,1,0,1,80.1,84.3,1
STU1552,21,Female,Electronics & Comm,4,5.56,92.7,0,0,1,0,42,0,0,0,0,0,1,1,76.4,57.7,1
STU1553,21,Female,Information Technology,4,8.13,63.8,0,0,2,2,151,1,0,0,1,1,0,0,86.2,65.8,1
STU1554,22,Female,Electronics & Comm,4,6.38,87.2,1,1,1,5,26,1,1,0,0,1,0,0,75.2,60.7,1
STU1555,20,Male,Information Technology,3,7.71,62.8,0,1,0,0,123,1,1,1,0,0,1,1,48.3,60.7,1
STU1556,20,Female,Computer Science,4,7.0,84.0,0,3,2,4,50,1,1,1,1,0,1,0,49.6,57.7,1
STU1557,19,Male,Electronics & Comm,4,6.41,96.6,2,1,2,2,4,0,1,0,0,0,1,1,30.1,71.9,0
STU1558,21,Female,Electronics & Comm,3,6.72,75.9,0,1,2,4,58,1,1,1,0,1,0,0,70.8,59.3,1
STU1559,21,Other,Electrical Eng,4,7.85,75.4,0,3,5,4,10,0,1,0,0,1,0,0,53.2,71.2,1
STU1560,21,Male,Electrical Eng,4,6.19,84.1,2,0,1,4,30,0,1,0,0,0,1,0,60.0,90.0,0
STU1561,20,Male,Electronics & Comm,3,6.78,74.7,2,2,0,3,4,1,1,0,0,0,1,1,63.5,70.8,1
STU1562,20,Female,Computer Science,4,8.33,96.2,0,1,0,4,24,1,1,1,1,1,0,0,59.5,66.9,1
STU1563,19,Male,Electrical Eng,4,10.0,79.9,1,2,2,1,115,1,0,1,1,0,0,1,67.5,56.4,1
STU1564,20,Female,Electronics & Comm,3,8.13,74.8,2,0,3,1,51,1,1,0,0,0,1,0,64.0,64.8,0
STU1565,21,Male,Mechanical Eng,3,6.59,72.6,0,0,2,1,10,0,1,0,0,0,0,1,62.6,39.9,0
STU1566,20,Male,Mechanical Eng,3,7.2,68.7,0,0,2,3,142,1,0,0,1,0,0,1,46.3,88.1,1
STU1567,20,Female,Computer Science,3,7.63,71.7,0,3,2,1,84,1,1,1,1,0,1,1,71.4,50.6,1
STU1568,22,Female,Mechanical Eng,4,7.22,74.5,0,2,1,1,23,0,0,1,1,0,0,1,98.5,36.2,1
STU1569,20,Female,Computer Science,4,8.59,73.1,0,0,2,4,72,1,1,1,0,0,1,1,71.9,63.4,1
STU1570,21,Male,Information Technology,3,7.84,71.4,0,4,2,3,6,1,0,0,1,0,0,1,99.8,70.3,1
STU1571,21,Female,Electronics & Comm,4,8.6,99.0,0,1,1,4,3,0,1,0,0,0,0,1,60.0,84.9,1
STU1572,20,Female,Computer Science,4,7.25,67.7,0,2,3,0,11,1,1,1,1,1,0,1,64.5,68.7,1
STU1573,21,Female,Electrical Eng,3,9.06,79.5,3,0,2,1,18,1,1,0,0,0,0,1,67.7,78.9,1
STU1574,22,Female,Computer Science,3,7.42,83.9,0,1,1,1,38,1,1,1,0,0,0,1,65.6,78.9,1
STU1575,22,Female,Computer Science,4,6.53,84.3,2,1,2,0,158,1,0,1,1,0,0,1,84.3,77.5,1
STU1576,20,Male,Electronics & Comm,4,10.0,77.4,0,0,5,1,36,1,0,1,0,1,1,0,37.3,48.0,1
STU1577,22,Male,Electrical Eng,3,5.59,75.6,1,1,0,1,56,0,0,0,0,0,0,1,61.6,72.7,0
STU1578,21,Female,Mechanical Eng,3,6.79,82.5,0,1,1,0,11,0,1,0,1,0,0,1,91.3,44.2,1
STU1579,20,Male,Electrical Eng,4,6.91,80.7,5,0,2,2,57,0,0,1,1,1,1,1,61.0,94.9,0
STU1580,21,Female,Electronics & Comm,4,10.0,75.4,0,0,2,1,71,1,1,1,0,0,1,1,81.0,75.5,1
STU1581,23,Male,Information Technology,3,9.59,62.4,0,3,1,0,83,1,0,1,1,1,0,1,76.5,55.6,1
STU1582,21,Female,Computer Science,4,9.24,73.3,1,0,4,3,135,1,1,1,1,1,1,1,67.0,70.6,1
STU1583,20,Female,Computer Science,4,7.24,66.5,0,0,3,3,38,1,1,1,1,1,0,1,72.4,49.8,1
STU1584,21,Male,Electronics & Comm,4,10.0,71.3,0,1,4,4,75,1,0,0,0,0,0,1,66.8,41.7,1
STU1585,20,Male,Electronics & Comm,4,8.01,78.3,2,1,2,2,24,0,0,1,0,0,0,1,38.2,78.2,1
STU1586,19,Male,Information Technology,4,8.67,81.6,1,1,3,7,2,1,1,1,1,0,0,1,74.4,50.3,1
STU1587,20,Female,Electrical Eng,4,7.8,95.8,0,2,2,5,61,0,1,1,0,0,0,1,59.4,62.3,1
STU1588,20,Female,Electronics & Comm,4,7.55,72.6,0,0,1,2,1,1,0,0,0,0,1,1,48.7,68.1,0
STU1589,20,Male,Computer Science,4,7.32,85.7,3,1,4,2,29,1,1,1,1,1,0,0,73.4,62.3,1
STU1590,20,Female,Computer Science,4,7.37,81.1,4,2,0,0,300,1,1,1,1,0,0,1,72.5,49.6,1
STU1591,21,Male,Mechanical Eng,4,8.27,91.0,0,2,5,3,118,1,0,0,0,0,0,0,81.7,65.9,1
STU1592,20,Male,Electrical Eng,3,8.0,83.8,1,1,2,2,71,1,0,0,0,0,0,0,64.3,67.2,1
STU1593,20,Female,Mechanical Eng,3,7.57,67.9,0,0,6,6,4,0,1,0,0,0,1,0,80.0,78.1,1
STU1594,22,Male,Computer Science,4,9.26,60.8,0,1,2,2,111,1,1,1,1,1,1,1,68.3,100.0,1
STU1595,21,Male,Civil Eng,3,5.0,81.1,0,0,3,9,38,0,0,0,0,0,0,1,72.8,35.4,1
STU1596,21,Male,Computer Science,4,8.16,72.7,0,2,0,4,6,1,1,0,1,1,0,1,74.0,53.0,1
STU1597,20,Male,Computer Science,4,8.39,68.2,0,0,2,6,48,1,1,1,1,0,0,0,49.4,68.3,1
STU1598,20,Male,Civil Eng,4,8.86,65.3,0,0,3,1,78,0,1,0,0,0,1,1,73.3,80.2,1
STU1599,19,Male,Computer Science,4,7.53,79.6,0,1,3,0,7,1,1,1,1,0,0,1,69.5,70.2,1
STU1600,20,Female,Electronics & Comm,3,7.83,93.1,0,1,1,4,99,1,1,0,0,1,0,1,64.2,81.8,1
STU1601,20,Male,Computer Science,4,8.68,73.9,0,1,2,4,86,1,1,1,1,0,0,1,69.6,42.8,1
STU1602,20,Female,Electronics & Comm,4,9.24,83.9,4,1,2,1,1,0,0,1,1,0,0,0,100.0,60.2,0
STU1603,19,Male,Mechanical Eng,4,7.27,77.0,1,1,1,3,92,0,1,0,0,0,0,1,41.1,86.9,1
STU1604,20,Male,Information Technology,4,7.89,65.1,0,1,2,2,92,1,1,0,1,1,1,1,66.2,52.1,1
STU1605,21,Female,Electronics & Comm,3,9.45,85.3,2,1,3,0,2,1,1,1,0,0,0,1,79.4,21.5,1
STU1606,20,Female,Computer Science,4,5.26,67.1,1,0,1,2,183,1,1,1,1,1,1,1,50.6,52.7,0
STU1607,20,Male,Electronics & Comm,4,6.84,78.2,0,1,2,6,19,1,1,1,1,0,0,1,73.2,71.6,1
STU1608,21,Female,Information Technology,3,9.21,74.6,3,1,5,2,300,1,0,1,1,1,0,1,72.2,63.9,1
STU1609,21,Female,Computer Science,4,8.8,86.9,0,1,0,4,82,1,1,1,1,0,0,0,45.8,45.7,1
STU1610,19,Female,Information Technology,4,8.17,67.4,0,1,2,0,108,1,1,1,0,1,1,0,59.8,54.2,1
STU1611,21,Male,Computer Science,3,7.11,81.9,0,1,3,3,177,1,1,0,1,1,0,1,93.0,45.0,1
STU1612,21,Male,Mechanical Eng,3,6.63,69.6,0,2,3,6,212,0,0,0,0,0,0,0,45.7,46.8,1
STU1613,19,Male,Information Technology,4,6.95,72.9,0,1,3,2,114,1,1,0,1,1,0,1,61.9,51.8,1
STU1614,22,Female,Computer Science,4,9.3,50.0,3,1,3,1,62,1,0,1,1,0,0,1,65.7,66.6,1
STU1615,22,Male,Information Technology,4,6.91,98.9,0,1,0,3,29,1,1,1,1,1,1,1,68.1,29.2,1
STU1616,19,Female,Information Technology,4,7.71,83.5,2,0,2,5,189,1,1,1,1,0,0,1,62.2,85.5,1
STU1617,20,Male,Electrical Eng,4,6.77,70.3,2,1,3,1,19,1,0,1,0,0,0,1,69.2,63.4,1
STU1618,21,Male,Civil Eng,4,8.53,66.8,0,1,0,2,7,1,0,1,0,0,0,1,67.5,48.4,1
STU1619,21,Female,Information Technology,4,7.01,73.0,0,0,0,1,14,1,1,1,0,1,0,1,77.9,50.4,1
STU1620,20,Male,Mechanical Eng,4,7.49,85.2,0,1,3,2,4,0,0,0,1,0,0,1,79.8,55.5,1
STU1621,20,Male,Electronics & Comm,3,5.75,59.1,2,1,3,2,93,1,1,0,0,1,0,1,74.2,65.1,1
STU1622,20,Female,Computer Science,4,5.83,76.6,0,3,2,6,164,0,0,1,1,0,0,1,71.3,67.3,1
STU1623,21,Female,Electronics & Comm,4,7.61,95.7,5,2,5,2,3,0,1,0,0,0,0,1,46.1,62.1,0
STU1624,21,Female,Electronics & Comm,3,6.14,66.7,3,0,3,2,39,1,1,1,0,0,1,1,69.6,53.7,1
STU1625,20,Female,Electronics & Comm,4,9.92,78.8,0,1,5,5,3,0,0,0,0,0,1,0,83.6,64.8,1
STU1626,21,Female,Mechanical Eng,4,5.33,100.0,2,0,4,1,3,1,1,0,1,1,1,0,45.4,33.9,0
STU1627,21,Female,Information Technology,4,6.72,84.3,0,0,2,3,47,1,1,1,1,0,1,1,49.6,46.8,1
STU1628,19,Male,Mechanical Eng,4,7.62,79.3,0,2,3,3,36,0,1,1,0,0,0,1,88.9,54.9,1
STU1629,20,Male,Electrical Eng,4,7.2,83.1,2,0,3,1,2,1,1,0,0,1,1,1,47.0,44.9,0
STU1630,21,Male,Information Technology,4,6.39,74.0,3,0,3,1,200,1,0,0,1,0,0,0,66.6,61.7,1
STU1631,22,Male,Electronics & Comm,3,6.55,91.0,0,3,3,2,23,1,1,0,0,0,0,1,60.3,44.9,1
STU1632,21,Female,Information Technology,3,6.51,74.0,0,2,1,1,68,1,1,1,0,0,0,1,88.0,90.7,1
STU1633,21,Female,Civil Eng,4,7.28,58.4,0,2,1,1,54,1,0,0,0,0,0,0,72.2,43.1,1
STU1634,20,Female,Electronics & Comm,4,9.75,74.1,0,2,1,7,13,1,1,1,0,0,0,1,79.1,87.7,1
STU1635,20,Male,Computer Science,3,7.69,68.3,0,2,3,2,300,1,1,1,1,1,0,1,68.8,34.9,1
STU1636,21,Female,Information Technology,3,8.9,75.2,0,0,3,4,188,1,1,0,1,0,1,0,95.9,95.1,1
STU1637,20,Male,Electronics & Comm,4,8.16,75.4,0,1,2,1,102,1,0,0,0,1,1,0,57.6,73.8,1
STU1638,20,Female,Computer Science,4,8.83,90.0,0,1,2,6,64,1,1,1,1,1,0,1,72.8,76.9,1
STU1639,20,Female,Computer Science,4,5.0,85.0,0,0,3,4,24,1,1,1,0,0,1,0,85.6,44.5,1
STU1640,19,Male,Information Technology,4,7.27,80.6,0,2,1,4,65,1,1,1,1,0,0,1,88.8,60.2,1
STU1641,20,Male,Information Technology,4,9.04,78.0,0,1,0,1,103,1,0,1,0,0,0,1,64.2,61.1,1
STU1642,20,Male,Information Technology,3,6.97,67.4,0,0,2,2,8,0,1,1,1,1,0,1,39.6,63.5,1
STU1643,20,Female,Computer Science,4,9.54,56.2,0,0,4,2,184,1,1,0,1,0,1,1,62.6,84.1,1
STU1644,20,Female,Computer Science,3,9.23,79.1,0,0,3,4,81,1,1,0,0,0,0,1,92.4,75.4,1
STU1645,22,Female,Electronics & Comm,4,7.08,85.9,1,2,2,4,7,1,0,1,0,1,1,1,57.3,62.5,1
STU1646,21,Male,Electronics & Comm,4,7.05,76.9,0,1,0,0,19,1,0,0,0,1,0,0,72.1,80.0,1
STU1647,21,Male,Computer Science,3,6.49,72.7,1,1,2,5,160,1,0,1,1,1,0,1,63.7,82.7,1
STU1648,21,Female,Information Technology,4,6.91,82.6,2,1,3,6,141,1,0,1,1,1,0,1,67.0,56.5,1
STU1649,21,Female,Electronics & Comm,4,6.24,77.2,2,1,3,2,12,0,0,1,1,1,0,1,86.4,56.0,0
STU1650,19,Male,Computer Science,3,8.07,94.9,0,2,2,1,37,1,1,1,1,1,0,1,71.6,97.4,1
STU1651,21,Male,Computer Science,4,6.0,90.3,1,1,1,4,194,1,1,1,1,0,1,1,96.6,61.4,1
STU1652,21,Female,Computer Science,4,8.26,87.6,0,3,4,2,66,1,0,1,1,0,0,1,81.7,55.4,1
STU1653,21,Male,Electrical Eng,4,8.29,85.6,0,3,1,4,12,0,1,1,0,0,1,1,69.8,62.7,1
STU1654,20,Male,Electrical Eng,4,5.77,65.1,2,4,1,4,23,1,0,0,0,0,0,1,66.7,81.1,1
STU1655,20,Male,Electrical Eng,3,9.3,84.6,0,1,3,0,36,1,0,1,1,1,0,1,72.6,75.8,1
STU1656,20,Female,Electrical Eng,4,8.16,81.8,0,3,6,2,16,1,1,0,0,0,1,0,50.7,63.1,1
STU1657,20,Female,Electronics & Comm,3,8.42,84.1,2,1,3,2,27,1,1,1,1,0,0,1,53.2,74.2,1
STU1658,21,Female,Information Technology,4,6.77,82.9,0,2,2,6,84,0,1,1,1,1,1,1,78.6,68.8,1
STU1659,21,Female,Electronics & Comm,4,8.28,82.5,0,2,1,1,34,1,1,1,0,1,0,1,80.9,62.9,1
STU1660,20,Male,Computer Science,3,8.84,100.0,0,2,0,1,75,1,1,1,1,0,1,1,49.5,60.5,1
STU1661,23,Male,Electronics & Comm,3,7.49,77.2,1,2,1,5,76,0,1,1,0,0,1,1,80.0,67.2,1
STU1662,21,Female,Electrical Eng,4,9.8,87.4,1,1,2,0,21,1,0,1,1,0,0,1,65.5,58.8,1
STU1663,20,Male,Electronics & Comm,4,7.65,73.3,1,0,1,3,23,1,1,0,0,0,0,1,56.4,66.1,1
STU1664,20,Female,Information Technology,3,8.85,85.9,0,0,4,1,27,1,1,0,1,0,0,0,63.6,64.3,1
STU1665,20,Male,Computer Science,4,7.92,87.4,0,2,1,2,161,1,1,1,1,0,0,1,80.4,43.2,1
STU1666,20,Male,Electronics & Comm,3,8.24,81.6,0,0,2,2,7,0,1,1,0,1,1,1,76.5,57.1,1
STU1667,20,Male,Electronics & Comm,3,5.76,94.7,2,1,2,2,62,1,1,0,0,0,0,0,72.2,61.1,1
STU1668,20,Male,Mechanical Eng,4,8.01,69.2,0,1,2,7,13,1,1,0,1,1,0,1,73.3,92.9,1
STU1669,20,Male,Information Technology,3,6.79,73.1,3,1,2,0,43,1,1,1,1,0,1,0,52.0,62.6,1
STU1670,20,Male,Electrical Eng,4,6.67,80.1,0,3,4,1,4,1,0,0,1,0,0,1,75.7,69.1,1
STU1671,22,Other,Electronics & Comm,4,9.52,86.8,0,1,2,2,69,1,1,1,0,0,0,1,61.6,97.3,1
STU1672,19,Male,Mechanical Eng,4,7.36,79.8,0,2,3,3,178,0,1,0,1,0,0,1,96.3,41.3,1
STU1673,21,Male,Electronics & Comm,4,6.5,90.9,0,1,2,2,19,0,0,1,1,0,0,1,62.7,42.0,1
STU1674,20,Female,Electronics & Comm,4,7.2,71.4,0,2,1,0,28,0,0,1,0,1,1,1,99.2,53.3,1
STU1675,23,Other,Electronics & Comm,4,6.17,66.6,2,0,2,6,23,1,1,1,1,1,1,1,65.7,60.0,1
STU1676,20,Female,Electrical Eng,4,9.18,81.1,2,0,2,2,90,1,1,1,0,1,1,1,66.7,61.5,1
STU1677,20,Female,Civil Eng,4,6.83,77.2,0,3,4,1,0,0,1,1,0,0,0,0,63.9,57.3,1
STU1678,22,Male,Computer Science,4,8.18,83.4,4,1,4,2,40,1,1,1,1,0,0,1,50.4,46.5,1
STU1679,22,Male,Computer Science,3,9.09,77.7,0,1,1,1,51,1,1,1,1,1,0,1,86.6,79.6,1
STU1680,21,Male,Civil Eng,4,7.05,74.6,0,1,0,0,19,0,1,0,0,0,0,1,69.4,58.2,1
STU1681,20,Female,Electronics & Comm,4,8.19,77.3,0,1,1,0,10,0,1,1,0,0,0,0,76.8,82.8,1
STU1682,20,Female,Electronics & Comm,4,6.47,78.3,0,1,6,1,11,1,0,1,0,0,1,0,90.6,49.7,1
STU1683,21,Male,Information Technology,4,10.0,75.0,0,0,0,1,99,1,1,1,1,0,0,1,66.2,94.4,1
STU1684,22,Male,Computer Science,4,8.63,76.0,0,1,3,2,62,1,1,1,1,0,0,1,66.7,40.0,1
STU1685,21,Female,Electrical Eng,4,7.39,74.0,0,1,2,3,33,0,1,0,0,0,1,0,70.0,64.8,1
STU1686,21,Male,Electrical Eng,3,6.75,86.6,4,1,3,3,15,1,1,0,0,0,1,1,50.0,50.0,0
STU1687,20,Female,Information Technology,4,7.47,79.9,0,1,1,0,63,1,1,1,1,1,1,1,42.4,65.5,1
STU1688,21,Female,Information Technology,3,7.23,100.0,1,3,1,5,27,1,1,0,0,0,1,1,46.9,50.3,1
STU1689,20,Female,Mechanical Eng,4,9.75,79.6,0,1,2,4,91,1,0,0,0,0,0,1,85.4,32.8,1
STU1690,20,Female,Computer Science,4,6.25,72.5,1,2,0,7,66,1,1,1,1,1,1,0,63.4,53.3,1
STU1691,20,Female,Mechanical Eng,3,7.75,100.0,0,1,0,1,62,1,0,0,0,0,0,1,79.0,88.9,1
STU1692,21,Male,Computer Science,3,7.58,82.1,1,1,0,3,29,1,1,1,1,1,0,1,64.4,50.0,1
STU1693,20,Female,Electronics & Comm,4,7.47,87.9,0,0,2,1,48,0,1,0,0,0,0,1,45.9,72.6,1
STU1694,20,Female,Civil Eng,3,7.48,83.9,0,0,2,4,23,0,0,0,0,0,0,1,80.1,65.1,0
STU1695,21,Male,Electronics & Comm,3,7.47,84.2,0,1,1,1,104,1,1,0,0,1,0,1,55.6,58.2,1
STU1696,20,Male,Information Technology,4,8.56,83.4,0,1,1,1,37,1,1,1,1,0,1,1,76.1,95.7,1
STU1697,21,Male,Electronics & Comm,3,8.27,67.0,1,2,1,2,32,0,1,1,0,0,1,1,80.9,60.3,1
STU1698,20,Male,Information Technology,4,8.06,81.7,0,1,2,2,17,1,1,1,1,1,0,1,67.4,67.5,1
STU1699,21,Female,Computer Science,4,5.0,64.8,1,2,1,2,142,1,1,0,1,1,1,0,74.6,66.3,0
STU1700,21,Female,Civil Eng,3,7.93,76.3,1,3,3,0,11,1,0,1,0,1,0,1,48.1,88.6,1
STU1701,19,Male,Electrical Eng,4,5.78,70.7,2,0,1,2,3,0,1,0,0,0,0,1,100.0,42.5,0
STU1702,20,Male,Electronics & Comm,4,8.31,81.6,0,1,5,5,51,1,0,1,0,1,0,0,74.2,98.7,1
STU1703,20,Female,Information Technology,4,9.22,81.3,0,1,0,4,146,1,1,1,1,0,0,1,78.9,87.8,1
STU1704,19,Male,Computer Science,4,6.58,82.8,1,0,5,2,90,1,1,1,1,0,0,0,81.1,71.0,1
STU1705,23,Male,Computer Science,4,7.31,80.9,3,0,3,2,107,1,0,1,1,1,0,1,66.1,74.3,0
STU1706,20,Female,Electronics & Comm,4,6.94,71.9,0,2,3,0,33,0,1,0,0,0,1,1,69.1,61.6,1
STU1707,21,Female,Electrical Eng,3,8.96,75.4,1,4,4,1,4,1,0,0,0,0,0,1,83.2,67.3,1
STU1708,20,Male,Electronics & Comm,3,7.7,87.2,0,2,1,1,64,1,1,0,0,0,1,0,62.9,71.3,1
STU1709,21,Male,Mechanical Eng,4,9.5,88.7,0,1,1,2,12,1,1,0,0,0,0,1,73.5,51.4,1
STU1710,21,Male,Computer Science,3,8.06,66.5,0,1,1,3,99,1,1,1,1,0,0,1,74.5,87.8,1
STU1711,21,Female,Information Technology,4,7.87,62.7,0,1,1,2,96,0,1,0,1,0,1,1,57.7,68.4,1
STU1712,21,Female,Computer Science,4,7.68,70.7,0,1,1,0,124,1,1,1,0,1,0,1,74.2,67.1,1
STU1713,20,Male,Information Technology,3,8.5,88.5,1,1,2,2,10,1,1,1,1,1,1,1,44.3,52.0,1
STU1714,20,Female,Computer Science,4,5.69,90.1,2,0,0,1,261,1,1,1,1,0,0,1,80.9,82.5,0
STU1715,22,Female,Civil Eng,3,7.69,68.8,4,2,2,3,4,0,1,0,0,1,0,1,90.0,64.3,0
STU1716,21,Male,Computer Science,4,7.52,81.1,0,2,1,1,94,1,1,1,1,0,0,0,80.7,57.1,1
STU1717,22,Male,Civil Eng,4,8.4,96.3,0,1,2,2,237,0,0,0,0,0,0,1,89.0,48.7,1
STU1718,20,Female,Information Technology,4,7.39,82.2,0,3,6,3,292,1,1,1,1,1,0,1,57.3,62.6,1
STU1719,21,Male,Civil Eng,4,6.46,92.2,1,0,2,1,80,1,0,0,0,1,0,0,64.9,47.5,0
STU1720,22,Male,Electronics & Comm,3,7.61,88.0,1,0,2,0,32,0,1,1,1,1,1,1,69.8,70.2,1
STU1721,20,Female,Civil Eng,4,6.41,68.9,0,2,2,2,44,0,1,1,0,1,1,1,69.8,76.6,1
STU1722,19,Female,Computer Science,4,5.48,76.1,5,4,3,0,239,1,1,1,1,1,1,1,61.9,59.1,1
STU1723,21,Female,Electrical Eng,4,8.4,78.3,5,1,0,2,13,1,0,1,1,0,0,1,55.2,68.5,0
STU1724,21,Female,Mechanical Eng,4,8.24,79.0,0,0,5,3,29,0,0,0,0,0,0,1,92.2,83.3,1
STU1725,21,Female,Computer Science,4,8.11,87.2,0,2,2,1,120,1,1,0,1,1,0,1,56.3,62.4,1
STU1726,20,Male,Computer Science,4,9.03,82.1,0,0,1,2,2,1,1,0,0,1,1,1,91.2,63.4,1
STU1727,21,Female,Information Technology,4,6.87,50.0,0,1,5,5,25,1,1,1,1,1,1,0,74.9,65.1,1
STU1728,20,Male,Civil Eng,3,6.03,64.9,0,0,4,2,2,1,0,0,0,0,1,0,70.8,58.4,1
STU1729,20,Male,Electronics & Comm,4,7.52,56.1,0,3,3,10,24,1,1,0,0,1,0,0,75.6,59.7,1
STU1730,20,Female,Electronics & Comm,4,7.22,79.8,0,1,0,1,40,0,0,0,0,0,0,0,89.3,53.5,0
STU1731,21,Female,Computer Science,4,6.67,80.4,0,2,3,3,21,1,1,0,0,0,0,0,31.3,71.4,1
STU1732,21,Male,Computer Science,3,7.51,80.8,0,0,2,3,163,1,0,0,0,0,0,1,73.0,63.9,1
STU1733,21,Female,Electrical Eng,4,6.93,68.4,0,1,2,4,7,0,0,1,1,0,0,1,70.1,74.0,1
STU1734,20,Male,Computer Science,3,5.58,84.7,2,3,1,0,91,0,0,1,1,0,0,1,70.6,80.3,1
STU1735,22,Male,Electronics & Comm,4,7.11,85.2,3,0,2,1,249,0,1,1,1,0,1,1,81.2,49.2,1
STU1736,20,Male,Mechanical Eng,4,6.35,65.4,2,1,3,0,18,0,0,0,0,0,0,1,59.5,52.4,0
STU1737,21,Female,Computer Science,4,7.85,63.3,0,1,1,6,23,0,1,0,1,0,0,1,51.9,75.4,1
STU1738,20,Female,Electronics & Comm,4,6.88,78.0,1,2,4,2,23,0,0,0,0,1,1,0,48.6,61.2,1
STU1739,20,Male,Computer Science,3,8.82,95.9,0,0,1,5,276,0,1,1,1,0,1,1,55.3,66.2,1
STU1740,21,Female,Electronics & Comm,3,9.36,95.0,1,1,0,1,60,0,0,1,1,0,1,1,77.6,66.3,1
STU1741,20,Male,Computer Science,4,8.35,83.6,0,1,3,0,300,1,1,0,1,0,1,1,75.1,50.8,1
STU1742,21,Female,Electrical Eng,3,5.89,70.7,3,1,4,1,49,0,0,0,0,0,1,1,80.4,72.6,0
STU1743,21,Male,Information Technology,4,9.26,86.9,0,0,5,2,66,1,1,1,1,1,1,1,61.6,68.7,1
STU1744,20,Male,Information Technology,3,9.33,73.5,2,1,3,4,134,1,0,0,1,0,0,0,62.2,49.9,1
STU1745,22,Female,Electronics & Comm,4,7.62,70.3,0,1,1,1,2,0,1,0,1,0,0,0,91.2,62.5,1
STU1746,20,Male,Computer Science,4,9.06,56.6,2,0,5,5,119,1,1,1,0,0,1,1,82.3,63.4,1
STU1747,21,Male,Electrical Eng,4,6.99,79.0,3,1,4,1,11,0,1,0,0,0,1,0,78.5,76.2,0
STU1748,22,Female,Information Technology,4,5.55,71.7,0,3,1,3,95,1,0,0,1,1,0,1,42.5,82.6,1
STU1749,21,Female,Electronics & Comm,4,6.76,79.0,3,0,2,3,64,1,1,1,0,0,0,1,95.4,64.9,1
STU1750,20,Male,Computer Science,4,9.5,55.0,0,1,2,1,61,1,1,1,1,0,0,1,66.7,39.8,1
STU1751,22,Male,Electronics & Comm,4,5.96,79.7,1,1,2,0,16,1,1,1,1,0,0,0,70.4,75.9,0
STU1752,21,Male,Computer Science,4,7.6,53.7,0,0,6,1,169,1,1,0,1,1,0,1,74.3,98.0,1
STU1753,20,Male,Information Technology,4,7.64,88.9,5,0,0,0,34,1,1,0,1,1,1,1,70.3,75.8,0
STU1754,20,Male,Computer Science,3,7.04,83.2,0,1,2,5,67,1,1,0,1,1,0,1,65.6,60.9,1
STU1755,21,Female,Electrical Eng,4,7.11,75.2,0,2,1,6,7,1,1,1,0,0,1,1,70.0,71.0,1
STU1756,21,Other,Computer Science,3,7.68,83.6,0,0,2,3,105,1,1,1,1,1,0,1,76.9,77.0,1
STU1757,21,Male,Mechanical Eng,4,6.98,68.2,3,2,3,3,6,0,1,1,0,0,1,0,79.9,66.7,0
STU1758,22,Male,Mechanical Eng,4,6.04,78.7,3,1,1,1,0,1,1,1,0,0,0,1,85.1,84.7,1
STU1759,21,Male,Computer Science,3,7.84,85.9,0,0,2,0,21,1,0,1,1,1,1,0,52.6,48.0,1
STU1760,20,Male,Electronics & Comm,3,8.78,50.0,0,1,5,4,4,0,0,0,0,0,0,0,60.4,58.9,1
STU1761,20,Female,Computer Science,3,8.56,73.5,0,3,3,2,59,1,1,1,1,0,1,1,79.9,71.9,1
STU1762,20,Male,Information Technology,4,6.71,77.8,0,0,2,3,50,1,0,1,1,1,0,1,46.0,75.5,1
STU1763,21,Male,Electrical Eng,4,6.22,76.0,0,1,1,3,0,1,1,0,1,1,1,1,70.3,56.8,1
STU1764,19,Female,Electronics & Comm,4,7.29,92.6,0,1,2,2,10,0,1,1,1,0,0,1,57.0,58.2,1
STU1765,21,Male,Electronics & Comm,4,9.32,66.8,1,0,3,0,44,1,1,1,0,1,1,1,75.7,55.0,1
STU1766,21,Female,Computer Science,4,8.31,71.8,0,0,3,4,0,0,1,1,0,0,0,1,56.2,53.8,1
STU1767,22,Male,Information Technology,3,8.37,58.8,0,0,1,2,200,1,1,1,0,1,0,1,63.0,72.8,1
STU1768,20,Female,Computer Science,4,8.58,93.1,0,0,3,4,120,1,1,1,1,1,0,1,63.9,64.4,1
STU1769,21,Female,Electrical Eng,3,8.06,75.5,0,0,0,2,42,1,1,1,1,1,0,1,71.4,84.5,1
STU1770,20,Female,Electronics & Comm,3,7.73,73.6,0,2,0,1,36,0,1,1,1,0,0,1,81.4,48.6,1
STU1771,21,Female,Electrical Eng,3,8.33,77.5,0,4,2,1,41,1,0,1,1,0,0,0,82.4,62.6,1
STU1772,20,Male,Computer Science,4,7.0,84.4,1,0,1,3,93,1,1,1,1,1,1,1,70.9,76.0,1
STU1773,20,Male,Information Technology,3,6.04,81.5,1,1,0,2,12,1,1,1,1,0,1,1,52.5,70.2,1
STU1774,21,Female,Information Technology,3,8.4,100.0,0,0,3,2,55,1,1,1,0,1,0,1,100.0,48.5,1
STU1775,20,Female,Computer Science,3,8.96,82.5,1,0,2,2,57,1,0,1,1,0,0,1,66.8,82.3,1
STU1776,20,Male,Information Technology,3,6.37,73.3,3,0,3,2,146,1,1,1,0,1,0,0,71.8,66.4,0
STU1777,21,Male,Electrical Eng,4,8.5,72.4,1,1,3,1,57,0,0,1,0,0,1,1,71.4,93.8,1
STU1778,21,Male,Mechanical Eng,4,9.45,74.1,2,3,3,1,9,1,1,1,0,0,1,1,73.0,63.0,1
STU1779,21,Male,Electronics & Comm,4,7.6,63.0,1,1,1,1,23,1,1,1,0,1,0,0,56.1,82.4,1
STU1780,21,Male,Information Technology,3,6.7,78.4,0,1,1,1,32,1,1,1,0,0,0,1,74.1,59.6,1
STU1781,21,Female,Computer Science,3,7.74,85.8,1,0,2,2,300,0,1,1,1,0,0,0,93.5,61.5,1
STU1782,20,Male,Mechanical Eng,4,6.99,71.9,0,0,1,1,75,0,0,0,1,0,1,0,39.9,72.4,1
STU1783,20,Male,Computer Science,3,6.92,69.9,0,2,3,1,191,1,1,0,1,0,0,0,68.5,39.5,1
STU1784,20,Female,Civil Eng,4,8.08,93.2,0,0,2,1,115,0,1,0,0,0,0,0,52.3,34.7,1
STU1785,22,Female,Information Technology,3,5.84,63.7,1,3,1,1,115,0,1,1,1,0,0,1,81.8,54.8,1
STU1786,21,Female,Information Technology,4,6.01,57.3,0,0,2,10,30,1,1,1,1,0,1,1,84.0,45.5,1
STU1787,20,Female,Civil Eng,3,7.62,66.5,0,1,5,0,14,1,0,0,0,0,0,1,66.2,31.2,0
STU1788,21,Male,Computer Science,4,7.58,62.6,0,4,0,3,55,1,1,1,0,0,1,1,68.9,76.1,1
STU1789,22,Female,Electronics & Comm,4,7.98,81.9,1,0,1,1,24,1,1,0,1,0,0,1,55.7,53.1,0
STU1790,20,Female,Electronics & Comm,4,9.66,74.4,2,1,4,4,204,1,0,0,1,0,0,0,35.0,59.8,1
STU1791,21,Male,Computer Science,3,7.71,75.8,0,2,1,5,106,1,1,1,1,1,0,1,64.2,67.1,1
STU1792,21,Female,Information Technology,4,8.26,89.5,1,0,0,2,47,1,1,1,1,0,0,1,65.0,72.6,1
STU1793,21,Female,Electronics & Comm,4,6.53,71.1,0,1,2,4,116,1,0,1,1,1,1,1,68.6,69.2,1
STU1794,19,Male,Electrical Eng,3,8.44,85.8,2,0,2,1,20,1,1,0,0,1,0,1,22.1,68.0,1
STU1795,22,Male,Computer Science,3,7.02,93.1,0,0,2,0,72,1,1,1,0,0,0,1,43.8,72.0,1
STU1796,22,Male,Civil Eng,4,7.68,73.4,0,0,2,1,62,1,1,0,0,1,0,1,47.2,57.5,1
STU1797,21,Male,Computer Science,3,7.48,85.4,0,2,4,1,18,1,0,1,0,0,0,1,69.2,54.3,1
STU1798,21,Male,Computer Science,4,8.74,75.6,0,0,3,1,56,1,1,1,1,0,0,1,76.2,30.2,1
STU1799,22,Female,Computer Science,3,6.16,87.2,0,0,6,1,38,1,1,0,0,1,0,0,51.7,74.6,1
STU1800,21,Male,Computer Science,4,5.09,62.3,1,1,2,2,52,1,1,0,0,1,1,0,64.1,54.7,1
STU1801,20,Female,Computer Science,3,7.37,61.5,0,0,0,3,56,1,1,1,1,0,0,1,59.9,94.8,1
STU1802,21,Female,Civil Eng,4,8.12,74.1,0,1,5,1,44,1,1,0,0,0,0,1,96.4,76.1,1
STU1803,21,Female,Information Technology,3,7.77,69.1,0,0,0,0,18,1,1,1,0,0,0,0,62.6,79.3,1
STU1804,20,Female,Computer Science,3,8.96,72.8,5,2,3,2,170,1,1,0,1,0,1,1,62.0,75.6,1
STU1805,21,Male,Computer Science,3,8.08,75.8,0,1,0,2,16,1,1,1,1,1,0,1,56.6,73.0,1
STU1806,22,Male,Electrical Eng,4,6.98,85.2,0,1,3,0,17,0,0,0,0,0,1,1,41.4,72.1,1
STU1807,22,Female,Mechanical Eng,3,5.04,73.9,2,0,4,0,32,1,0,0,1,0,0,1,77.1,73.5,0
STU1808,21,Female,Computer Science,4,7.34,69.8,1,1,2,2,300,1,1,1,1,0,0,0,64.3,67.6,1
STU1809,20,Female,Computer Science,3,8.73,74.5,0,2,1,1,6,1,0,1,1,1,1,1,62.6,55.8,1
STU1810,23,Male,Computer Science,3,7.17,70.3,1,0,1,4,160,1,1,1,1,1,1,0,70.6,47.3,1
STU1811,21,Female,Computer Science,4,7.63,68.7,0,0,2,1,61,1,0,1,0,1,1,1,45.9,71.3,1
STU1812,20,Male,Computer Science,4,8.06,61.9,0,0,1,0,0,1,1,1,1,0,1,1,92.8,84.4,1
STU1813,22,Female,Information Technology,4,6.48,78.7,1,1,3,2,28,1,1,1,1,0,1,1,42.5,63.1,1
STU1814,22,Female,Computer Science,4,8.29,72.3,0,4,2,8,47,0,1,1,1,1,0,0,92.9,67.3,1
STU1815,21,Male,Electronics & Comm,4,9.4,87.7,0,0,2,3,18,1,1,1,0,1,0,1,67.8,45.2,1
STU1816,21,Female,Computer Science,4,7.41,63.5,0,0,2,1,41,1,1,1,0,1,0,1,62.6,58.2,1
STU1817,20,Male,Civil Eng,4,6.36,72.6,1,0,2,0,75,1,0,0,0,0,0,1,77.4,46.6,1
STU1818,19,Male,Mechanical Eng,4,7.53,96.1,0,0,1,2,76,1,0,0,0,0,1,1,63.2,47.6,1
STU1819,20,Male,Electronics & Comm,4,5.15,68.6,1,1,3,1,34,0,1,0,0,0,1,1,81.0,66.5,1
STU1820,21,Female,Information Technology,4,7.97,75.6,0,3,4,3,129,1,0,1,1,1,0,0,72.3,64.1,1
STU1821,19,Female,Information Technology,4,8.1,65.8,0,0,1,2,142,1,1,1,1,1,0,1,78.0,76.8,1
STU1822,20,Female,Information Technology,3,9.44,64.5,0,2,1,1,8,1,1,0,1,1,0,0,82.6,76.5,1
STU1823,20,Male,Electrical Eng,3,7.39,93.5,0,1,3,0,3,1,0,1,0,0,0,1,65.6,51.9,1
STU1824,21,Female,Information Technology,4,8.05,79.7,1,2,1,3,59,1,1,1,1,1,1,1,81.5,36.0,1
STU1825,22,Female,Mechanical Eng,3,6.65,79.3,0,1,0,2,8,0,0,0,0,0,0,1,75.3,50.8,0
STU1826,20,Male,Civil Eng,4,7.21,61.0,0,0,2,4,106,0,1,1,1,1,1,0,86.7,54.3,1
STU1827,20,Other,Information Technology,3,5.92,81.6,5,3,1,1,4,0,1,1,1,0,1,0,62.9,73.3,0
STU1828,21,Male,Electronics & Comm,4,7.39,89.6,0,0,1,3,22,0,1,1,1,0,1,1,87.1,74.2,1
STU1829,21,Female,Computer Science,3,7.26,89.5,0,1,6,0,27,1,0,0,1,0,0,0,57.2,64.3,1
STU1830,20,Male,Computer Science,4,7.93,84.7,0,2,1,1,43,1,1,1,1,0,0,1,39.9,76.1,1
STU1831,21,Male,Information Technology,3,6.91,66.7,0,0,4,3,78,1,1,1,1,0,1,1,48.9,100.0,1
STU1832,20,Male,Computer Science,4,7.69,81.1,0,1,1,4,119,1,1,1,1,1,0,1,63.4,63.2,1
STU1833,20,Female,Mechanical Eng,4,7.23,84.7,0,2,3,1,57,1,1,1,0,0,0,1,71.7,61.5,1
STU1834,21,Male,Computer Science,3,7.24,60.1,0,4,2,4,102,0,1,1,1,0,0,1,68.2,52.4,1
STU1835,20,Male,Information Technology,4,7.69,66.8,0,1,0,3,181,1,1,1,0,1,0,1,79.0,69.8,1
STU1836,22,Female,Electronics & Comm,3,7.64,86.9,0,0,3,1,87,1,1,1,0,0,0,1,51.2,82.1,1
STU1837,20,Female,Electronics & Comm,3,8.44,86.8,1,1,4,4,62,1,1,1,0,0,0,1,92.1,57.5,1
STU1838,21,Male,Information Technology,4,7.47,62.5,0,1,1,2,15,1,1,1,1,0,0,1,86.8,59.1,1
STU1839,21,Male,Mechanical Eng,4,7.22,86.0,0,1,3,3,3,0,0,1,0,0,0,0,81.1,57.2,1
STU1840,19,Male,Electronics & Comm,4,7.4,79.0,1,2,2,2,2,1,1,1,0,1,0,1,85.7,47.7,1
STU1841,21,Male,Information Technology,3,6.81,85.8,0,0,3,2,40,1,1,0,0,0,0,1,46.3,67.0,1
STU1842,20,Female,Computer Science,4,7.2,71.7,0,0,3,4,13,0,1,1,0,0,0,0,77.8,67.5,1
STU1843,22,Female,Information Technology,4,9.83,84.5,0,1,0,1,31,1,1,1,1,0,1,0,78.4,64.4,1
STU1844,20,Female,Mechanical Eng,4,6.6,86.4,0,3,1,0,114,0,1,1,1,0,0,0,81.5,92.6,1
STU1845,20,Male,Electronics & Comm,4,7.29,74.5,0,1,2,4,47,1,1,0,0,0,0,1,79.9,71.0,1
STU1846,19,Female,Mechanical Eng,4,7.17,78.2,0,3,4,4,14,0,1,0,1,0,0,1,74.2,48.3,1
STU1847,23,Female,Information Technology,3,7.33,71.5,0,3,2,1,1,0,1,0,1,0,0,1,73.7,74.5,1
STU1848,21,Female,Computer Science,3,7.24,94.5,0,2,2,1,114,1,1,1,1,1,1,1,84.7,59.9,1
STU1849,21,Female,Computer Science,4,7.91,76.8,0,2,0,3,48,1,1,1,1,1,0,1,59.3,60.1,1
STU1850,19,Female,Information Technology,4,5.72,68.8,1,2,3,0,10,0,1,1,1,0,1,1,73.1,62.4,1
STU1851,21,Female,Electronics & Comm,3,8.74,70.8,0,2,2,2,33,0,1,1,0,0,1,1,60.3,60.7,1
STU1852,20,Male,Electrical Eng,3,8.3,79.3,0,1,3,0,5,0,0,0,0,0,0,0,65.9,69.0,1
STU1853,22,Female,Computer Science,4,6.23,85.5,2,0,4,2,117,1,1,1,1,1,1,0,30.6,96.7,1
STU1854,20,Female,Information Technology,4,5.1,64.6,2,0,1,0,285,1,1,1,1,0,0,0,55.8,59.5,0
STU1855,20,Female,Information Technology,3,6.53,96.5,1,0,1,3,47,1,1,0,1,1,0,0,61.9,66.3,0
STU1856,19,Male,Information Technology,3,7.33,81.1,0,0,6,3,114,1,1,0,1,1,1,1,62.1,68.5,1
STU1857,21,Female,Computer Science,4,10.0,82.7,2,0,1,2,21,1,1,1,0,0,1,1,63.3,57.3,1
STU1858,21,Female,Computer Science,4,8.2,77.0,0,3,3,1,107,1,0,1,1,1,0,1,51.4,59.0,1
STU1859,19,Male,Computer Science,4,5.61,78.2,1,1,3,0,1,1,1,1,1,0,1,1,63.3,79.9,1
STU1860,21,Male,Computer Science,4,6.84,76.5,0,0,3,1,12,1,1,1,1,0,0,1,83.2,57.3,1
STU1861,21,Female,Computer Science,4,7.54,88.2,1,2,1,2,50,1,0,1,1,0,1,0,63.8,51.7,1
STU1862,21,Female,Computer Science,4,7.88,77.9,0,1,1,3,1,1,1,1,1,0,0,1,86.2,91.7,1
STU1863,20,Male,Electronics & Comm,4,6.15,85.7,2,0,3,0,5,1,1,0,1,1,1,0,85.3,46.9,1
STU1864,20,Male,Information Technology,3,7.45,73.7,1,2,1,3,67,1,1,1,0,1,0,0,59.8,78.3,0
STU1865,21,Female,Civil Eng,4,6.81,80.0,1,0,3,3,29,0,1,0,1,0,0,1,76.0,62.0,1
STU1866,20,Male,Computer Science,4,6.39,70.0,0,1,2,2,10,1,0,0,1,0,0,1,49.6,46.8,0
STU1867,20,Male,Information Technology,4,7.89,90.2,1,0,2,1,18,0,1,1,0,0,0,1,53.2,59.3,1
STU1868,22,Male,Information Technology,3,8.45,69.7,1,1,1,4,86,1,1,1,0,1,1,1,69.6,61.6,1
STU1869,22,Male,Computer Science,4,8.53,74.8,0,2,5,4,97,1,1,1,0,1,1,1,75.1,40.5,1
STU1870,20,Male,Mechanical Eng,4,8.23,74.9,1,0,2,8,34,0,1,0,0,0,1,0,90.6,71.4,1
STU1871,20,Male,Computer Science,3,7.05,74.5,3,3,2,1,70,1,1,0,1,0,0,1,65.7,69.9,1
STU1872,21,Male,Civil Eng,4,8.39,85.2,0,0,5,5,62,1,1,0,0,0,0,1,70.5,59.8,1
STU1873,20,Male,Mechanical Eng,4,7.94,74.8,0,1,3,0,2,1,0,0,1,0,0,1,69.4,72.1,1
STU1874,19,Male,Electronics & Comm,4,7.75,91.9,0,3,5,2,25,1,1,0,1,0,0,1,93.1,68.1,1
STU1875,20,Male,Electronics & Comm,4,6.93,69.8,0,3,1,2,102,1,1,1,1,1,0,0,86.8,84.4,1
STU1876,21,Male,Electronics & Comm,4,7.05,79.7,0,0,4,2,190,0,0,0,0,0,0,0,73.4,48.8,1
STU1877,21,Female,Information Technology,4,7.68,70.2,0,0,2,3,18,1,1,0,1,1,0,1,79.1,60.6,1
STU1878,19,Male,Electronics & Comm,3,10.0,82.2,0,1,3,1,82,1,1,1,1,0,0,0,72.9,80.0,1
STU1879,20,Male,Computer Science,3,7.93,77.8,0,0,4,4,206,1,1,1,1,1,1,1,83.0,73.1,1
STU1880,20,Male,Computer Science,4,6.93,76.4,1,1,1,2,36,1,1,1,1,1,1,1,80.1,30.5,1
STU1881,21,Male,Information Technology,4,6.68,89.9,0,2,2,5,68,1,1,0,1,0,0,1,63.8,40.0,1
STU1882,19,Female,Electronics & Comm,4,7.06,71.5,2,1,3,0,128,0,0,1,1,0,0,1,69.4,65.0,1
STU1883,20,Female,Mechanical Eng,4,10.0,83.9,0,0,0,3,48,1,1,0,0,0,1,1,70.3,89.6,1
STU1884,21,Female,Computer Science,3,7.16,70.3,1,1,3,2,157,1,1,0,1,0,0,0,70.1,58.5,1
STU1885,20,Female,Mechanical Eng,4,8.6,79.1,1,3,1,2,13,1,1,0,0,0,0,1,60.9,74.7,1
STU1886,21,Female,Computer Science,3,7.19,66.0,0,1,4,3,6,1,0,1,0,0,1,0,72.7,66.2,1
STU1887,20,Male,Information Technology,4,7.89,71.4,0,1,1,1,7,0,1,0,1,0,0,1,60.9,73.7,1
STU1888,19,Male,Information Technology,4,8.47,77.2,0,0,2,1,71,1,1,1,1,0,0,0,59.8,81.1,1
STU1889,20,Male,Information Technology,4,6.97,96.1,1,0,1,3,30,1,1,1,0,0,1,0,66.3,79.2,1
STU1890,21,Male,Computer Science,3,6.89,79.0,1,0,1,2,88,0,0,1,0,0,0,1,71.8,78.6,1
STU1891,22,Female,Electronics & Comm,3,9.42,94.5,0,1,2,1,61,1,1,1,0,1,0,1,85.2,55.8,1
STU1892,21,Female,Electrical Eng,4,8.68,80.2,0,0,2,2,155,0,1,1,0,0,0,0,77.9,62.7,1
STU1893,20,Male,Information Technology,4,8.47,74.1,0,1,0,2,30,1,1,1,1,1,0,1,83.5,72.8,1
STU1894,21,Female,Information Technology,4,8.47,93.4,0,1,4,3,78,0,1,1,1,0,1,1,92.8,72.2,1
STU1895,20,Female,Mechanical Eng,3,8.11,82.4,5,2,0,0,63,1,1,1,0,1,0,0,59.8,73.9,0
STU1896,20,Male,Electrical Eng,4,9.82,71.6,0,0,3,2,16,1,0,0,1,1,1,0,78.0,38.5,1
STU1897,22,Male,Information Technology,4,7.65,82.7,2,2,2,2,160,0,1,1,1,0,1,0,78.5,83.0,1
STU1898,19,Male,Computer Science,3,8.23,75.1,1,1,2,3,13,1,1,1,1,0,0,1,71.6,39.5,1
STU1899,19,Male,Mechanical Eng,4,6.0,58.1,5,0,1,5,14,0,1,1,1,0,0,1,80.5,53.7,0
STU1900,20,Male,Electronics & Comm,3,6.69,87.4,0,0,2,2,11,1,1,1,0,1,0,1,69.2,67.9,1
STU1901,19,Male,Computer Science,4,6.28,88.9,1,1,2,1,36,1,1,1,1,1,0,0,77.4,64.6,0
STU1902,20,Male,Computer Science,4,9.0,96.4,0,1,1,0,41,1,1,1,1,1,0,1,48.2,86.3,1
STU1903,21,Male,Electrical Eng,4,5.0,82.2,2,0,1,1,123,0,0,0,0,0,1,1,68.0,47.4,0
STU1904,20,Other,Computer Science,4,7.16,75.5,0,0,0,0,92,1,1,1,1,0,0,0,77.9,59.5,0
STU1905,22,Female,Civil Eng,4,5.0,86.3,0,0,0,4,14,1,1,1,0,0,1,1,82.4,35.5,0
STU1906,21,Female,Computer Science,3,6.69,86.5,1,3,0,4,4,1,0,1,0,0,0,1,55.9,67.0,0
STU1907,20,Male,Electrical Eng,4,7.06,94.4,0,1,1,2,11,0,1,0,0,0,1,1,66.9,61.9,1
STU1908,20,Male,Information Technology,4,9.12,77.6,0,1,3,1,159,1,1,1,1,1,0,1,53.1,46.4,1
STU1909,20,Female,Information Technology,4,8.04,76.3,0,3,1,0,214,1,1,1,1,1,1,1,62.6,84.6,1
STU1910,21,Male,Mechanical Eng,3,6.68,70.8,0,1,2,4,13,1,1,1,0,0,0,0,72.4,81.2,1
STU1911,20,Male,Information Technology,4,8.77,83.4,0,1,1,4,54,1,1,1,0,0,0,1,82.5,66.1,1
STU1912,21,Female,Electronics & Comm,3,7.62,62.5,0,0,2,1,14,0,1,0,1,0,1,0,80.7,82.1,1
STU1913,20,Female,Computer Science,3,7.64,85.8,1,1,2,3,46,1,1,1,1,1,0,1,71.1,63.6,1
STU1914,21,Male,Computer Science,4,6.28,83.9,3,0,3,1,96,1,1,1,1,0,1,1,58.9,75.7,0
STU1915,20,Male,Computer Science,3,6.51,83.9,0,1,3,1,86,1,1,1,1,0,0,1,66.0,77.9,1
STU1916,20,Male,Electronics & Comm,4,6.69,79.4,0,0,2,0,15,1,0,1,1,0,0,1,100.0,49.0,1
STU1917,22,Male,Computer Science,4,7.65,93.3,0,0,1,2,8,1,1,1,0,1,0,1,48.4,71.5,1
STU1918,21,Male,Computer Science,4,7.69,86.7,0,0,2,0,2,1,1,0,0,1,0,1,51.1,67.5,1
STU1919,20,Male,Information Technology,4,9.3,71.9,0,1,1,0,50,1,1,1,1,1,1,1,70.5,49.6,1
STU1920,22,Male,Electronics & Comm,4,8.02,72.1,0,2,4,0,182,1,0,1,0,0,1,0,77.9,45.8,1
STU1921,21,Female,Electrical Eng,3,5.0,69.2,2,1,3,1,2,1,1,1,1,1,0,0,80.1,72.5,0
STU1922,22,Female,Computer Science,4,7.89,83.5,0,2,2,3,48,1,1,0,0,0,0,0,72.0,60.8,1
STU1923,21,Female,Computer Science,4,6.0,68.0,2,1,5,1,30,1,0,1,1,1,0,1,46.7,43.0,0
STU1924,20,Male,Civil Eng,4,6.54,88.8,0,1,2,5,24,0,1,1,1,0,0,1,64.9,73.7,1
STU1925,19,Male,Computer Science,4,6.71,91.2,1,0,2,1,24,1,1,1,1,1,0,1,43.3,79.0,1
STU1926,20,Male,Mechanical Eng,3,6.87,69.2,0,3,0,1,26,1,0,1,0,1,0,1,73.5,47.4,1
STU1927,21,Male,Mechanical Eng,4,6.09,76.1,3,0,2,1,106,0,1,0,0,1,0,1,74.4,65.0,0
STU1928,21,Male,Electrical Eng,3,7.82,78.2,0,1,4,1,0,1,1,1,0,1,1,1,66.2,87.8,1
STU1929,20,Female,Computer Science,4,6.05,86.8,0,1,4,0,1,0,1,1,1,1,1,0,51.4,51.3,1
STU1930,20,Female,Mechanical Eng,3,7.99,94.1,0,1,2,1,57,1,1,1,0,1,0,1,56.5,90.6,1
STU1931,21,Female,Electrical Eng,4,10.0,61.1,0,0,2,4,7,1,0,0,1,0,0,0,45.3,60.1,0
STU1932,23,Male,Electronics & Comm,4,6.14,74.8,3,1,3,3,3,0,1,1,0,1,1,1,67.3,63.9,0
STU1933,21,Female,Information Technology,4,7.29,75.3,0,2,3,4,11,1,1,1,1,1,1,1,100.0,44.1,1
STU1934,20,Male,Computer Science,4,5.0,64.0,2,2,2,0,268,0,1,1,1,0,1,1,66.6,44.6,1
STU1935,20,Male,Computer Science,4,7.27,73.1,0,3,2,2,88,0,1,1,0,1,1,1,62.1,55.2,1
STU1936,19,Male,Electronics & Comm,4,8.31,82.3,0,0,3,1,3,1,1,1,0,0,0,1,71.0,78.3,1
STU1937,22,Female,Electronics & Comm,4,8.39,75.2,0,1,4,3,30,1,0,1,0,0,0,0,51.9,100.0,1
STU1938,20,Other,Information Technology,4,7.69,62.6,0,0,3,7,85,1,0,1,1,0,0,0,52.4,100.0,1
STU1939,21,Male,Information Technology,4,8.58,100.0,0,3,0,4,70,1,1,1,0,1,0,1,59.3,63.2,1
STU1940,20,Female,Information Technology,3,10.0,80.7,0,0,1,0,6,1,1,1,1,1,0,1,80.4,59.7,1
STU1941,21,Female,Electronics & Comm,4,9.48,79.1,4,1,4,1,8,0,1,1,0,0,0,1,72.7,50.2,1
STU1942,21,Male,Mechanical Eng,3,7.03,67.0,0,2,3,0,77,1,1,0,1,1,0,0,65.8,81.7,1
STU1943,21,Male,Computer Science,4,6.0,80.6,4,1,2,0,76,1,1,1,1,0,0,1,78.5,54.1,0
STU1944,20,Male,Information Technology,4,7.15,76.4,0,1,2,0,52,1,1,1,1,1,0,1,91.9,61.4,1
STU1945,19,Female,Computer Science,4,6.56,59.1,0,0,4,1,26,1,1,1,1,1,0,0,78.3,72.5,1
STU1946,20,Male,Electronics & Comm,4,8.1,67.3,0,1,4,1,49,1,0,1,0,0,0,0,53.7,71.8,1
STU1947,22,Female,Electrical Eng,4,6.3,85.9,0,3,3,2,243,1,1,1,1,1,0,0,41.6,55.8,1
STU1948,22,Male,Civil Eng,3,7.52,97.4,0,1,1,2,20,1,0,1,0,0,1,1,43.6,63.6,0
STU1949,21,Female,Computer Science,4,8.52,81.7,0,0,3,3,4,1,1,0,0,1,0,1,80.2,56.2,1
STU1950,21,Male,Civil Eng,3,7.49,89.0,0,0,1,0,24,1,0,0,0,0,0,1,57.4,52.5,1
STU1951,21,Female,Computer Science,4,6.56,76.4,0,0,4,1,21,1,1,1,1,1,0,1,79.5,49.6,1
STU1952,20,Female,Electronics & Comm,3,8.89,77.1,3,1,1,3,4,0,0,0,1,0,0,1,61.6,42.9,0
STU1953,22,Female,Computer Science,4,5.53,88.9,3,0,3,2,4,1,0,1,1,1,0,0,73.4,70.4,0
STU1954,20,Female,Mechanical Eng,4,7.24,94.6,0,1,2,1,76,0,0,0,1,0,1,1,77.8,61.4,1
STU1955,20,Male,Electronics & Comm,3,7.55,91.0,0,1,3,4,68,1,1,0,1,0,0,1,57.0,48.0,1
STU1956,21,Female,Electronics & Comm,4,7.62,67.3,0,2,2,1,15,0,1,1,0,1,0,1,79.5,46.6,1
STU1957,19,Male,Mechanical Eng,3,7.8,77.3,0,0,0,1,36,1,1,0,1,0,1,0,58.8,46.3,1
STU1958,20,Male,Computer Science,4,8.27,80.8,0,2,3,2,46,1,1,1,1,0,0,1,58.2,55.8,1
STU1959,21,Female,Computer Science,4,7.56,75.4,0,1,2,1,120,1,1,1,1,0,1,1,79.5,81.9,1
STU1960,19,Male,Mechanical Eng,3,7.2,81.9,0,1,2,2,1,0,1,0,0,0,1,0,76.8,54.8,1
STU1961,21,Male,Information Technology,3,7.15,86.2,0,3,6,1,70,1,1,0,0,1,0,1,74.4,73.4,1
STU1962,20,Other,Computer Science,4,6.93,88.0,0,0,2,1,11,1,1,0,0,1,0,1,52.6,88.4,1
STU1963,20,Male,Information Technology,3,8.47,94.9,0,1,3,5,52,0,1,1,1,1,0,1,62.6,67.5,1
STU1964,20,Female,Electronics & Comm,4,6.89,74.7,0,0,2,1,6,1,1,0,0,0,0,1,77.6,53.5,1
STU1965,20,Male,Computer Science,3,8.53,64.4,1,1,3,3,14,1,1,1,0,0,0,0,100.0,63.7,1
STU1966,21,Male,Computer Science,3,7.62,81.6,0,1,3,1,247,0,1,0,1,1,0,1,93.4,64.3,1
STU1967,20,Male,Computer Science,4,7.03,96.8,0,0,3,2,197,1,1,1,1,0,1,1,61.4,90.9,1
STU1968,21,Female,Information Technology,3,8.28,73.2,0,1,6,1,48,1,1,1,0,1,0,1,58.8,39.0,1
STU1969,21,Female,Mechanical Eng,4,6.8,84.9,0,1,2,3,7,0,0,0,0,0,0,1,92.2,81.7,1
STU1970,21,Female,Civil Eng,3,8.3,85.0,0,2,3,3,10,1,0,0,0,0,0,1,76.4,38.9,1
STU1971,22,Other,Electronics & Comm,3,7.83,79.9,1,0,3,0,34,1,1,0,1,0,1,1,61.5,77.2,1
STU1972,21,Male,Computer Science,4,6.94,78.1,0,0,2,0,17,1,1,1,1,0,0,1,69.8,58.9,1
STU1973,20,Male,Mechanical Eng,4,8.18,68.8,0,1,2,5,29,1,1,1,0,0,1,0,50.5,92.4,1
STU1974,19,Female,Electronics & Comm,4,8.2,55.2,0,0,5,5,32,1,0,0,0,0,0,1,82.1,75.1,1
STU1975,20,Male,Computer Science,3,8.87,66.9,1,1,0,2,57,0,1,1,1,1,0,1,87.6,73.6,1
STU1976,21,Male,Civil Eng,4,8.66,74.1,0,0,2,2,2,1,0,0,0,0,0,1,89.6,50.9,1
STU1977,19,Male,Electrical Eng,4,8.14,89.0,0,0,2,4,57,0,0,0,0,0,0,0,83.8,92.1,1
STU1978,21,Female,Electrical Eng,3,6.36,77.0,2,2,0,0,11,1,0,0,0,0,0,0,63.5,100.0,0
STU1979,21,Female,Electrical Eng,4,10.0,72.8,0,2,4,3,19,1,0,0,0,0,0,1,80.5,95.2,1
STU1980,20,Male,Computer Science,4,6.06,69.1,1,1,1,2,16,1,0,0,1,0,1,0,88.5,50.0,1
STU1981,21,Male,Computer Science,4,8.64,84.6,0,2,1,3,124,1,0,1,1,0,0,1,81.2,62.2,1
STU1982,20,Female,Electronics & Comm,4,8.07,91.6,1,1,3,0,65,0,0,0,0,0,0,1,79.9,47.2,1
STU1983,19,Female,Computer Science,4,6.31,88.6,5,1,1,2,78,0,1,1,0,0,0,1,70.7,55.9,0
STU1984,21,Male,Information Technology,3,7.46,84.1,0,3,3,2,180,1,0,1,1,1,1,0,55.3,69.3,1
STU1985,21,Female,Electrical Eng,4,7.51,63.2,0,1,3,4,19,1,0,0,1,1,1,1,94.0,75.9,1
STU1986,21,Male,Electrical Eng,3,9.04,74.5,0,1,3,3,4,1,1,0,0,0,1,0,67.5,73.0,1
STU1987,20,Male,Information Technology,4,6.82,97.5,1,1,3,5,80,1,1,1,1,1,0,0,85.0,39.2,1
STU1988,20,Female,Electrical Eng,4,7.31,89.2,0,2,0,5,62,1,0,1,0,0,0,1,100.0,64.5,1
STU1989,21,Female,Mechanical Eng,4,5.03,62.6,3,0,0,2,72,0,1,0,0,1,0,1,80.7,72.8,0
STU1990,21,Male,Electronics & Comm,4,9.51,77.4,0,0,1,0,35,1,0,0,0,0,0,1,84.4,79.2,1
STU1991,21,Female,Computer Science,3,6.42,81.6,4,0,0,3,78,1,1,1,1,1,0,0,54.9,71.4,1
STU1992,20,Female,Computer Science,4,7.96,70.4,1,0,2,4,23,0,0,1,1,0,0,1,57.8,72.3,1
STU1993,21,Female,Information Technology,4,7.49,54.9,1,0,2,0,4,1,1,1,1,1,1,1,85.7,61.4,1
STU1994,20,Female,Computer Science,4,7.49,79.0,0,2,2,2,17,1,1,0,0,1,1,1,60.3,69.1,1
STU1995,19,Female,Computer Science,4,8.49,70.1,0,1,1,0,4,1,0,0,1,1,0,1,49.2,100.0,1
STU1996,22,Male,Computer Science,3,9.44,70.2,0,0,2,0,57,1,1,1,0,0,0,0,44.7,83.1,1
STU1997,20,Male,Information Technology,4,7.88,74.5,0,2,2,3,80,1,0,1,1,0,1,1,65.0,70.5,1
STU1998,22,Male,Mechanical Eng,3,8.32,76.7,0,1,1,3,18,1,1,1,1,1,0,1,64.8,75.9,1
STU1999,20,Male,Computer Science,4,7.96,77.9,0,1,3,2,9,1,0,1,0,1,1,1,82.0,66.1,1
STU2000,20,Female,Electrical Eng,3,8.72,69.2,0,1,3,4,77,0,1,1,0,0,1,1,54.2,66.1,1
STU2001,21,Male,Electronics & Comm,4,7.09,75.8,0,2,3,0,52,0,1,0,0,0,1,1,87.3,79.3,1
STU2002,22,Male,Computer Science,4,8.78,60.4,0,0,4,0,89,1,0,1,1,0,0,1,51.0,56.0,1
STU2003,21,Male,Civil Eng,3,8.82,81.1,0,0,3,4,13,1,1,1,0,1,0,1,51.4,63.1,1
STU2004,21,Male,Electronics & Comm,4,8.79,50.0,0,0,3,2,72,1,0,1,1,0,0,1,69.9,44.4,1
STU2005,21,Male,Information Technology,4,6.87,75.1,0,1,0,1,224,1,0,1,1,1,0,1,68.7,76.6,1
STU2006,21,Female,Electrical Eng,4,7.41,87.2,1,1,1,3,24,1,1,1,0,1,0,1,76.1,81.0,1
STU2007,21,Male,Computer Science,3,7.86,67.4,0,0,3,5,86,1,1,0,1,1,1,0,51.5,74.0,1
STU2008,20,Female,Electronics & Comm,3,6.09,85.2,1,0,1,3,20,1,1,1,0,0,1,0,72.9,61.5,0
STU2009,21,Female,Computer Science,3,9.35,89.6,0,1,2,4,256,1,1,1,1,0,0,1,44.5,64.3,1
STU2010,20,Male,Mechanical Eng,3,7.59,50.0,0,1,1,1,25,1,1,1,1,1,1,1,37.3,67.2,1
STU2011,23,Male,Information Technology,4,7.91,76.5,0,1,1,1,290,1,1,1,1,0,0,0,93.6,81.4,1
STU2012,22,Male,Electronics & Comm,4,6.97,50.0,4,2,3,4,2,0,0,0,0,1,1,1,82.7,80.5,0
STU2013,19,Female,Computer Science,4,6.14,76.8,2,3,1,2,38,0,1,1,1,1,1,1,67.9,43.5,1
STU2014,21,Female,Electronics & Comm,4,6.94,77.9,0,0,2,1,33,1,1,0,1,0,0,0,39.7,51.8,1
STU2015,22,Male,Electrical Eng,4,7.84,53.2,0,1,1,2,27,1,0,1,1,0,0,1,61.6,71.5,1
STU2016,20,Male,Information Technology,4,8.34,97.2,0,0,3,3,119,1,1,1,0,1,0,1,74.3,44.9,1
STU2017,21,Female,Electronics & Comm,3,7.78,80.9,1,1,3,1,15,1,0,0,1,0,0,1,61.6,78.8,1
STU2018,22,Male,Information Technology,4,7.98,69.5,0,1,2,3,109,1,1,1,1,0,0,0,89.9,60.9,1
STU2019,19,Male,Mechanical Eng,4,7.23,92.7,4,0,3,0,21,0,0,0,0,1,0,1,76.8,75.6,0
STU2020,21,Female,Information Technology,4,8.15,60.0,0,2,1,1,55,1,1,1,0,1,0,0,55.1,65.5,1
STU2021,20,Female,Mechanical Eng,3,9.23,65.7,1,2,3,3,4,1,1,1,0,1,0,1,45.7,63.5,1
STU2022,22,Female,Electrical Eng,3,8.38,55.0,0,0,3,0,9,0,0,1,1,0,0,1,80.2,48.7,1
STU2023,23,Female,Information Technology,3,8.49,96.0,0,0,5,1,87,1,0,1,1,0,0,1,79.8,56.8,1
STU2024,22,Female,Computer Science,4,7.92,81.3,0,0,1,4,47,1,0,1,1,1,0,0,78.6,63.3,1
STU2025,21,Male,Information Technology,4,5.95,84.6,2,1,0,3,14,1,1,1,1,1,1,1,91.6,62.8,1
STU2026,22,Female,Mechanical Eng,3,6.45,81.0,0,2,1,2,8,1,1,0,0,0,1,0,74.4,75.9,1
STU2027,21,Female,Computer Science,4,8.1,83.7,0,1,1,1,232,1,1,0,1,0,0,1,69.3,55.4,1
STU2028,20,Female,Electronics & Comm,4,7.59,78.8,0,1,1,1,29,0,1,0,1,0,1,1,78.7,64.6,1
STU2029,21,Male,Electrical Eng,4,8.08,80.7,0,2,2,2,33,0,1,1,0,1,0,1,85.3,87.6,1
STU2030,19,Male,Information Technology,4,9.44,79.1,0,1,2,1,53,1,1,1,0,1,0,0,77.6,77.3,1
STU2031,21,Male,Electronics & Comm,3,8.4,71.9,0,1,4,2,18,1,1,1,0,1,0,0,68.4,66.6,1
STU2032,20,Male,Computer Science,4,8.98,77.5,0,1,1,2,47,1,1,1,1,0,1,0,81.6,43.1,1
STU2033,20,Male,Computer Science,3,7.7,80.7,0,2,5,2,11,0,1,1,0,0,0,1,69.3,44.4,1
STU2034,19,Female,Electrical Eng,4,6.71,79.1,0,0,3,0,32,0,1,0,0,0,1,0,61.2,74.6,1
STU2035,21,Female,Computer Science,4,7.54,63.2,3,0,4,0,145,1,1,1,1,1,0,1,69.7,76.1,0
STU2036,20,Male,Computer Science,4,6.71,64.6,0,0,4,7,128,0,0,1,0,0,1,1,63.5,35.8,1
STU2037,21,Female,Mechanical Eng,4,9.31,88.8,2,2,3,7,25,1,0,0,1,0,0,1,66.8,75.5,1
STU2038,19,Male,Information Technology,4,8.47,74.9,0,1,3,2,99,1,1,1,1,0,0,0,56.2,56.6,1
STU2039,20,Male,Civil Eng,4,8.17,83.8,0,0,2,4,16,1,1,0,0,0,0,1,82.0,58.9,1
STU2040,21,Male,Civil Eng,4,8.96,67.1,0,4,2,3,75,1,0,0,1,1,0,1,71.0,78.3,1
STU2041,21,Male,Computer Science,3,5.38,63.3,2,3,4,0,58,0,1,1,1,1,0,0,77.9,76.0,1
STU2042,20,Male,Computer Science,4,8.25,69.6,0,3,2,1,28,1,1,1,0,1,0,1,74.8,63.5,1
STU2043,21,Male,Electrical Eng,4,6.16,75.8,1,0,0,1,1,0,1,0,1,0,0,1,55.4,75.3,1
STU2044,22,Male,Information Technology,4,7.59,71.3,0,2,3,2,42,0,1,1,1,1,0,1,86.5,59.5,1
STU2045,21,Female,Computer Science,4,7.26,90.9,2,0,2,2,22,1,0,1,0,1,0,1,64.8,53.2,0
STU2046,20,Male,Electrical Eng,4,8.33,79.8,4,0,3,5,24,1,0,0,0,0,0,1,62.9,83.9,0
STU2047,19,Female,Computer Science,4,7.85,96.5,0,1,0,4,130,1,1,1,1,0,0,1,71.0,84.9,1
STU2048,22,Female,Mechanical Eng,4,9.08,82.0,0,1,2,4,43,1,1,1,1,1,0,1,71.3,55.3,1
STU2049,19,Female,Computer Science,4,6.94,53.9,0,0,1,5,32,1,1,1,1,0,0,1,100.0,57.0,1
STU2050,22,Female,Computer Science,3,8.38,88.6,0,1,4,4,160,1,1,1,0,0,0,1,76.4,78.4,1
STU2051,21,Male,Computer Science,4,7.78,62.9,0,2,1,1,192,1,0,1,1,1,1,1,61.2,54.6,1
STU2052,22,Male,Civil Eng,4,5.8,80.3,1,1,4,1,31,0,1,1,1,0,1,1,94.6,77.0,1
STU2053,21,Female,Electronics & Comm,4,6.59,70.3,1,1,0,2,1,0,1,1,0,1,0,1,45.2,49.6,0
STU2054,23,Male,Electrical Eng,4,7.44,99.4,0,0,0,3,44,0,1,1,0,0,0,1,61.3,60.7,1
STU2055,20,Female,Information Technology,4,8.82,92.4,0,3,1,1,5,1,1,1,1,0,0,1,60.2,79.7,1
STU2056,21,Female,Information Technology,4,8.11,70.6,1,0,2,4,106,1,1,0,1,1,0,1,67.9,50.5,1
STU2057,20,Female,Computer Science,4,6.32,76.7,1,1,2,7,137,1,1,1,1,0,0,1,72.8,56.2,1
STU2058,21,Female,Information Technology,3,7.45,80.4,0,0,1,2,46,1,1,1,0,0,1,1,74.1,70.6,1
STU2059,21,Other,Electronics & Comm,4,9.82,86.6,1,2,2,2,9,1,1,1,1,1,1,1,73.8,38.0,1
STU2060,22,Female,Electronics & Comm,4,7.72,78.3,0,0,1,4,33,1,0,1,0,1,0,1,76.8,66.1,1
STU2061,23,Male,Computer Science,3,7.24,67.8,0,1,4,0,91,1,0,0,1,1,0,1,67.2,82.4,1
STU2062,21,Female,Civil Eng,4,8.14,70.8,0,1,0,0,101,0,0,0,0,0,1,1,86.1,78.0,1
STU2063,20,Male,Computer Science,4,8.44,78.0,0,2,2,4,56,1,1,1,0,1,0,1,45.4,64.3,1
STU2064,20,Male,Civil Eng,4,7.1,90.3,1,0,2,3,14,1,0,0,1,1,0,1,32.3,65.3,1
STU2065,21,Female,Computer Science,3,8.15,82.3,0,1,4,2,17,1,1,1,1,0,0,0,78.4,87.4,1
STU2066,20,Male,Information Technology,3,7.24,70.3,0,0,4,5,64,1,1,1,1,0,0,0,63.4,85.6,1
STU2067,20,Male,Information Technology,4,8.39,84.5,0,3,4,1,55,1,0,0,1,1,0,1,92.0,63.6,1
STU2068,20,Male,Information Technology,3,7.79,74.1,2,1,0,3,88,1,1,0,1,0,1,0,82.6,55.6,1
STU2069,20,Female,Electronics & Comm,4,8.13,86.9,0,1,4,3,3,0,0,0,0,0,0,1,76.2,77.9,1
STU2070,20,Male,Information Technology,3,6.76,100.0,0,1,3,1,22,1,1,1,1,1,1,1,61.2,82.0,1
STU2071,20,Female,Information Technology,4,6.7,74.4,3,0,4,1,152,0,0,0,1,0,0,0,77.5,85.7,1
STU2072,19,Male,Electrical Eng,3,8.64,86.0,2,0,1,5,8,0,1,0,1,0,1,0,62.5,73.8,0
STU2073,19,Female,Electronics & Comm,3,7.51,70.5,0,1,4,1,44,0,1,0,0,0,0,1,68.8,59.7,1
STU2074,23,Female,Mechanical Eng,4,7.91,76.9,0,3,2,1,13,1,1,1,0,1,0,1,63.4,40.0,1
STU2075,20,Male,Computer Science,3,7.26,78.3,0,1,2,2,23,1,1,1,1,1,1,1,71.6,94.1,1
STU2076,20,Male,Electronics & Comm,4,8.59,76.1,0,2,2,0,16,1,0,1,1,1,0,1,64.5,89.0,1
STU2077,21,Male,Electronics & Comm,4,6.93,100.0,0,0,2,5,29,0,1,1,0,1,1,1,82.0,53.5,1
STU2078,20,Female,Information Technology,4,7.45,74.9,0,3,2,0,200,1,1,1,1,1,1,0,74.3,67.9,1
STU2079,22,Female,Information Technology,4,8.46,83.9,0,1,2,2,160,1,1,1,1,1,0,1,60.9,61.7,1
STU2080,21,Female,Information Technology,3,8.89,58.7,0,1,3,1,4,1,1,0,1,1,1,1,61.7,66.0,1
STU2081,19,Male,Computer Science,3,7.02,82.3,2,1,2,4,155,1,1,1,1,0,0,1,50.2,59.0,1
STU2082,20,Female,Computer Science,4,9.76,89.4,0,1,3,2,206,1,1,1,1,0,0,1,40.7,75.4,1
STU2083,22,Female,Computer Science,4,7.94,72.7,0,1,1,1,5,1,1,1,0,1,1,1,81.1,48.0,1
STU2084,22,Female,Electronics & Comm,4,6.45,52.9,5,1,5,8,61,1,0,0,1,0,0,1,63.0,59.1,0
STU2085,21,Female,Electronics & Comm,4,8.01,77.6,0,1,3,0,12,0,0,1,1,0,0,0,51.0,78.1,1
STU2086,21,Male,Civil Eng,4,7.18,78.2,0,0,1,2,9,0,0,0,1,1,0,1,74.2,35.4,0
STU2087,20,Male,Electrical Eng,3,8.08,85.2,0,0,3,8,83,1,0,0,0,0,0,1,57.9,69.6,1
STU2088,23,Female,Computer Science,4,7.55,98.1,0,0,1,3,195,1,0,1,1,0,0,1,67.0,56.8,1
STU2089,20,Female,Mechanical Eng,4,7.68,74.2,0,1,0,3,2,0,1,1,1,1,0,1,49.9,89.2,1
STU2090,22,Female,Mechanical Eng,4,6.6,69.4,0,1,2,0,89,1,1,1,1,1,1,1,77.1,69.9,1
STU2091,21,Male,Information Technology,4,8.69,66.3,0,1,2,0,60,0,1,1,1,1,1,0,69.2,53.2,1
STU2092,21,Male,Electronics & Comm,3,6.33,80.0,0,1,1,0,17,1,1,1,0,1,1,0,75.0,86.8,1
STU2093,21,Male,Civil Eng,3,6.38,82.8,1,0,2,9,41,0,0,0,0,0,0,1,62.0,65.3,1
STU2094,20,Male,Electronics & Comm,4,8.0,72.5,0,2,5,7,43,1,1,1,0,0,0,0,71.5,67.0,1
STU2095,20,Female,Mechanical Eng,4,9.36,85.8,0,0,1,1,17,1,0,0,0,1,0,1,47.6,78.3,1
STU2096,20,Female,Computer Science,4,7.21,82.7,0,1,1,1,115,1,1,0,1,0,1,1,99.8,55.9,1
STU2097,20,Male,Computer Science,3,8.37,78.4,2,0,6,0,30,1,1,0,1,1,0,1,73.8,86.7,1
STU2098,21,Male,Information Technology,3,8.78,69.0,0,1,1,1,5,1,1,1,1,1,0,1,91.9,73.7,1
STU2099,20,Male,Electronics & Comm,4,8.5,73.2,0,1,3,1,79,1,1,1,0,1,0,1,64.3,55.4,1
STU2100,19,Male,Electrical Eng,4,7.26,53.7,0,1,1,3,27,1,0,0,0,1,0,1,53.3,58.5,1
STU2101,22,Female,Civil Eng,4,6.4,80.4,0,1,2,4,42,0,0,0,0,0,0,0,61.1,46.2,0
STU2102,22,Female,Information Technology,4,5.17,78.3,2,0,2,3,53,1,1,0,0,0,0,1,67.4,69.6,0
STU2103,22,Male,Computer Science,4,7.31,79.9,0,0,5,3,271,1,1,0,1,1,0,1,66.4,62.3,1
STU2104,23,Female,Electrical Eng,4,8.9,83.0,0,1,2,3,16,1,1,1,0,0,1,1,94.1,69.7,1
STU2105,20,Female,Electronics & Comm,4,6.36,81.9,2,2,2,3,40,1,1,0,1,1,0,1,56.0,39.5,1
STU2106,20,Female,Computer Science,4,8.37,76.9,0,1,5,2,72,1,1,1,0,0,0,1,59.5,57.1,1
STU2107,21,Male,Information Technology,3,6.55,78.5,0,0,6,1,8,0,1,1,1,0,1,0,78.0,50.3,1
STU2108,21,Female,Electrical Eng,3,7.72,64.0,0,1,1,1,41,0,0,0,1,1,1,0,45.8,72.4,1
STU2109,20,Male,Electrical Eng,4,8.38,72.2,0,1,3,3,49,1,0,1,0,0,0,0,67.4,56.0,1
STU2110,21,Male,Information Technology,4,6.87,78.5,2,1,2,6,31,1,1,1,0,0,1,1,70.0,72.1,1
STU2111,20,Male,Information Technology,3,7.79,70.6,0,2,2,2,102,1,1,1,1,1,1,0,74.1,57.0,1
STU2112,20,Male,Civil Eng,3,7.14,86.6,3,1,2,5,38,0,0,0,1,1,0,1,72.9,89.4,1
STU2113,21,Male,Electronics & Comm,4,8.38,71.4,0,0,2,0,43,0,1,0,0,0,1,1,95.8,65.8,1
STU2114,21,Male,Information Technology,3,7.86,80.2,0,0,1,4,66,0,1,1,1,1,0,1,55.6,78.7,1
STU2115,21,Male,Computer Science,4,7.66,79.2,0,1,2,4,6,1,1,0,1,1,0,1,59.0,63.3,1
STU2116,19,Female,Electrical Eng,3,9.31,85.5,0,1,2,3,14,1,1,0,0,0,1,1,76.5,78.8,1
STU2117,22,Female,Computer Science,3,8.33,87.0,0,0,1,6,67,1,1,1,1,0,1,1,71.2,53.4,1
STU2118,20,Male,Computer Science,4,6.84,84.9,0,3,2,2,23,1,1,1,0,1,1,1,72.9,64.4,1
STU2119,20,Female,Electronics & Comm,3,7.51,56.9,0,0,5,1,6,1,0,0,0,0,0,1,48.3,58.0,1
STU2120,22,Female,Computer Science,4,7.52,89.9,0,1,3,1,5,1,1,1,0,0,1,1,98.5,93.0,1
STU2121,22,Female,Electronics & Comm,3,7.69,93.3,0,0,2,2,20,0,1,0,0,1,0,1,74.3,47.2,1
STU2122,22,Male,Computer Science,3,10.0,73.2,1,2,4,5,113,1,1,1,1,0,0,1,45.9,96.1,1
STU2123,21,Female,Electronics & Comm,3,8.01,80.4,0,2,2,0,22,1,1,0,0,1,0,1,76.6,44.4,1
STU2124,21,Female,Computer Science,3,5.36,69.1,0,0,1,2,187,1,1,1,1,0,0,1,52.6,76.0,1
STU2125,21,Female,Computer Science,3,7.0,58.5,0,3,2,3,90,1,1,1,0,1,0,0,81.0,55.7,1
STU2126,19,Male,Computer Science,4,5.47,70.6,5,0,1,0,286,1,1,1,1,1,0,1,49.6,68.8,0
STU2127,20,Male,Civil Eng,4,7.24,72.6,0,1,3,0,8,0,0,1,0,0,0,1,82.1,62.4,1
STU2128,20,Female,Mechanical Eng,3,5.41,74.5,0,2,5,1,39,1,0,0,1,0,0,0,50.9,52.5,1
STU2129,20,Male,Computer Science,4,6.64,68.4,1,2,2,1,84,0,1,0,1,0,0,1,54.4,66.2,1
STU2130,21,Male,Electrical Eng,4,5.93,70.7,1,3,2,1,26,0,0,1,1,0,0,1,69.9,58.7,1
STU2131,21,Male,Electronics & Comm,4,8.02,77.9,0,2,2,1,10,0,1,1,1,0,1,0,59.4,73.6,1
STU2132,19,Female,Civil Eng,4,7.6,70.3,0,4,1,0,1,1,0,0,1,0,0,1,60.2,49.9,1
STU2133,20,Female,Information Technology,4,7.93,83.4,0,0,3,2,178,1,1,1,1,0,1,1,46.6,72.1,1
STU2134,21,Male,Electronics & Comm,3,7.48,84.8,0,0,2,3,24,1,1,1,0,0,0,0,63.4,78.0,0
STU2135,19,Female,Computer Science,4,6.07,100.0,1,1,0,3,82,0,1,1,1,0,1,1,80.4,63.4,1
STU2136,22,Male,Information Technology,4,8.16,89.3,1,2,3,2,53,1,1,0,1,0,0,0,94.3,45.2,1
STU2137,21,Female,Civil Eng,4,9.71,80.4,1,1,1,6,21,1,0,0,0,0,0,1,79.6,91.0,1
STU2138,21,Female,Electronics & Comm,4,8.05,71.8,0,0,5,5,64,1,1,1,1,0,0,1,77.6,72.0,1
STU2139,21,Female,Computer Science,4,7.13,80.9,2,2,2,6,300,1,1,0,1,0,0,1,44.4,54.2,1
STU2140,21,Female,Computer Science,4,6.03,81.3,1,3,2,1,139,0,0,0,1,0,0,1,67.6,72.4,1
STU2141,20,Male,Electrical Eng,4,6.6,72.9,0,1,0,4,52,0,0,0,1,1,1,0,58.9,39.9,1
STU2142,21,Female,Electronics & Comm,4,8.1,85.8,0,0,2,3,96,1,1,1,0,1,1,1,46.9,82.6,0
STU2143,21,Male,Information Technology,4,8.78,64.0,0,0,3,1,38,0,1,1,0,0,1,1,50.2,96.9,1
STU2144,20,Female,Civil Eng,3,7.89,75.6,0,0,2,0,0,1,0,1,0,0,0,1,77.4,77.4,1
STU2145,22,Female,Computer Science,3,8.48,83.6,0,1,4,3,23,1,1,1,0,0,0,1,60.2,50.0,1
STU2146,21,Female,Information Technology,4,8.38,75.1,0,3,2,0,1,1,1,1,1,0,1,1,47.3,35.2,1
STU2147,21,Male,Civil Eng,4,8.16,75.9,0,0,4,1,62,1,0,1,0,0,1,0,59.1,85.5,1
STU2148,22,Female,Information Technology,3,6.88,76.6,1,1,6,2,150,1,1,1,1,1,1,1,72.1,62.8,1
STU2149,22,Male,Computer Science,4,7.79,69.6,0,1,2,3,28,1,0,1,0,0,0,1,58.6,59.1,1
STU2150,21,Male,Electronics & Comm,4,6.67,89.7,0,0,2,5,31,1,1,1,1,1,1,0,51.1,82.5,1
STU2151,21,Female,Mechanical Eng,4,7.62,67.8,0,1,3,2,31,1,0,0,0,0,1,1,55.1,56.1,1
STU2152,21,Male,Computer Science,3,7.96,81.2,0,1,1,3,31,1,1,1,1,0,0,1,80.4,76.4,1
STU2153,21,Female,Civil Eng,3,9.45,82.1,0,2,4,1,5,1,1,1,1,0,0,1,38.9,65.4,1
STU2154,21,Male,Electrical Eng,4,6.16,68.5,1,1,2,3,31,1,0,0,0,0,1,1,64.2,68.7,1
STU2155,21,Male,Computer Science,4,8.13,78.7,3,2,3,2,37,1,1,1,1,1,0,1,66.4,89.4,1
STU2156,20,Female,Electrical Eng,4,9.23,68.9,0,0,0,4,17,0,0,0,0,0,0,1,57.4,57.7,1
STU2157,22,Female,Information Technology,4,8.43,91.9,0,0,3,1,37,0,1,1,1,0,0,0,54.6,56.3,1
STU2158,22,Male,Information Technology,4,8.52,66.6,0,0,1,2,139,1,1,1,1,1,0,1,81.8,62.0,1
STU2159,19,Female,Electrical Eng,3,8.25,71.5,0,1,3,2,82,0,0,1,1,0,0,1,81.7,47.0,1
STU2160,21,Male,Civil Eng,4,9.03,65.8,2,0,2,4,35,0,0,1,0,0,0,1,69.5,79.0,1
STU2161,20,Female,Computer Science,4,6.4,64.4,2,0,1,6,153,1,0,1,1,0,1,1,60.4,77.1,0
STU2162,20,Male,Information Technology,4,6.08,93.9,1,1,5,1,81,1,1,0,1,0,0,1,69.6,64.9,1
STU2163,21,Female,Information Technology,4,7.59,83.4,0,1,3,2,1,1,1,1,0,1,1,1,73.7,51.1,1
STU2164,20,Female,Information Technology,4,5.22,79.4,2,0,6,3,6,1,0,0,1,0,0,1,66.4,23.8,0
STU2165,21,Female,Information Technology,4,8.95,71.4,0,0,2,5,126,1,1,0,1,1,0,1,74.0,52.5,1
STU2166,21,Male,Computer Science,4,8.94,87.1,0,1,3,2,53,1,1,0,1,0,0,0,63.0,61.5,1
STU2167,21,Female,Electronics & Comm,4,7.12,69.8,0,0,2,0,10,1,1,0,0,0,0,1,23.9,36.5,0
STU2168,19,Female,Information Technology,4,7.19,85.9,0,1,3,1,14,1,1,1,1,0,0,0,65.3,100.0,1
STU2169,20,Female,Computer Science,3,7.52,69.3,0,1,0,2,15,1,1,0,1,1,0,1,77.6,71.2,1
STU2170,21,Male,Electrical Eng,3,7.66,71.6,0,0,1,2,28,0,0,1,1,0,0,1,68.4,73.2,1
STU2171,23,Female,Electrical Eng,3,7.74,85.6,4,0,4,1,20,1,1,0,0,1,0,1,72.8,62.8,0
STU2172,21,Female,Information Technology,3,8.21,86.6,0,0,2,0,74,1,1,0,1,0,0,1,64.2,76.1,1
STU2173,20,Male,Computer Science,4,7.41,84.0,3,0,5,3,31,1,1,1,0,1,0,1,65.3,60.5,1
STU2174,21,Male,Electronics & Comm,3,8.64,67.5,0,3,1,9,8,1,0,1,1,1,0,0,70.4,62.6,1
STU2175,21,Female,Computer Science,3,8.09,73.5,0,1,6,5,88,0,1,1,1,0,1,1,95.2,86.1,1
STU2176,21,Male,Computer Science,3,6.93,79.6,0,1,3,3,143,0,0,0,0,0,0,1,79.8,81.5,1
STU2177,20,Female,Electrical Eng,4,9.07,69.5,0,2,3,4,7,1,1,0,0,0,1,1,77.9,64.8,1
STU2178,21,Female,Computer Science,4,6.11,91.7,2,0,2,1,54,1,0,0,1,1,0,1,70.9,95.3,0
STU2179,21,Female,Computer Science,3,7.5,54.0,0,0,4,3,184,1,0,0,1,0,0,0,49.4,63.8,1
STU2180,22,Male,Computer Science,3,8.66,70.2,1,2,2,0,37,1,0,1,1,0,0,1,85.2,57.4,1
STU2181,20,Male,Computer Science,3,6.8,72.9,0,2,3,3,117,1,0,1,1,1,1,1,80.7,66.9,1
STU2182,21,Female,Computer Science,4,7.94,50.0,0,1,0,7,96,1,1,1,1,0,1,1,73.1,69.5,1
STU2183,22,Male,Civil Eng,3,8.2,64.0,2,1,2,4,25,0,0,1,0,0,0,0,67.4,47.1,0
STU2184,20,Female,Computer Science,4,6.65,84.3,0,2,4,2,134,1,1,1,1,0,1,1,75.6,72.3,1
STU2185,22,Male,Computer Science,4,7.52,78.3,0,0,1,4,11,0,1,1,1,0,0,1,64.8,96.7,1
STU2186,21,Male,Computer Science,3,7.43,93.7,0,0,3,6,117,1,1,1,1,0,1,1,78.2,79.3,1
STU2187,19,Male,Civil Eng,4,6.99,93.5,0,0,0,1,13,1,1,1,0,0,0,0,56.3,75.0,0
STU2188,20,Female,Electronics & Comm,3,10.0,82.3,0,1,4,4,2,1,0,1,0,0,0,1,41.3,72.2,1
STU2189,21,Female,Information Technology,4,6.76,81.1,0,0,6,1,145,1,1,0,1,1,0,0,51.2,50.0,1
STU2190,19,Male,Mechanical Eng,3,8.71,78.7,0,1,2,4,42,1,1,1,0,0,1,1,70.0,50.1,1
STU2191,21,Male,Information Technology,4,7.17,51.4,0,2,1,0,101,0,1,1,1,0,1,1,63.8,67.4,1
STU2192,20,Male,Information Technology,4,6.4,64.1,2,1,3,1,117,1,1,1,1,1,0,1,65.9,58.6,1
STU2193,21,Male,Computer Science,4,7.71,79.0,0,0,0,3,1,1,1,0,1,0,0,0,49.9,43.3,1
STU2194,19,Male,Information Technology,3,8.31,84.2,0,1,2,1,10,1,1,1,0,0,0,0,72.2,59.7,1
STU2195,22,Female,Information Technology,3,8.61,80.9,0,1,1,1,82,1,0,1,1,0,1,1,53.5,71.8,1
STU2196,23,Male,Electronics & Comm,4,9.32,69.1,1,0,2,2,35,1,0,1,1,0,0,1,75.0,73.7,1
STU2197,22,Male,Computer Science,4,10.0,87.4,0,0,0,4,216,1,1,1,1,1,1,1,48.2,52.5,1
STU2198,21,Male,Electronics & Comm,4,7.88,92.8,0,1,0,1,91,0,0,1,1,0,0,1,56.3,64.3,1
STU2199,20,Other,Computer Science,3,6.87,87.4,0,0,0,4,27,1,1,1,1,1,1,1,54.4,71.2,1
STU2200,21,Male,Computer Science,3,8.1,87.9,2,3,2,4,45,1,1,1,0,0,1,1,76.0,46.0,1
STU2201,19,Male,Information Technology,4,7.31,72.4,0,1,2,2,171,1,0,0,1,1,0,1,61.5,53.4,1
STU2202,19,Female,Civil Eng,3,8.62,88.8,5,0,1,3,54,1,1,1,0,0,0,1,73.9,64.8,0
STU2203,20,Female,Information Technology,3,6.17,79.5,5,1,3,0,11,0,1,0,1,1,1,0,84.0,51.4,0
STU2204,21,Male,Electronics & Comm,3,10.0,83.1,1,1,4,1,41,1,1,1,0,1,1,1,92.9,60.1,1
STU2205,21,Male,Computer Science,4,8.54,81.7,0,0,1,1,78,1,1,1,1,1,0,0,71.2,100.0,1
STU2206,21,Female,Computer Science,4,5.75,76.8,2,0,3,1,79,1,1,1,1,0,0,1,52.6,42.4,0
STU2207,20,Male,Computer Science,4,6.82,69.4,0,1,3,1,136,1,1,0,1,1,0,1,85.5,86.4,1
STU2208,20,Female,Information Technology,4,8.5,77.2,1,0,0,1,23,1,1,1,0,1,1,0,89.2,70.1,1
STU2209,23,Female,Computer Science,4,8.89,87.9,1,0,2,3,68,1,1,1,0,0,0,1,67.2,46.6,1
STU2210,20,Male,Computer Science,4,6.2,73.6,5,0,2,2,35,0,0,1,1,0,0,0,86.5,75.2,0
STU2211,21,Male,Electrical Eng,3,8.38,86.9,0,0,3,5,40,1,0,1,1,0,0,1,72.7,65.6,1
STU2212,20,Male,Computer Science,4,5.46,85.4,2,1,1,0,10,1,0,1,0,1,1,0,44.8,83.1,0
STU2213,21,Female,Electronics & Comm,4,7.5,75.0,0,2,6,0,29,0,0,1,0,0,0,0,59.2,74.9,1
STU2214,21,Male,Information Technology,3,8.82,91.9,0,1,3,2,86,1,1,1,0,0,0,1,60.9,67.9,1
STU2215,20,Male,Electronics & Comm,4,6.99,74.4,0,1,2,0,39,0,1,0,0,0,0,1,62.9,60.4,1
STU2216,19,Female,Electronics & Comm,3,5.94,93.1,2,3,0,4,12,0,0,1,0,1,1,1,54.9,82.5,1
STU2217,21,Other,Information Technology,4,7.76,82.3,2,0,1,2,80,0,1,1,1,0,0,0,54.5,59.1,1
STU2218,21,Male,Computer Science,3,6.93,77.8,0,0,2,2,211,1,1,1,1,0,0,1,86.8,44.0,1
STU2219,20,Female,Electrical Eng,3,8.29,69.1,1,1,2,1,86,0,0,0,1,0,0,1,43.7,36.6,1
STU2220,22,Male,Mechanical Eng,3,6.63,77.1,1,1,3,1,7,0,0,0,1,0,0,1,57.9,46.5,1
STU2221,20,Male,Computer Science,4,6.75,76.0,0,1,3,2,3,1,1,1,1,1,0,1,76.7,77.0,1
STU2222,20,Male,Computer Science,4,5.38,65.4,1,0,1,0,110,1,1,0,0,0,1,0,60.2,59.6,0
STU2223,22,Male,Mechanical Eng,4,7.79,75.8,0,0,2,0,111,0,1,1,1,0,0,0,73.6,53.4,1
STU2224,20,Male,Information Technology,4,7.42,70.0,0,1,0,2,118,1,1,1,1,1,0,0,62.4,58.5,1
STU2225,21,Male,Electronics & Comm,4,6.29,83.9,0,3,2,1,7,1,0,0,0,0,1,0,74.1,77.4,1
STU2226,20,Female,Information Technology,3,7.81,91.1,0,1,3,3,85,1,1,1,1,1,0,1,53.5,74.5,1
STU2227,20,Female,Computer Science,4,8.73,65.7,5,0,2,1,33,1,0,1,1,0,1,1,42.0,67.4,0
STU2228,23,Female,Electronics & Comm,3,7.36,95.1,0,1,3,0,88,1,1,1,0,0,0,1,62.4,56.0,1
STU2229,20,Male,Electronics & Comm,3,7.89,76.7,0,0,5,1,20,0,1,0,1,0,1,1,43.0,59.1,1
STU2230,22,Male,Computer Science,4,7.9,68.2,1,0,2,1,211,1,1,1,1,0,0,1,67.1,63.0,1
STU2231,20,Male,Information Technology,3,6.28,85.6,2,0,1,0,18,0,1,1,1,0,0,1,52.1,51.6,0
STU2232,20,Female,Electrical Eng,3,9.86,73.5,0,1,2,0,9,1,1,1,0,1,1,1,52.3,63.3,1
STU2233,19,Female,Electronics & Comm,4,7.08,77.2,0,2,0,1,3,1,0,1,0,1,0,0,88.6,50.8,1
STU2234,21,Male,Computer Science,4,8.32,74.0,0,1,2,1,120,1,0,1,1,0,0,1,71.8,70.5,1
STU2235,20,Male,Electronics & Comm,4,8.45,69.8,0,0,3,4,82,0,1,1,0,1,0,1,46.5,72.2,1
STU2236,22,Male,Electrical Eng,4,7.45,85.2,3,0,2,4,149,0,0,0,0,0,0,1,67.3,81.8,0
STU2237,21,Male,Electrical Eng,4,8.27,75.1,0,0,3,1,26,1,1,0,1,0,1,1,66.0,68.9,1
STU2238,22,Male,Electronics & Comm,4,7.87,63.6,0,3,3,0,14,1,1,1,1,1,0,0,39.0,68.4,1
STU2239,20,Female,Computer Science,3,6.04,83.5,2,1,4,3,44,1,1,1,1,0,0,1,72.9,52.5,1
STU2240,22,Female,Electrical Eng,3,7.23,65.9,0,0,1,4,8,0,0,0,1,0,1,1,81.3,64.3,0
STU2241,21,Male,Electronics & Comm,4,6.93,66.5,2,1,4,7,11,0,0,0,1,1,0,1,62.1,49.7,0
STU2242,21,Male,Computer Science,3,7.09,89.9,1,1,3,0,300,1,1,0,1,1,0,1,63.9,39.4,1
STU2243,21,Other,Information Technology,4,6.17,66.0,0,3,1,2,18,1,1,0,1,0,1,1,60.2,61.0,1
STU2244,21,Male,Information Technology,4,8.84,54.8,4,2,6,3,71,1,1,1,1,0,1,1,73.4,57.4,1
STU2245,21,Male,Electronics & Comm,3,9.36,84.2,0,0,5,4,6,1,1,0,0,0,1,1,64.5,74.2,1
STU2246,20,Male,Computer Science,3,8.68,75.0,0,1,2,0,226,1,1,1,1,1,0,0,65.1,50.6,1
STU2247,19,Male,Electronics & Comm,3,9.0,75.8,0,1,4,3,74,0,1,1,0,0,1,1,56.7,100.0,1
STU2248,22,Male,Mechanical Eng,3,7.22,74.9,0,0,1,1,65,0,1,0,0,0,1,1,96.6,57.8,1
STU2249,21,Female,Electrical Eng,3,6.9,80.3,0,1,2,0,44,1,0,1,0,0,1,1,64.4,63.9,1
STU2250,21,Male,Civil Eng,4,6.74,70.5,0,1,1,2,9,1,0,1,0,1,0,1,77.8,56.5,1
STU2251,21,Male,Civil Eng,4,8.31,92.8,0,0,2,1,26,0,1,1,0,0,0,1,71.7,76.7,1
STU2252,20,Female,Computer Science,4,7.85,63.2,0,1,2,3,172,1,1,1,1,0,0,1,32.2,61.8,1
STU2253,20,Male,Electronics & Comm,3,7.52,82.4,1,1,1,3,108,1,1,1,1,0,0,0,62.8,50.3,1
STU2254,21,Female,Information Technology,4,9.02,84.4,0,0,3,4,98,1,1,1,1,0,0,1,51.9,37.5,1
STU2255,20,Female,Mechanical Eng,4,8.05,70.4,0,0,1,1,29,0,0,1,0,0,0,1,81.7,73.6,1
STU2256,20,Male,Computer Science,4,6.68,67.8,1,1,0,0,41,1,1,1,1,0,0,1,50.3,74.7,1
STU2257,21,Female,Civil Eng,4,6.85,88.2,0,0,2,1,23,0,0,0,0,0,0,0,74.9,70.1,1
STU2258,19,Male,Electronics & Comm,4,8.35,68.1,0,2,2,2,9,1,0,1,0,0,1,1,82.0,61.8,1
STU2259,21,Other,Electrical Eng,4,8.75,71.9,0,0,1,3,72,0,1,0,1,0,1,0,71.9,60.2,1
STU2260,20,Male,Computer Science,4,8.21,86.9,1,0,1,1,170,1,1,0,0,0,0,0,68.1,76.7,1
STU2261,21,Other,Computer Science,3,9.69,78.3,2,0,2,2,84,1,1,1,1,1,0,1,62.5,63.5,1
STU2262,20,Female,Electrical Eng,4,9.4,60.0,1,1,1,2,21,1,1,1,0,0,1,0,66.3,81.9,1
STU2263,21,Male,Computer Science,3,8.09,95.5,2,1,2,1,81,0,0,1,0,1,0,1,49.2,63.5,1
STU2264,19,Male,Electrical Eng,4,6.68,72.7,0,1,4,3,57,0,0,1,0,0,0,1,70.5,63.0,1
STU2265,19,Other,Computer Science,4,6.16,74.0,3,0,1,2,110,1,1,1,1,0,0,1,82.7,70.6,0
STU2266,20,Female,Electronics & Comm,3,7.17,80.6,0,2,3,4,3,0,0,1,0,0,1,0,55.8,85.9,1
STU2267,21,Male,Information Technology,3,8.43,84.3,0,0,1,3,16,1,0,1,1,0,1,1,68.3,82.7,1
STU2268,21,Female,Electronics & Comm,3,9.61,97.6,0,0,2,0,22,0,0,0,0,1,1,1,66.6,64.3,1
STU2269,20,Male,Electronics & Comm,3,8.06,61.4,0,0,2,2,13,1,1,0,0,0,0,0,72.4,59.4,1
STU2270,21,Male,Information Technology,3,8.89,86.3,0,0,4,3,177,1,1,1,1,0,1,0,60.5,46.9,1
STU2271,22,Male,Computer Science,3,7.33,85.4,0,1,2,0,22,1,0,1,1,0,0,1,46.9,75.4,1
STU2272,21,Male,Computer Science,3,8.29,76.6,0,0,3,4,3,1,1,1,1,1,0,1,52.3,38.2,1
STU2273,19,Female,Electronics & Comm,3,8.51,85.9,0,0,2,1,1,0,1,1,0,1,0,0,35.5,90.6,1
STU2274,21,Male,Electronics & Comm,4,5.42,87.3,0,2,1,2,5,1,1,0,1,1,0,0,78.9,77.6,1
STU2275,20,Female,Electrical Eng,3,7.15,64.2,0,0,4,6,15,1,1,1,0,0,1,0,73.6,53.8,1
STU2276,20,Male,Electronics & Comm,3,8.64,95.5,0,2,2,2,28,1,1,1,0,0,0,1,67.8,83.5,1
STU2277,23,Male,Information Technology,4,7.9,62.4,3,1,0,2,4,0,0,1,1,0,0,1,58.2,73.2,0
STU2278,20,Male,Information Technology,4,6.28,66.6,3,0,1,0,4,1,0,1,0,0,0,1,65.7,72.0,0
STU2279,21,Male,Computer Science,4,5.0,75.4,1,1,2,0,22,1,1,1,1,0,0,1,67.6,61.0,1
STU2280,21,Male,Information Technology,3,7.2,97.2,2,1,0,2,78,1,0,1,1,1,0,0,60.7,73.3,1
STU2281,21,Male,Civil Eng,4,7.52,74.9,0,0,2,2,84,0,0,1,1,0,0,1,61.2,43.7,0
STU2282,21,Female,Mechanical Eng,4,6.63,77.7,0,2,2,1,115,0,0,0,0,0,0,1,86.3,65.9,1
STU2283,19,Male,Information Technology,4,7.76,92.3,0,1,2,5,8,1,1,0,0,0,0,1,50.5,54.8,1
STU2284,20,Male,Electronics & Comm,4,8.16,75.0,0,2,0,1,66,0,1,1,0,0,0,1,81.9,60.7,1
STU2285,21,Male,Mechanical Eng,4,8.34,66.2,0,2,6,2,5,0,1,1,0,0,0,1,45.4,54.7,1
STU2286,19,Female,Information Technology,4,5.01,73.8,1,0,1,2,123,1,1,0,1,0,0,1,90.5,55.4,1
STU2287,20,Female,Computer Science,4,6.15,91.7,2,0,3,2,136,1,1,1,1,0,1,1,34.5,84.3,1
STU2288,19,Male,Computer Science,4,7.26,78.7,0,0,3,2,135,1,1,1,1,0,0,1,74.5,43.5,1
STU2289,19,Male,Electronics & Comm,4,8.23,97.3,1,2,1,1,29,1,1,0,0,1,1,1,58.8,71.1,1
STU2290,20,Male,Civil Eng,4,8.14,85.4,0,2,1,5,0,1,1,1,0,0,0,1,65.7,48.0,1
STU2291,20,Female,Electronics & Comm,3,8.12,71.6,0,1,1,2,19,1,0,0,1,0,0,1,66.1,84.8,1
STU2292,21,Male,Computer Science,4,7.18,78.5,0,0,1,2,48,1,0,1,1,0,0,0,76.5,71.4,1
STU2293,21,Male,Computer Science,3,7.24,69.5,3,0,1,3,223,0,1,1,1,0,1,1,40.5,43.9,0
STU2294,21,Male,Electrical Eng,4,6.8,71.3,0,2,3,0,24,0,1,1,0,0,1,1,67.6,70.0,1
STU2295,20,Male,Mechanical Eng,4,8.45,100.0,2,3,2,4,16,1,0,1,0,0,0,1,70.6,54.6,1
STU2296,20,Male,Electronics & Comm,3,6.59,88.2,1,0,2,2,1,0,0,0,0,0,1,0,58.7,68.4,0
STU2297,20,Female,Electronics & Comm,4,8.54,86.6,0,0,0,3,5,1,0,1,0,0,0,1,66.4,45.1,1
STU2298,21,Male,Computer Science,3,7.83,71.8,0,0,4,3,170,1,1,1,1,0,0,1,58.7,83.5,1
STU2299,21,Female,Mechanical Eng,4,7.55,93.7,0,0,1,4,48,1,0,0,1,1,0,0,75.8,35.0,1
STU2300,19,Male,Electrical Eng,3,6.88,89.0,2,2,2,1,21,1,0,1,0,0,1,0,73.1,52.9,1
STU2301,22,Male,Computer Science,4,6.11,96.8,0,1,0,4,300,1,1,1,1,0,0,0,71.0,48.8,1
STU2302,19,Female,Electrical Eng,4,6.89,96.3,0,1,1,1,7,1,1,1,0,0,1,0,77.3,70.7,1
STU2303,21,Male,Computer Science,4,7.24,63.2,0,1,3,3,203,1,1,1,1,1,1,1,85.5,57.6,1
STU2304,21,Female,Computer Science,4,5.0,66.9,1,0,3,0,193,1,1,1,1,1,0,1,54.1,62.2,0
STU2305,22,Female,Computer Science,3,7.38,68.0,0,0,3,0,4,1,1,1,1,0,1,1,99.1,55.4,1
STU2306,21,Male,Computer Science,4,8.62,68.6,2,2,2,0,100,1,1,1,1,0,1,1,73.5,44.5,1
STU2307,21,Female,Information Technology,3,8.22,81.2,0,1,5,1,33,0,1,1,1,0,1,1,61.0,61.6,1
STU2308,20,Male,Information Technology,3,7.05,72.3,4,1,2,0,101,0,1,1,1,0,0,0,100.0,45.5,0
STU2309,21,Female,Electronics & Comm,3,7.65,98.7,0,0,2,3,0,0,0,0,1,0,1,1,62.2,37.5,1
STU2310,19,Male,Information Technology,4,6.99,97.0,0,0,1,1,62,0,0,0,0,1,1,1,51.0,74.4,1
STU2311,22,Female,Computer Science,4,7.76,77.9,0,0,0,3,48,1,0,0,0,0,0,1,60.9,46.4,1
STU2312,21,Male,Computer Science,3,9.29,97.6,0,1,2,0,229,1,1,1,1,1,1,0,60.2,86.9,1
STU2313,21,Male,Electronics & Comm,3,8.67,92.9,0,1,1,1,16,0,1,1,1,0,1,1,83.2,86.3,1
STU2314,21,Female,Information Technology,3,8.17,73.5,0,1,2,2,6,1,1,1,0,1,1,0,66.4,78.3,1
STU2315,21,Female,Computer Science,4,7.06,57.9,0,2,1,1,231,1,0,1,1,1,0,1,69.4,48.0,1
STU2316,21,Female,Mechanical Eng,4,8.42,75.8,0,1,3,0,21,0,1,1,0,0,0,1,68.9,96.8,1
STU2317,21,Female,Electrical Eng,3,5.74,71.6,2,1,6,9,60,0,0,0,0,0,0,1,84.3,29.7,0
STU2318,19,Female,Mechanical Eng,4,7.32,80.1,0,0,2,1,107,1,0,0,0,0,1,1,63.5,51.8,1
STU2319,19,Male,Information Technology,3,8.24,78.9,0,2,4,3,135,1,1,0,1,1,0,1,65.1,77.5,1
STU2320,20,Male,Computer Science,4,8.41,78.6,0,1,4,1,116,1,1,1,1,0,0,1,58.4,76.3,1
STU2321,20,Male,Electronics & Comm,4,8.34,83.2,0,0,6,4,6,0,1,1,1,0,1,0,62.1,54.1,1
STU2322,22,Male,Computer Science,4,7.92,65.9,0,1,2,1,13,1,1,1,1,1,0,1,75.4,53.2,1
STU2323,20,Male,Information Technology,4,7.38,82.1,0,1,3,5,248,1,0,1,1,1,0,1,78.2,61.8,1
STU2324,23,Female,Computer Science,4,8.19,73.6,0,2,1,1,8,1,1,0,1,0,0,1,91.8,63.7,1
STU2325,20,Male,Mechanical Eng,3,6.55,80.0,0,3,2,0,7,0,0,0,1,1,0,1,66.5,58.0,1
STU2326,20,Female,Computer Science,3,6.67,87.6,0,1,3,2,163,1,1,0,1,0,0,1,64.3,89.9,1
STU2327,21,Male,Mechanical Eng,4,7.67,65.8,0,2,3,2,12,1,1,1,0,0,0,1,73.6,54.7,1
STU2328,21,Male,Mechanical Eng,3,7.79,75.2,0,0,1,0,25,0,1,1,1,0,0,0,61.4,87.0,1
STU2329,21,Male,Information Technology,3,5.59,76.8,2,1,4,1,16,1,1,1,1,0,0,0,59.0,71.1,1
STU2330,21,Female,Electrical Eng,4,8.1,72.9,0,2,2,4,81,1,1,1,0,1,1,1,72.5,80.3,1
STU2331,21,Female,Electronics & Comm,4,8.45,87.0,0,1,1,0,0,0,0,1,0,0,0,1,62.5,42.6,1
STU2332,20,Female,Electrical Eng,4,7.51,70.8,1,1,2,2,10,0,0,1,0,1,0,1,63.9,80.4,1
STU2333,23,Male,Information Technology,4,10.0,72.4,0,2,4,2,73,1,0,0,0,1,0,1,76.5,79.9,1
STU2334,23,Female,Electrical Eng,4,6.85,70.9,0,0,5,3,4,1,0,0,1,0,0,1,72.3,55.0,1
STU2335,21,Male,Information Technology,3,7.2,88.9,0,0,3,0,161,1,1,1,1,0,0,0,96.0,77.7,1
STU2336,20,Male,Civil Eng,4,7.17,73.1,0,1,0,2,110,0,0,1,0,0,0,1,80.9,42.8,1
STU2337,21,Male,Information Technology,4,7.52,82.6,0,2,1,0,113,0,1,1,1,0,1,1,57.3,57.9,1
STU2338,19,Male,Information Technology,3,7.24,97.8,0,2,0,1,70,1,1,1,0,0,0,0,62.4,82.5,1
STU2339,19,Male,Electrical Eng,3,6.05,77.3,1,1,1,2,75,1,1,0,0,1,0,0,48.8,62.3,1
STU2340,20,Female,Mechanical Eng,3,7.0,89.1,0,2,2,5,2,1,1,0,0,0,1,1,54.4,61.0,1
STU2341,21,Female,Electronics & Comm,4,7.49,94.7,1,1,2,0,5,0,0,1,0,0,1,1,85.7,86.1,1
STU2342,22,Male,Computer Science,4,8.95,88.3,3,0,1,1,168,1,1,1,1,0,0,1,64.1,35.7,1
STU2343,21,Male,Information Technology,4,10.0,77.8,0,2,4,3,41,1,1,1,1,1,0,0,48.6,62.3,1
STU2344,21,Male,Civil Eng,4,9.07,84.4,1,0,2,1,26,0,1,0,1,0,0,0,40.7,64.0,1
STU2345,20,Male,Electrical Eng,3,6.75,65.1,0,0,3,3,28,1,0,0,1,1,0,1,47.4,53.0,1
STU2346,20,Female,Electrical Eng,4,6.83,70.2,0,1,2,10,10,1,1,0,1,0,1,1,56.8,85.6,1
STU2347,20,Male,Computer Science,4,7.42,72.0,0,0,2,8,59,1,1,1,1,0,0,1,68.1,51.3,1
STU2348,23,Female,Information Technology,3,9.56,100.0,0,0,1,1,149,1,0,1,0,1,0,1,62.4,51.5,1
STU2349,19,Male,Electronics & Comm,4,7.42,69.9,0,0,2,2,16,0,1,0,1,1,0,1,77.8,27.9,1
STU2350,22,Other,Mechanical Eng,3,6.14,69.7,2,0,2,5,39,0,0,1,0,0,0,0,54.9,81.7,0
STU2351,21,Male,Computer Science,4,7.05,67.6,0,0,2,0,65,1,0,1,1,0,0,1,85.2,60.1,1
STU2352,20,Female,Mechanical Eng,4,8.43,83.6,0,1,3,2,63,1,1,1,1,0,0,1,66.1,60.1,1
STU2353,21,Male,Electronics & Comm,4,8.36,79.4,0,2,4,1,26,1,0,1,0,0,0,1,74.4,61.8,1
STU2354,21,Female,Computer Science,4,7.38,88.9,0,2,2,1,182,1,0,1,1,1,0,0,60.7,82.9,1
STU2355,22,Male,Information Technology,3,8.35,84.7,0,2,1,9,5,1,1,1,1,0,0,1,82.2,89.2,1
STU2356,22,Male,Computer Science,4,5.1,64.2,1,1,5,3,11,0,1,1,1,0,0,1,49.4,39.0,1
STU2357,20,Female,Electronics & Comm,4,7.71,69.9,0,2,3,1,80,0,0,0,1,0,1,1,50.7,58.1,1
STU2358,20,Female,Computer Science,4,8.55,91.7,0,0,3,4,50,1,1,0,1,1,1,1,54.4,48.0,1
STU2359,21,Female,Computer Science,4,6.68,76.0,0,0,3,2,68,1,1,1,1,1,0,0,84.5,61.6,1
STU2360,22,Female,Electrical Eng,4,6.68,89.9,0,1,0,4,10,0,0,1,0,0,0,1,64.7,63.6,1
STU2361,20,Female,Computer Science,3,5.55,76.5,2,1,0,1,65,1,1,1,1,1,0,1,54.7,39.2,0
STU2362,21,Male,Computer Science,4,9.35,68.3,0,2,1,1,45,1,1,1,1,1,0,1,65.3,70.5,1
STU2363,21,Male,Information Technology,4,6.81,75.0,0,1,1,1,134,1,1,1,0,1,0,1,70.4,58.3,1
STU2364,21,Male,Electronics & Comm,4,7.87,68.3,0,0,2,2,2,1,0,0,1,1,0,1,52.9,76.7,1
STU2365,20,Female,Electrical Eng,3,8.26,72.3,0,2,1,1,88,1,1,0,0,0,1,1,70.2,65.5,1
STU2366,21,Male,Information Technology,3,9.26,80.0,1,1,4,0,58,1,1,0,1,1,1,1,66.1,39.3,1
STU2367,22,Male,Electrical Eng,3,7.43,83.1,1,2,2,9,71,0,1,0,1,0,0,1,60.9,74.2,1
STU2368,20,Female,Electronics & Comm,4,7.01,62.1,0,2,2,5,23,1,1,1,0,0,1,0,50.3,44.9,1
STU2369,20,Female,Computer Science,4,7.79,77.8,0,0,0,3,38,1,1,1,1,1,1,1,80.4,46.5,1
STU2370,23,Male,Computer Science,4,9.01,72.1,0,0,2,5,40,1,1,1,1,1,1,1,61.4,60.2,1
STU2371,20,Male,Information Technology,4,7.41,71.5,0,0,1,6,223,0,0,1,1,1,0,0,26.9,60.7,1
STU2372,22,Male,Information Technology,3,6.55,79.3,0,0,3,3,300,1,1,1,1,0,0,0,73.0,38.7,1
STU2373,21,Male,Electrical Eng,4,5.91,72.5,0,0,3,2,268,0,0,0,0,0,0,0,73.3,62.8,1
STU2374,20,Male,Electronics & Comm,4,6.26,91.8,3,1,2,5,92,0,0,0,0,0,1,0,81.1,63.7,0
STU2375,22,Female,Information Technology,4,8.55,89.9,0,2,1,2,183,0,0,1,1,0,0,1,73.8,63.1,1
STU2376,20,Female,Computer Science,4,7.25,89.8,0,2,3,0,110,1,1,1,1,1,0,0,69.9,39.7,1
STU2377,21,Female,Computer Science,4,6.93,73.1,0,1,1,1,31,0,1,1,1,0,1,1,61.2,67.2,1
STU2378,20,Male,Electronics & Comm,4,6.81,68.4,0,0,1,2,77,1,1,1,0,1,1,1,61.2,74.3,1
STU2379,21,Female,Information Technology,4,7.69,78.8,0,0,2,6,188,1,1,1,1,1,1,1,77.5,44.8,1
STU2380,20,Male,Electronics & Comm,4,7.34,76.5,0,1,4,3,8,1,1,0,1,1,1,1,65.8,48.9,1
STU2381,20,Male,Computer Science,3,7.3,71.9,0,0,1,4,60,1,1,0,1,1,0,0,47.9,76.8,1
STU2382,22,Female,Electronics & Comm,3,9.08,66.2,1,2,4,3,101,1,1,0,1,0,0,0,63.2,88.7,1
STU2383,20,Male,Mechanical Eng,3,9.29,77.6,0,3,0,1,17,1,0,1,1,0,0,1,67.2,62.5,1
STU2384,21,Male,Computer Science,4,5.83,74.0,3,1,0,3,77,1,1,1,0,1,0,0,40.1,58.3,0
STU2385,20,Female,Information Technology,3,7.96,84.9,0,1,3,1,25,1,1,1,1,1,0,1,78.5,68.0,1
STU2386,21,Male,Civil Eng,3,6.75,84.7,0,0,1,2,114,1,1,1,0,1,1,0,68.0,85.3,1
STU2387,20,Female,Information Technology,3,7.33,89.0,0,1,1,4,300,1,1,0,1,1,1,1,48.9,52.2,1
STU2388,22,Male,Electronics & Comm,4,7.94,65.4,2,0,1,2,34,0,1,1,0,0,0,0,63.8,57.7,0
STU2389,21,Female,Computer Science,4,7.37,82.0,0,0,2,4,49,1,1,0,1,1,0,0,66.6,57.3,1
STU2390,20,Male,Electronics & Comm,4,7.85,70.7,0,1,1,1,67,1,0,0,1,0,1,0,81.2,43.7,1
STU2391,19,Male,Computer Science,3,8.34,65.8,0,1,3,3,9,1,1,1,1,0,0,0,80.8,77.8,1
STU2392,20,Female,Civil Eng,3,7.92,73.7,0,1,3,1,93,1,1,0,0,0,0,1,83.1,68.9,1
STU2393,21,Male,Electrical Eng,4,6.89,88.7,0,1,5,2,2,1,0,1,0,0,0,1,73.3,34.7,1
STU2394,20,Male,Electrical Eng,3,6.91,74.3,1,1,3,2,5,1,0,0,1,0,0,0,58.9,64.8,1
STU2395,21,Male,Electrical Eng,3,6.02,93.7,0,2,3,2,70,0,0,0,1,0,0,1,55.3,89.9,1
STU2396,20,Male,Electronics & Comm,3,6.66,83.5,0,3,3,0,117,0,1,0,1,1,0,0,58.2,69.1,1
STU2397,20,Male,Information Technology,4,9.76,74.1,3,2,4,1,7,1,1,0,1,1,0,1,67.1,89.1,1
STU2398,21,Male,Mechanical Eng,4,6.73,89.6,0,2,1,3,0,1,1,1,1,1,1,1,67.6,56.6,1
STU2399,21,Female,Civil Eng,3,6.29,82.5,1,1,1,2,16,1,0,0,1,0,0,1,82.4,79.5,1
STU2400,20,Male,Information Technology,3,7.95,68.7,0,1,3,2,7,1,1,0,0,0,1,1,64.4,84.7,1
STU2401,20,Male,Civil Eng,4,7.48,96.6,0,0,1,2,57,1,0,0,0,0,0,1,39.7,63.9,0
STU2402,19,Male,Electronics & Comm,4,7.38,80.6,1,0,4,6,2,0,1,0,0,0,1,0,51.3,58.8,1
STU2403,21,Male,Electronics & Comm,4,9.15,78.2,0,2,2,6,10,1,1,1,0,0,1,1,54.3,81.5,1
STU2404,21,Female,Information Technology,4,8.2,69.4,1,2,1,1,49,1,1,1,1,1,1,1,54.3,73.1,1
STU2405,21,Male,Computer Science,4,7.02,89.8,0,1,3,1,121,1,1,0,1,1,0,0,28.7,79.3,1
STU2406,21,Female,Computer Science,4,7.13,83.2,0,1,1,2,29,0,1,0,1,0,0,1,90.0,71.2,1
STU2407,21,Male,Computer Science,4,7.05,84.3,0,0,5,0,52,1,1,0,0,0,0,1,37.4,63.8,1
STU2408,21,Female,Electronics & Comm,4,8.56,72.9,0,0,6,1,43,0,0,1,1,0,0,1,60.0,63.7,1
STU2409,22,Female,Information Technology,3,7.26,86.3,0,1,3,1,32,1,1,1,1,0,0,0,77.2,59.7,1
STU2410,20,Female,Information Technology,4,5.63,87.1,0,1,1,1,143,1,1,1,0,1,0,1,76.3,71.0,1
STU2411,20,Female,Civil Eng,4,7.55,71.3,0,3,1,3,22,1,0,1,0,0,0,1,47.4,62.3,1
STU2412,20,Male,Information Technology,3,5.91,63.8,3,0,2,1,18,1,1,1,1,1,0,0,84.9,68.8,1
STU2413,19,Male,Information Technology,4,10.0,83.8,0,1,4,1,55,1,0,0,1,1,0,1,82.9,53.1,1
STU2414,21,Male,Computer Science,4,6.54,62.3,0,1,1,5,24,0,1,1,0,0,0,0,65.5,52.2,1
STU2415,22,Female,Computer Science,4,7.42,79.5,0,4,1,4,210,1,1,0,1,0,0,0,68.4,73.8,1
STU2416,19,Male,Electrical Eng,4,7.88,73.5,2,2,0,4,2,1,0,0,0,1,0,0,55.2,70.8,1
STU2417,20,Male,Electronics & Comm,4,7.28,90.2,0,1,2,1,109,1,1,1,1,0,1,0,71.5,58.6,1
STU2418,21,Female,Electrical Eng,3,7.28,74.1,0,4,4,0,10,0,0,1,0,0,1,1,71.2,85.7,1
STU2419,22,Male,Computer Science,4,8.06,89.1,0,1,0,0,6,1,1,1,1,1,0,1,61.2,52.7,1
STU2420,20,Female,Electronics & Comm,4,9.28,72.9,0,0,1,1,3,0,1,0,0,0,1,1,77.0,71.6,1
STU2421,21,Female,Computer Science,3,8.44,88.0,0,1,3,1,57,1,1,1,1,0,0,1,72.6,71.9,1
STU2422,19,Female,Computer Science,3,9.23,98.6,0,0,3,4,116,1,1,1,1,1,1,1,100.0,65.8,1
STU2423,20,Female,Computer Science,4,6.45,67.3,3,1,3,8,158,1,1,1,1,1,0,1,55.4,84.0,1
STU2424,23,Male,Computer Science,3,7.95,80.9,0,3,3,4,35,1,0,1,1,0,0,1,86.7,89.4,1
STU2425,22,Male,Information Technology,4,7.77,100.0,0,2,1,3,60,1,1,1,1,0,1,1,56.1,47.7,1
STU2426,19,Male,Computer Science,3,7.99,78.7,1,0,2,2,27,1,1,1,0,1,1,1,75.4,30.9,1
STU2427,22,Male,Civil Eng,3,9.11,78.6,1,0,6,3,40,1,1,0,0,0,1,1,31.6,57.7,1
STU2428,21,Female,Information Technology,4,7.36,85.9,0,0,6,6,0,1,1,0,1,0,0,1,60.8,50.3,1
STU2429,22,Female,Computer Science,3,7.15,78.4,2,0,2,2,298,1,1,0,1,1,0,0,74.6,58.4,1
STU2430,21,Male,Computer Science,4,8.19,60.9,4,0,3,1,52,1,1,1,1,0,0,0,71.4,92.3,0
STU2431,21,Male,Electronics & Comm,4,5.64,89.3,4,1,5,1,108,1,1,0,0,0,1,0,39.9,100.0,0
STU2432,21,Female,Computer Science,3,7.34,58.0,1,1,2,2,1,1,0,1,0,1,0,0,62.2,50.8,1
STU2433,21,Male,Mechanical Eng,3,7.45,73.8,0,2,1,1,43,1,0,1,0,0,0,1,88.7,68.4,1
STU2434,20,Male,Civil Eng,4,6.59,90.1,0,0,3,5,37,0,0,0,0,0,1,0,82.4,68.0,1
STU2435,19,Male,Computer Science,3,8.76,74.4,0,0,5,2,42,1,1,1,0,1,1,1,81.4,70.2,1
STU2436,20,Female,Information Technology,4,6.43,71.1,1,0,3,3,6,1,1,1,1,1,0,1,100.0,44.4,1
STU2437,21,Female,Computer Science,4,7.45,86.8,0,0,3,0,4,1,1,1,0,0,0,0,43.6,83.5,1
STU2438,20,Female,Electronics & Comm,3,7.92,69.5,0,1,2,2,55,0,0,0,0,0,0,1,62.5,78.5,1
STU2439,21,Female,Information Technology,4,9.09,65.8,0,0,0,2,214,1,1,1,1,0,1,1,68.4,57.8,1
STU2440,22,Male,Computer Science,3,7.59,80.7,0,1,1,3,47,1,1,1,0,1,0,1,57.8,83.5,1
STU2441,19,Male,Computer Science,3,8.63,76.2,2,2,6,1,163,1,1,0,1,1,0,0,69.7,43.4,1
STU2442,21,Female,Electronics & Comm,3,8.37,65.6,1,1,2,7,73,1,1,0,0,1,1,1,86.2,39.6,1
STU2443,20,Male,Information Technology,4,7.74,84.4,0,2,0,3,135,1,1,0,0,1,1,1,69.5,69.0,1
STU2444,22,Female,Computer Science,4,6.4,82.6,1,0,5,3,6,1,1,1,1,1,0,1,37.1,71.5,1
STU2445,20,Female,Electronics & Comm,4,6.02,74.4,3,2,2,5,27,1,1,1,0,0,0,0,77.5,62.5,1
STU2446,21,Female,Electronics & Comm,3,7.72,75.1,1,0,3,10,38,1,0,1,1,0,0,1,67.8,81.6,1
STU2447,21,Female,Mechanical Eng,3,7.0,82.7,2,0,2,1,86,0,1,0,0,0,0,0,37.5,55.1,0
STU2448,22,Female,Computer Science,4,8.61,89.9,5,0,1,4,155,1,1,0,1,0,0,1,59.4,83.1,0
STU2449,21,Female,Electrical Eng,4,8.42,75.2,3,0,2,1,28,1,0,0,1,1,0,1,43.7,76.8,0
STU2450,21,Male,Electronics & Comm,4,7.4,84.5,0,1,6,2,22,1,1,1,0,0,0,1,64.0,92.9,1
STU2451,21,Male,Computer Science,3,6.33,83.7,1,4,0,0,93,1,1,1,1,1,0,1,60.9,38.4,1
STU2452,22,Male,Electronics & Comm,3,8.16,86.8,1,2,4,3,101,0,1,0,0,0,1,0,46.6,57.7,1
STU2453,21,Female,Information Technology,4,6.48,78.4,1,1,1,2,0,1,1,0,1,0,1,1,71.5,51.4,0
STU2454,19,Male,Civil Eng,4,6.77,68.9,1,1,2,3,5,0,0,1,1,1,0,1,52.8,76.7,1
STU2455,22,Female,Computer Science,4,6.52,73.4,0,1,2,3,95,1,1,1,0,1,0,1,86.5,88.6,1
STU2456,21,Male,Electronics & Comm,4,7.45,81.4,1,2,4,2,12,0,0,1,0,0,1,1,70.4,59.4,1
STU2457,21,Female,Information Technology,4,8.89,96.2,0,2,2,1,87,1,1,1,1,1,0,1,64.3,74.0,1
STU2458,20,Male,Civil Eng,4,7.59,73.2,0,1,2,4,71,1,1,0,1,0,1,1,85.6,86.7,1
STU2459,21,Female,Information Technology,4,7.11,86.0,0,1,3,2,15,1,1,1,0,0,0,1,71.6,69.9,1
STU2460,20,Female,Civil Eng,4,5.92,74.7,4,2,0,2,9,1,0,0,0,0,0,0,72.9,75.5,0
STU2461,21,Male,Mechanical Eng,4,8.21,79.1,0,0,0,8,6,1,1,1,0,1,1,0,67.1,35.3,1
STU2462,20,Male,Computer Science,3,6.74,93.2,2,0,0,1,194,1,0,0,1,1,0,1,63.6,88.5,0
STU2463,21,Female,Electrical Eng,3,7.73,85.6,1,1,3,2,12,0,1,0,0,0,0,1,73.7,60.5,1
STU2464,23,Male,Civil Eng,4,7.21,65.6,0,2,2,3,81,1,0,1,0,1,0,1,89.3,100.0,1
STU2465,19,Male,Computer Science,4,8.52,72.3,1,1,4,0,12,1,1,1,1,0,0,1,20.1,52.2,1
STU2466,23,Female,Information Technology,4,7.43,90.6,0,3,2,1,3,1,1,1,0,0,0,0,94.2,72.1,1
STU2467,20,Female,Electronics & Comm,3,7.54,79.4,0,0,1,4,83,1,1,0,0,0,0,1,53.9,77.4,1
STU2468,22,Female,Computer Science,3,8.13,66.5,0,1,3,1,254,1,1,1,1,0,0,1,70.7,27.5,1
STU2469,21,Male,Computer Science,4,9.92,69.8,1,1,1,2,287,1,1,1,1,0,1,0,44.0,91.7,1
STU2470,21,Male,Computer Science,3,8.58,85.0,0,3,4,3,151,1,1,0,1,1,0,1,88.9,76.1,1
STU2471,21,Female,Computer Science,3,7.5,87.9,0,0,1,3,39,1,1,1,0,0,0,0,48.6,42.6,1
STU2472,22,Male,Information Technology,4,7.6,78.2,0,1,1,3,14,1,1,1,1,1,1,1,83.7,70.5,1
STU2473,20,Female,Computer Science,4,7.02,100.0,0,0,2,4,81,1,1,1,1,1,1,1,64.6,70.5,1
STU2474,20,Male,Mechanical Eng,3,6.56,86.2,0,1,0,1,37,1,1,0,0,1,1,1,65.7,63.0,0
STU2475,21,Male,Electrical Eng,4,6.99,75.6,0,2,0,3,22,1,1,1,0,0,1,1,50.4,56.1,1
STU2476,21,Male,Computer Science,4,6.75,69.8,0,0,2,3,106,1,1,1,1,0,0,1,85.1,64.0,1
STU2477,21,Male,Electronics & Comm,4,8.32,68.3,0,2,1,1,54,1,0,1,1,0,1,1,65.9,77.9,1
STU2478,21,Male,Electronics & Comm,4,6.42,81.4,1,3,0,7,69,1,1,1,1,1,0,1,78.0,77.3,1
STU2479,20,Male,Civil Eng,3,9.07,73.1,0,0,1,4,2,0,1,0,1,0,1,1,39.1,65.1,1
STU2480,21,Female,Computer Science,3,8.43,94.7,0,2,2,1,141,1,0,0,1,1,0,1,55.5,68.4,1
STU2481,20,Male,Computer Science,3,7.62,92.7,0,0,2,3,2,1,1,0,1,0,0,1,71.5,63.1,1
STU2482,21,Female,Civil Eng,4,7.6,84.3,0,0,1,3,37,0,0,1,1,0,1,1,45.9,50.4,1
STU2483,19,Female,Civil Eng,3,6.99,66.2,0,1,2,2,35,0,0,1,1,0,0,0,73.1,64.1,1
STU2484,20,Female,Electrical Eng,4,7.9,71.3,0,1,3,4,47,1,1,0,0,1,0,0,58.7,54.0,1
STU2485,20,Male,Electrical Eng,4,8.8,90.6,0,1,3,3,136,0,0,0,0,0,0,0,57.1,50.1,1
STU2486,20,Female,Computer Science,3,6.83,72.4,0,0,2,3,19,1,0,1,1,1,0,0,75.2,28.7,1
STU2487,21,Female,Electronics & Comm,3,5.91,89.2,3,2,1,1,33,0,0,1,1,0,0,0,70.4,58.9,0
STU2488,20,Female,Computer Science,4,8.37,82.7,0,2,2,2,48,1,1,1,0,1,0,1,52.3,76.8,1
STU2489,20,Female,Computer Science,4,7.96,78.5,0,0,4,2,237,1,1,1,1,1,1,1,83.7,83.3,1
STU2490,20,Female,Electrical Eng,3,6.37,71.0,0,1,2,3,20,0,1,0,1,0,0,1,75.1,71.7,1
STU2491,20,Female,Computer Science,3,6.79,77.1,0,0,1,2,21,1,1,0,1,0,1,1,39.8,45.6,0
STU2492,20,Male,Information Technology,4,6.65,79.9,1,0,0,0,73,1,1,0,1,1,0,1,63.8,62.7,0
STU2493,19,Female,Civil Eng,3,6.8,88.3,0,1,5,1,35,0,0,1,0,0,1,1,73.2,47.7,1
STU2494,21,Male,Computer Science,4,7.24,69.1,0,1,3,2,93,1,1,1,0,1,1,0,66.4,93.6,1
STU2495,21,Female,Civil Eng,3,7.31,75.4,0,0,1,3,28,0,1,0,1,0,0,1,21.5,59.2,1
STU2496,21,Male,Civil Eng,4,6.88,78.4,0,2,1,3,86,1,1,1,0,1,1,1,68.9,57.6,1
STU2497,21,Male,Electronics & Comm,3,6.77,84.6,0,0,4,2,81,0,1,0,0,0,1,1,78.6,78.8,1
STU2498,20,Female,Computer Science,4,7.35,68.9,0,1,1,0,76,1,1,1,0,1,0,1,66.9,64.4,1
STU2499,22,Female,Information Technology,3,7.78,64.8,0,0,2,1,35,1,1,1,1,1,0,0,68.8,81.1,1
STU2500,21,Male,Information Technology,4,7.25,84.7,0,1,3,1,110,1,1,1,1,1,0,1,82.3,48.2,1
STU2501,21,Male,Information Technology,3,8.87,62.8,0,0,2,4,96,1,1,1,1,0,1,1,45.8,66.3,1
STU2502,19,Female,Computer Science,3,8.16,90.8,0,1,0,1,46,1,1,0,1,1,0,1,78.3,72.6,1
STU2503,20,Male,Civil Eng,4,5.85,76.4,2,1,1,2,68,1,1,0,0,0,0,1,72.8,25.7,0
STU2504,20,Female,Computer Science,4,8.18,62.5,0,0,4,3,86,1,1,1,0,0,0,0,45.3,54.8,1
STU2505,20,Male,Electrical Eng,4,8.27,73.2,0,0,2,7,58,1,0,1,1,0,0,1,77.8,55.8,1
STU2506,21,Female,Computer Science,4,7.12,81.8,0,1,3,10,13,1,1,1,1,1,0,1,93.3,65.8,1
STU2507,21,Female,Electronics & Comm,4,5.96,72.7,2,0,2,6,89,0,1,1,0,0,0,1,72.7,60.3,0
STU2508,21,Male,Mechanical Eng,4,7.61,78.2,0,1,5,3,56,1,0,0,0,0,0,0,75.8,69.4,1
STU2509,21,Male,Computer Science,4,7.59,85.4,0,1,4,3,67,1,1,1,1,0,0,0,53.1,61.5,1
STU2510,21,Male,Computer Science,4,6.37,76.0,2,1,2,3,294,0,1,0,1,0,1,0,59.3,82.2,1
STU2511,21,Female,Electronics & Comm,3,6.0,68.6,2,3,1,4,15,0,1,1,1,0,1,0,53.7,96.7,1
STU2512,22,Male,Electrical Eng,4,7.5,75.0,0,1,2,6,8,0,0,1,0,0,0,0,73.5,42.5,1
STU2513,19,Female,Electronics & Comm,4,7.34,92.1,1,2,3,2,6,0,0,0,0,0,0,1,60.7,65.4,1
STU2514,20,Male,Information Technology,3,7.14,94.9,1,2,2,2,26,1,0,0,1,0,0,1,59.9,81.3,1
STU2515,19,Male,Computer Science,4,7.51,57.8,0,3,3,2,107,0,1,1,1,1,1,1,77.9,54.5,1
STU2516,21,Male,Civil Eng,3,6.39,88.9,4,0,1,3,7,1,1,1,0,0,0,0,91.4,69.2,0
STU2517,22,Male,Civil Eng,4,7.12,80.5,0,2,2,3,51,0,0,0,0,0,1,1,66.8,59.3,1
STU2518,20,Female,Information Technology,3,8.19,87.2,0,2,3,4,20,1,1,1,1,1,0,0,46.0,49.9,1
STU2519,22,Female,Mechanical Eng,3,7.22,72.5,1,1,1,2,148,1,1,0,1,1,0,0,68.6,49.7,1
STU2520,19,Female,Information Technology,4,5.76,60.3,2,0,2,1,65,1,1,0,0,1,0,1,70.7,27.9,0
STU2521,22,Male,Information Technology,4,7.08,83.8,0,3,5,8,76,0,1,1,1,0,1,1,79.6,67.5,1
STU2522,20,Female,Computer Science,4,6.42,68.6,4,1,2,1,19,1,0,1,1,1,1,0,63.5,68.5,0
STU2523,20,Female,Information Technology,4,7.89,64.1,0,1,5,1,24,1,1,1,1,0,0,1,80.3,50.7,1
STU2524,21,Female,Electronics & Comm,4,7.95,64.8,0,2,3,3,10,1,1,1,1,1,0,1,78.2,60.8,1
STU2525,20,Male,Computer Science,3,5.78,84.0,1,0,3,1,118,0,1,1,1,0,0,1,63.8,43.4,1
STU2526,20,Male,Information Technology,4,8.43,79.4,1,0,2,1,164,1,1,1,1,1,0,1,79.5,73.0,1
STU2527,20,Male,Electrical Eng,4,6.38,85.8,4,1,1,1,10,0,0,0,0,0,1,1,81.0,59.0,0
STU2528,21,Female,Electronics & Comm,4,9.32,84.7,0,1,2,1,3,1,0,1,0,0,0,1,52.7,76.6,1
STU2529,21,Male,Electronics & Comm,3,7.55,73.8,1,2,1,2,60,1,1,0,0,0,0,1,81.4,60.2,1
STU2530,20,Male,Mechanical Eng,4,6.23,77.3,1,1,6,1,10,0,0,0,0,0,0,1,66.3,50.2,1
STU2531,21,Male,Computer Science,3,6.34,72.9,5,2,1,2,285,1,1,0,1,0,0,1,64.5,57.0,0
STU2532,21,Female,Electronics & Comm,4,7.98,75.9,0,0,1,1,6,0,1,0,0,0,1,1,66.5,87.6,1
STU2533,20,Female,Electrical Eng,4,7.17,68.3,0,1,2,3,38,1,1,0,0,1,1,0,85.4,96.4,1
STU2534,20,Male,Electronics & Comm,4,7.49,81.9,0,0,2,1,47,0,1,1,0,1,1,1,85.3,42.4,1
STU2535,20,Male,Information Technology,4,9.37,88.8,0,1,0,1,237,1,1,1,1,0,1,1,74.7,78.6,1
STU2536,20,Female,Computer Science,3,6.83,69.8,0,2,1,1,157,1,1,1,1,1,0,1,71.8,48.4,1
STU2537,21,Female,Mechanical Eng,4,7.67,90.8,1,0,3,2,83,0,0,1,0,0,0,0,66.5,53.6,0
STU2538,20,Female,Information Technology,4,9.16,79.1,0,2,2,2,44,1,0,1,1,0,0,1,100.0,68.1,1
STU2539,21,Female,Mechanical Eng,3,7.9,80.4,3,0,1,2,29,1,1,1,0,1,0,0,58.4,72.3,1
STU2540,21,Female,Electronics & Comm,4,5.83,61.0,2,0,2,7,37,0,1,0,0,0,0,0,61.7,54.1,0
STU2541,20,Female,Electronics & Comm,4,8.16,59.9,0,0,1,5,33,0,0,0,0,0,1,0,72.2,74.2,1
STU2542,21,Male,Electrical Eng,4,6.32,79.4,1,2,1,2,117,0,0,0,0,0,1,1,55.3,82.8,1
STU2543,20,Female,Electronics & Comm,4,9.15,85.9,1,0,5,0,91,1,0,0,0,0,0,1,82.7,75.9,1
STU2544,22,Female,Information Technology,4,6.69,71.3,0,1,2,2,97,1,1,1,1,1,0,1,47.4,50.5,1
STU2545,21,Female,Electronics & Comm,3,10.0,94.7,1,1,0,0,12,0,0,1,0,0,0,1,58.0,58.3,1
STU2546,21,Male,Electrical Eng,4,9.21,85.3,2,0,5,3,159,1,0,1,1,1,0,0,62.4,78.1,1
STU2547,21,Male,Information Technology,4,6.72,68.9,0,1,3,1,84,1,1,0,0,1,1,1,53.9,88.3,1
STU2548,19,Male,Information Technology,4,7.62,78.3,0,1,1,4,84,1,1,1,1,1,1,1,82.6,45.9,1
STU2549,21,Male,Computer Science,3,8.43,100.0,1,3,2,6,300,1,1,1,1,1,0,0,49.6,69.5,1
STU2550,22,Male,Mechanical Eng,3,8.46,65.6,1,0,4,2,2,1,1,1,1,0,1,1,54.5,76.0,1
STU2551,21,Female,Computer Science,3,8.09,83.3,0,0,2,2,29,1,0,1,1,1,0,1,58.5,44.1,1
STU2552,21,Male,Electronics & Comm,4,8.98,74.8,0,1,2,2,26,0,0,1,0,1,1,0,79.8,80.3,1
STU2553,22,Male,Information Technology,4,7.46,85.1,0,1,2,1,34,1,1,1,1,1,1,1,88.3,96.7,1
STU2554,20,Male,Information Technology,4,7.2,90.7,0,1,2,5,38,0,0,1,1,0,0,1,75.3,75.0,1
STU2555,20,Female,Electronics & Comm,4,7.22,74.1,0,3,2,2,15,1,1,1,1,1,0,1,49.6,73.5,1
STU2556,21,Male,Computer Science,4,8.54,89.2,0,2,2,1,78,1,1,1,1,0,1,1,59.3,53.7,1
STU2557,20,Male,Electronics & Comm,4,8.0,100.0,0,0,0,3,3,0,1,1,0,0,1,1,90.0,57.6,1
STU2558,21,Female,Electrical Eng,3,7.92,78.7,0,1,3,1,32,0,0,1,0,0,0,1,68.4,55.3,1
STU2559,22,Male,Mechanical Eng,4,8.47,85.8,2,2,1,0,28,1,0,1,0,0,1,1,47.8,51.7,1
STU2560,20,Female,Computer Science,4,5.34,72.1,3,3,2,2,73,1,1,0,1,1,0,1,98.7,61.4,0
STU2561,20,Female,Mechanical Eng,4,7.94,78.2,2,0,2,3,4,0,0,1,0,0,0,1,60.0,69.6,0
STU2562,21,Male,Electronics & Comm,4,7.84,76.2,1,1,3,2,19,0,0,1,0,1,0,1,67.0,52.1,1
STU2563,20,Male,Mechanical Eng,4,9.44,86.0,0,2,2,3,6,1,1,1,0,0,1,1,58.4,59.8,1
STU2564,21,Female,Information Technology,4,5.92,90.0,3,1,3,0,6,1,1,1,1,1,0,0,54.6,69.8,0
STU2565,20,Male,Electronics & Comm,4,9.31,76.9,2,1,1,2,38,1,0,0,0,1,0,1,86.1,33.2,0
STU2566,21,Male,Mechanical Eng,3,7.68,93.3,2,2,3,1,47,1,1,0,1,1,0,1,70.7,79.2,1
STU2567,19,Male,Mechanical Eng,4,8.14,93.3,0,2,3,7,32,1,1,0,0,0,0,0,72.4,68.2,1
STU2568,21,Female,Information Technology,4,9.44,86.5,0,0,4,0,65,1,1,1,0,0,0,1,50.1,68.4,1
STU2569,21,Male,Computer Science,3,8.22,72.8,0,0,2,1,216,1,0,0,1,1,0,1,63.8,82.3,1
STU2570,21,Female,Information Technology,4,8.04,71.9,0,1,1,6,39,1,0,1,1,1,1,0,59.3,79.1,1
STU2571,20,Female,Information Technology,4,7.87,69.9,3,3,1,8,37,1,1,1,0,1,1,1,56.4,74.1,1
STU2572,21,Male,Computer Science,3,7.07,87.5,0,4,2,4,154,1,0,1,0,1,0,1,74.5,69.2,1
STU2573,22,Male,Computer Science,4,7.57,65.9,1,2,2,0,35,1,1,1,1,0,0,1,63.3,64.9,1
STU2574,20,Female,Mechanical Eng,4,6.81,84.8,0,1,1,2,21,1,1,1,0,0,0,0,77.7,56.3,1
STU2575,19,Male,Computer Science,4,7.55,67.2,0,0,5,2,18,1,0,0,0,0,0,1,78.1,50.6,1
STU2576,19,Female,Electronics & Comm,3,5.03,86.2,0,1,4,4,49,0,0,0,0,0,1,0,61.9,70.8,0
STU2577,21,Male,Computer Science,4,8.07,78.2,0,1,0,0,244,1,1,1,1,1,1,1,74.4,70.9,1
STU2578,21,Male,Information Technology,3,7.47,91.3,0,1,2,1,23,1,1,1,1,0,1,1,61.5,67.1,1
STU2579,21,Male,Computer Science,4,7.23,89.4,0,1,3,2,73,1,1,1,1,0,0,1,57.0,44.8,1
STU2580,20,Male,Computer Science,4,7.84,92.4,0,1,1,1,13,1,1,0,1,0,1,1,53.2,25.2,1
STU2581,20,Male,Electrical Eng,4,6.02,92.6,3,3,2,3,6,1,1,0,0,0,1,0,69.2,65.8,1
STU2582,21,Female,Mechanical Eng,3,9.72,79.4,0,0,2,4,32,0,0,1,0,0,0,1,57.6,37.5,1
STU2583,21,Male,Computer Science,3,7.49,66.4,1,1,1,3,5,1,1,1,0,0,0,1,87.3,69.8,1
STU2584,23,Male,Information Technology,3,7.44,67.5,0,1,2,2,157,1,1,0,0,1,0,1,90.8,94.2,1
STU2585,20,Male,Information Technology,3,6.54,57.1,0,1,6,4,35,0,1,1,0,1,1,1,74.6,70.0,1
STU2586,21,Female,Mechanical Eng,4,7.63,67.2,0,1,2,0,5,1,0,1,0,0,0,1,71.4,58.5,1
STU2587,20,Male,Electrical Eng,4,9.13,78.7,1,0,2,1,97,1,1,0,0,0,0,1,68.3,49.3,1
STU2588,20,Female,Electronics & Comm,4,8.74,72.4,0,0,2,2,27,1,1,0,0,0,0,1,100.0,56.3,1
STU2589,21,Male,Electronics & Comm,4,8.54,76.2,0,0,4,0,103,0,0,0,0,0,1,1,95.5,64.4,1
STU2590,21,Male,Mechanical Eng,3,8.2,82.9,2,0,4,0,53,1,1,0,0,0,0,0,65.1,81.1,1
STU2591,23,Male,Computer Science,3,7.21,75.0,0,1,1,1,60,1,1,1,1,1,1,1,65.2,67.1,1
STU2592,20,Female,Information Technology,3,6.0,66.8,0,0,4,6,12,1,1,1,1,1,0,1,72.6,60.6,1
STU2593,20,Male,Mechanical Eng,4,7.38,77.5,1,1,1,5,21,1,0,0,0,0,0,1,51.5,75.1,1
STU2594,21,Male,Electrical Eng,4,7.34,69.0,0,0,0,2,57,1,1,0,0,0,0,1,42.8,87.1,1
STU2595,21,Male,Electronics & Comm,3,8.75,75.3,0,1,3,0,25,1,1,1,1,0,1,1,49.3,69.7,1
STU2596,20,Female,Electronics & Comm,3,7.94,91.4,0,1,2,1,11,1,1,0,0,0,0,1,63.8,67.9,1
STU2597,19,Male,Information Technology,4,9.37,75.3,0,0,2,1,1,0,1,1,1,1,1,1,54.8,40.1,1
STU2598,19,Male,Electronics & Comm,4,8.92,95.7,0,1,3,1,20,0,0,1,0,1,0,1,88.4,44.6,1
STU2599,22,Male,Electronics & Comm,4,7.1,92.3,0,2,0,0,5,0,0,0,0,0,0,1,47.4,42.7,1
STU2600,20,Male,Information Technology,4,5.63,72.2,3,0,1,3,41,1,1,1,1,1,0,1,49.3,62.1,0
STU2601,20,Female,Electrical Eng,3,9.12,66.9,0,1,2,2,28,1,1,1,0,1,0,1,42.3,52.5,1
STU2602,20,Female,Mechanical Eng,4,9.1,77.5,0,0,1,1,123,1,0,1,0,0,1,1,59.0,57.6,1
STU2603,20,Male,Computer Science,4,6.1,89.5,3,0,0,3,38,1,1,1,1,0,0,1,62.4,52.3,0
STU2604,19,Male,Information Technology,3,9.26,73.1,0,1,0,3,300,1,0,0,1,0,0,1,66.9,53.6,1
STU2605,21,Male,Information Technology,4,8.02,87.1,0,0,3,2,114,1,1,1,1,1,0,1,67.5,37.2,1
STU2606,19,Male,Electronics & Comm,4,7.78,90.1,1,2,4,0,9,1,0,1,0,0,0,0,59.3,68.3,1
STU2607,21,Male,Computer Science,3,9.38,70.3,0,0,1,5,78,1,1,1,1,1,0,0,53.3,75.5,1
STU2608,20,Female,Electronics & Comm,4,9.08,71.2,0,0,1,3,75,1,0,0,1,1,0,1,73.9,66.0,1
STU2609,21,Female,Mechanical Eng,3,8.32,85.1,3,1,3,1,20,1,1,1,0,0,1,1,55.4,70.5,1
STU2610,22,Female,Information Technology,3,8.12,79.5,4,1,5,2,8,1,1,1,1,1,1,1,78.9,72.0,1
STU2611,21,Female,Mechanical Eng,4,8.28,71.1,0,1,1,2,49,1,1,1,0,1,0,1,47.2,71.4,1
STU2612,21,Female,Civil Eng,3,7.16,74.5,0,0,4,3,2,0,1,1,0,0,0,1,57.5,77.7,1
STU2613,20,Female,Computer Science,4,7.54,77.3,0,2,2,2,5,1,1,1,1,0,0,0,96.6,82.9,1
STU2614,20,Male,Computer Science,4,6.61,62.4,0,3,5,2,32,1,1,0,0,0,1,1,98.5,88.7,1
STU2615,21,Female,Civil Eng,3,7.23,85.7,0,1,1,3,46,0,1,1,0,1,0,1,48.9,36.1,0
STU2616,23,Male,Civil Eng,4,7.2,73.2,0,2,5,2,2,1,1,1,0,1,0,1,84.9,72.0,1
STU2617,21,Male,Computer Science,4,6.9,50.2,1,1,2,0,20,1,1,1,1,1,0,0,90.6,46.8,1
STU2618,21,Female,Computer Science,4,7.75,77.8,0,0,5,0,14,1,1,1,1,0,0,1,82.9,86.1,1
STU2619,21,Male,Computer Science,4,7.24,70.6,1,0,2,1,89,1,1,0,1,1,1,1,67.1,66.0,1
STU2620,21,Male,Civil Eng,3,8.15,94.9,0,0,2,2,67,1,0,1,0,1,0,1,41.0,69.1,1
STU2621,19,Female,Computer Science,4,5.82,72.1,0,4,3,1,77,1,1,1,0,0,0,1,69.2,66.8,1
STU2622,21,Male,Electronics & Comm,4,7.48,67.0,0,0,3,3,8,1,1,0,1,0,0,0,73.8,68.2,1
STU2623,22,Male,Mechanical Eng,4,7.74,83.1,0,1,2,1,13,0,1,1,0,1,1,1,71.3,89.7,1
STU2624,20,Female,Computer Science,3,7.26,71.4,0,0,2,3,136,1,1,1,0,0,0,0,74.7,83.6,1
STU2625,21,Female,Electronics & Comm,4,7.41,70.2,1,1,3,3,64,1,1,1,0,1,0,1,56.6,89.1,1
STU2626,20,Female,Computer Science,3,5.86,83.1,1,0,5,0,45,0,1,0,0,0,1,0,61.2,62.1,1
STU2627,21,Male,Mechanical Eng,4,7.99,67.6,0,2,0,3,23,1,0,1,1,0,0,1,34.5,33.1,1
STU2628,19,Male,Computer Science,4,8.31,63.4,0,0,2,7,19,1,0,1,1,1,0,1,80.5,76.2,1
STU2629,21,Female,Electronics & Comm,4,8.14,95.3,0,2,4,1,77,0,1,0,1,0,0,1,55.4,48.3,1
STU2630,21,Female,Electronics & Comm,4,8.74,83.8,0,2,3,5,20,0,0,0,0,0,1,1,64.5,59.6,1
STU2631,20,Male,Computer Science,3,7.82,75.4,1,1,3,2,2,1,1,1,0,0,0,0,71.5,64.1,1
STU2632,21,Male,Computer Science,3,8.13,78.0,0,0,4,2,28,1,1,0,0,1,1,1,60.2,65.0,1
STU2633,21,Male,Information Technology,3,7.77,83.1,0,0,3,0,4,1,0,1,1,0,0,1,53.0,74.7,1
STU2634,22,Female,Computer Science,3,8.36,87.7,2,2,3,3,15,1,1,1,1,0,1,0,71.6,51.1,1
STU2635,20,Male,Electrical Eng,3,5.87,70.4,3,0,5,2,60,1,0,0,0,1,0,0,43.0,74.4,0
STU2636,20,Female,Electrical Eng,4,6.62,81.7,0,0,4,3,115,1,0,0,1,0,0,1,78.7,62.1,1
STU2637,20,Male,Information Technology,4,9.35,72.9,0,1,3,4,126,1,1,1,0,0,1,1,77.2,100.0,1
STU2638,23,Female,Electronics & Comm,3,5.0,76.1,2,0,0,2,61,0,0,0,0,1,1,0,60.3,41.1,0
STU2639,22,Female,Electronics & Comm,4,7.45,79.6,0,0,1,1,10,0,0,0,1,0,0,1,61.1,66.9,1
STU2640,21,Female,Mechanical Eng,4,8.89,77.9,0,1,2,0,53,0,1,0,1,0,0,1,54.2,74.2,1
STU2641,21,Male,Information Technology,4,7.5,85.4,0,1,3,1,102,1,1,0,0,0,0,1,62.6,58.8,1
STU2642,21,Female,Computer Science,4,7.15,82.9,0,0,1,4,123,1,0,1,1,1,0,1,65.2,56.4,1
STU2643,21,Female,Computer Science,3,7.74,62.9,0,1,0,0,19,1,1,1,1,0,0,1,63.5,84.9,1
STU2644,19,Male,Electronics & Comm,4,7.21,64.4,0,1,1,1,21,1,0,0,1,1,0,0,88.3,77.6,1
STU2645,21,Female,Information Technology,4,7.63,74.3,1,2,3,1,261,1,1,1,1,1,0,0,43.5,53.0,1
STU2646,20,Female,Information Technology,3,6.85,96.3,1,0,4,4,24,1,1,1,1,0,1,0,55.3,42.8,0
STU2647,21,Female,Computer Science,3,8.82,69.5,0,1,4,2,104,1,1,1,1,1,0,1,78.2,73.8,1
STU2648,21,Female,Electrical Eng,3,9.17,75.9,0,1,2,10,41,0,1,1,0,0,0,1,96.8,69.8,1
STU2649,21,Male,Computer Science,3,7.45,72.6,0,1,2,3,33,1,1,1,0,1,0,1,55.9,73.6,1
STU2650,19,Male,Computer Science,4,6.07,72.5,2,0,2,4,58,1,0,1,0,0,0,0,82.2,63.0,0
STU2651,20,Male,Information Technology,4,7.02,79.8,2,0,2,0,9,1,0,1,1,0,0,1,51.9,77.9,1
STU2652,20,Female,Computer Science,3,7.4,92.0,0,2,3,1,17,1,1,1,0,0,0,1,62.5,89.0,1
STU2653,20,Female,Electronics & Comm,4,8.16,82.6,0,0,2,0,50,0,1,1,1,0,0,1,68.1,88.0,1
STU2654,19,Female,Information Technology,4,6.49,70.0,2,1,0,2,74,0,0,1,1,0,1,1,58.3,52.7,1
STU2655,22,Male,Information Technology,3,6.75,100.0,0,3,2,3,88,1,0,0,1,1,0,0,62.1,100.0,1
STU2656,21,Male,Electronics & Comm,3,8.16,78.8,0,1,1,1,57,0,0,0,0,0,0,0,48.9,74.9,1
STU2657,20,Female,Computer Science,3,8.63,72.2,0,1,0,0,70,1,1,1,0,1,0,1,77.4,43.6,1
STU2658,20,Male,Computer Science,4,6.92,92.1,0,0,2,2,27,1,0,0,0,1,0,1,55.4,71.6,1
STU2659,20,Male,Mechanical Eng,3,6.13,73.3,0,3,1,1,5,0,1,1,1,0,0,1,58.7,68.4,1
STU2660,21,Female,Information Technology,4,10.0,94.6,0,1,2,2,195,1,1,1,1,1,1,1,57.1,63.3,1
STU2661,21,Male,Information Technology,4,8.46,69.3,0,1,1,0,59,1,1,1,1,1,0,1,57.8,61.9,1
STU2662,22,Male,Computer Science,4,7.31,92.3,0,1,2,3,120,1,1,1,1,0,0,1,70.0,75.5,1
STU2663,21,Male,Information Technology,3,8.56,80.0,1,2,6,2,1,1,1,1,1,0,0,1,68.9,75.6,1
STU2664,23,Male,Electronics & Comm,3,7.46,90.9,0,1,2,3,4,0,1,1,0,0,1,0,100.0,56.2,1
STU2665,22,Other,Electronics & Comm,4,8.55,97.0,2,0,3,1,1,0,0,0,0,0,0,1,64.6,57.0,1
STU2666,20,Male,Electrical Eng,4,7.78,66.7,0,1,4,1,18,1,1,0,0,1,1,1,66.6,56.4,1
STU2667,22,Male,Computer Science,4,7.7,90.8,0,1,2,4,135,1,1,1,1,0,0,1,86.7,62.4,1
STU2668,20,Male,Computer Science,4,7.48,63.9,0,0,1,3,65,1,1,1,1,1,1,1,71.1,78.3,1
STU2669,21,Female,Electrical Eng,4,6.01,67.5,0,2,1,2,49,0,0,0,0,1,0,1,66.6,83.0,1
STU2670,20,Male,Civil Eng,4,9.73,70.0,2,0,2,3,43,1,1,0,0,0,1,1,66.1,61.8,1
STU2671,22,Female,Computer Science,4,6.56,83.0,0,1,3,0,53,1,1,1,1,1,0,0,70.7,81.5,1
STU2672,22,Male,Information Technology,3,6.1,78.3,1,0,0,4,0,1,1,1,0,1,1,1,81.6,71.6,1
STU2673,21,Male,Computer Science,4,7.37,76.3,2,0,4,3,260,1,1,0,1,1,0,1,86.8,67.0,1
STU2674,21,Male,Computer Science,4,6.54,79.5,0,1,0,2,27,1,1,0,1,0,0,1,82.4,93.0,1
STU2675,20,Female,Information Technology,4,7.54,83.9,0,4,4,5,160,1,1,0,1,1,0,0,74.5,69.9,1
STU2676,19,Female,Computer Science,3,8.36,84.7,0,1,5,1,153,1,1,1,1,1,1,1,71.0,63.0,1
STU2677,20,Male,Electrical Eng,4,8.69,88.9,0,0,6,3,10,1,0,0,1,0,1,1,96.5,77.5,1
STU2678,20,Male,Electronics & Comm,4,8.5,96.2,0,1,3,7,26,0,1,0,0,1,0,0,61.4,46.5,1
STU2679,21,Female,Computer Science,3,7.26,77.8,0,0,1,1,4,1,0,1,1,0,0,1,77.8,61.7,1
STU2680,20,Male,Computer Science,3,7.65,72.8,1,0,3,0,39,1,1,0,0,0,0,1,84.4,68.9,1
STU2681,23,Female,Electrical Eng,4,8.05,84.1,1,0,1,3,24,0,1,1,1,0,0,1,82.6,75.8,1
STU2682,21,Male,Computer Science,4,5.67,66.6,0,0,4,0,24,1,1,1,0,1,0,0,57.3,68.6,1
STU2683,21,Female,Electronics & Comm,4,8.23,71.2,0,1,1,4,19,1,1,1,0,0,0,1,100.0,45.7,1
STU2684,20,Female,Information Technology,3,6.0,88.0,1,1,2,0,64,1,1,1,1,1,0,1,91.4,51.7,1
STU2685,22,Female,Electronics & Comm,4,9.84,76.8,0,0,4,3,98,0,0,1,1,0,0,1,82.8,58.5,1
STU2686,22,Female,Information Technology,4,7.16,65.9,0,2,0,1,101,1,0,1,1,0,0,1,53.9,68.6,1
STU2687,21,Male,Computer Science,4,7.4,63.1,1,0,1,1,128,1,0,1,1,1,0,1,81.7,45.5,1
STU2688,21,Female,Computer Science,4,6.75,78.5,0,3,2,5,107,1,0,1,1,1,0,1,35.6,86.1,1
STU2689,21,Male,Computer Science,4,6.91,89.4,0,1,3,3,168,1,1,0,0,0,1,1,64.7,69.7,1
STU2690,20,Male,Information Technology,4,10.0,89.3,0,0,3,1,23,1,1,1,0,0,0,0,69.5,69.3,1
STU2691,21,Female,Electronics & Comm,3,8.63,79.1,0,3,3,1,59,0,0,1,0,1,0,0,61.7,62.4,1
STU2692,20,Female,Computer Science,4,5.9,98.1,1,0,4,3,40,1,0,1,1,1,0,1,90.2,43.4,1
STU2693,20,Female,Computer Science,4,9.25,77.0,0,1,1,4,295,1,1,1,1,0,1,1,69.5,66.4,1
STU2694,20,Male,Electronics & Comm,3,8.91,76.6,0,0,2,3,0,1,0,1,1,1,0,0,54.5,76.2,1
STU2695,19,Female,Electronics & Comm,4,7.29,52.3,0,1,3,3,110,0,1,1,0,0,1,1,78.5,62.7,1
STU2696,19,Female,Civil Eng,4,7.94,73.5,0,1,2,1,54,0,0,1,0,0,0,1,73.6,81.0,1
STU2697,20,Male,Electronics & Comm,3,7.58,86.5,0,0,2,4,46,0,0,0,1,1,0,1,43.5,64.1,1
STU2698,22,Male,Information Technology,3,9.77,93.6,5,0,0,3,61,1,1,1,0,1,1,1,86.7,75.4,0
STU2699,21,Male,Electronics & Comm,4,6.72,69.7,0,1,0,2,11,0,0,0,0,0,1,0,69.4,63.3,0
STU2700,22,Male,Civil Eng,3,7.76,82.6,0,0,1,2,46,1,0,1,1,1,0,1,81.8,70.7,1
STU2701,20,Other,Mechanical Eng,4,7.13,88.5,0,0,2,2,37,0,1,1,0,0,1,1,73.7,78.0,1
STU2702,20,Female,Information Technology,3,6.02,78.1,2,1,1,4,211,1,1,1,1,0,1,1,63.3,48.8,0
STU2703,21,Female,Computer Science,4,10.0,55.2,3,2,2,3,142,1,1,1,1,0,1,1,73.9,74.7,1
STU2704,20,Female,Computer Science,3,6.3,80.5,2,0,1,4,145,1,0,1,1,0,1,1,66.6,80.8,1
STU2705,20,Male,Electronics & Comm,3,7.84,85.6,2,0,3,2,3,1,1,0,0,0,0,1,72.1,97.9,1
STU2706,21,Female,Electrical Eng,4,5.69,68.5,1,2,4,3,3,1,0,0,0,0,0,0,76.4,66.1,1
STU2707,20,Male,Electronics & Comm,4,7.16,75.5,0,0,2,4,99,0,1,0,1,0,0,0,70.1,33.5,1
STU2708,21,Female,Computer Science,4,8.06,66.4,0,1,2,1,42,0,1,1,1,1,0,1,74.5,38.3,1
STU2709,21,Male,Electrical Eng,3,6.69,52.3,0,3,5,2,16,0,1,0,1,0,0,1,62.8,51.7,1
STU2710,20,Female,Electrical Eng,4,8.25,88.3,0,2,2,3,57,0,1,0,0,0,0,1,60.0,84.2,1
STU2711,19,Male,Computer Science,4,7.3,78.0,1,0,6,5,14,1,1,0,0,0,0,1,78.8,98.0,1
STU2712,21,Male,Electronics & Comm,4,8.88,94.0,0,0,1,0,1,1,1,1,0,1,0,1,88.3,58.9,1
STU2713,21,Female,Information Technology,4,9.1,86.6,0,0,4,1,106,1,1,1,1,0,0,1,60.8,65.8,1
STU2714,19,Male,Mechanical Eng,4,6.95,74.5,0,3,2,1,11,1,0,0,0,1,1,1,72.4,26.3,1
STU2715,23,Female,Mechanical Eng,4,7.68,77.2,0,4,0,1,5,1,1,0,1,1,0,1,48.3,74.8,1
STU2716,19,Male,Electronics & Comm,4,7.8,83.7,0,0,5,1,10,0,0,0,0,0,0,0,93.3,67.0,1
STU2717,21,Female,Electronics & Comm,4,8.28,87.7,0,1,5,2,26,1,0,0,1,0,1,1,84.0,61.2,1
STU2718,23,Male,Mechanical Eng,3,7.62,81.2,0,2,2,5,2,0,0,0,0,1,1,1,59.8,50.5,1
STU2719,20,Male,Information Technology,3,7.81,89.1,0,0,5,3,2,0,1,0,1,1,0,1,63.1,59.7,1
STU2720,20,Male,Information Technology,3,7.33,75.0,1,0,1,1,136,1,0,0,1,1,0,0,84.9,44.8,1
STU2721,20,Male,Electrical Eng,3,7.73,68.0,0,0,3,4,14,1,1,0,0,0,1,1,70.5,52.1,1
STU2722,20,Male,Computer Science,3,9.03,77.4,0,1,1,3,248,1,1,0,1,0,0,0,76.9,45.9,1
STU2723,20,Male,Information Technology,4,8.31,80.1,5,2,1,1,300,1,1,1,1,0,1,1,54.2,49.7,0
STU2724,21,Male,Mechanical Eng,4,8.37,66.0,1,2,3,1,38,0,1,1,1,0,1,1,76.1,47.7,1
STU2725,19,Male,Electrical Eng,4,8.4,64.6,0,0,2,4,9,1,0,1,0,0,0,0,65.9,73.7,1
STU2726,21,Female,Information Technology,3,7.43,82.5,0,0,0,3,58,1,1,0,1,1,0,0,72.2,47.8,1
STU2727,23,Female,Computer Science,3,7.95,73.9,0,1,2,2,21,1,1,1,0,1,0,0,62.4,64.2,1
STU2728,21,Male,Information Technology,4,6.41,76.3,1,2,1,0,9,1,1,1,1,0,0,1,65.0,48.6,1
STU2729,21,Female,Computer Science,3,9.0,74.4,1,1,3,4,78,1,1,1,0,1,1,0,69.5,49.2,1
STU2730,20,Female,Computer Science,4,5.0,93.2,3,1,1,1,147,1,1,1,1,1,1,1,59.8,48.6,1
STU2731,21,Male,Electrical Eng,4,7.5,90.6,1,1,4,3,7,1,1,0,0,0,0,1,99.8,79.7,1
STU2732,21,Female,Computer Science,3,8.85,65.6,0,0,1,3,49,1,1,1,0,1,1,1,53.2,62.3,1
STU2733,20,Male,Information Technology,3,6.1,72.7,2,1,2,1,73,1,1,1,1,1,0,1,75.0,53.8,1
STU2734,20,Male,Information Technology,4,8.04,86.5,0,4,1,1,215,1,1,1,1,1,1,1,72.2,49.9,1
STU2735,22,Male,Civil Eng,4,6.85,84.0,0,0,3,0,72,0,1,0,1,0,1,1,78.7,44.8,1
STU2736,20,Female,Information Technology,4,7.19,77.6,0,1,1,1,24,1,0,1,1,1,0,0,33.0,54.2,1
STU2737,20,Female,Computer Science,4,8.64,66.6,0,0,2,1,226,1,1,1,1,1,1,1,44.4,43.5,1
STU2738,20,Male,Computer Science,3,7.82,71.2,0,1,2,2,4,1,1,0,1,0,0,1,60.3,58.5,1
STU2739,20,Male,Electronics & Comm,4,5.36,72.8,2,1,4,2,1,1,1,0,0,0,0,0,80.9,54.4,1
STU2740,21,Female,Electronics & Comm,3,6.53,80.8,1,1,0,2,119,1,0,1,1,0,0,1,64.3,53.3,1
STU2741,21,Male,Information Technology,3,8.67,95.0,0,2,3,3,43,0,1,1,0,1,0,1,63.7,83.6,1
STU2742,21,Male,Information Technology,4,8.09,71.1,1,1,1,4,57,1,1,0,1,0,0,1,68.2,61.3,1
STU2743,19,Female,Computer Science,4,9.52,67.7,5,1,0,5,174,1,1,1,0,1,1,1,56.2,62.3,0
STU2744,20,Female,Electronics & Comm,3,9.45,76.9,1,0,1,1,21,1,1,0,1,0,1,1,74.6,84.2,1
STU2745,21,Female,Electronics & Comm,3,7.22,88.3,1,2,1,2,9,1,0,1,0,0,0,1,70.7,44.6,1
STU2746,19,Female,Computer Science,3,10.0,63.5,0,0,2,0,65,1,1,1,0,1,0,1,75.0,57.7,1
STU2747,20,Female,Computer Science,3,7.63,92.5,0,2,6,0,47,1,1,1,1,1,0,0,89.2,41.8,1
STU2748,21,Male,Computer Science,3,6.54,76.3,0,0,0,3,77,1,1,1,0,1,1,0,64.8,66.1,1
STU2749,20,Male,Computer Science,4,6.9,70.7,0,0,2,2,228,1,1,1,1,1,0,1,69.5,74.1,1
STU2750,21,Male,Electronics & Comm,4,5.12,62.0,2,0,2,3,46,0,1,0,1,0,0,0,54.2,28.6,0
STU2751,20,Female,Computer Science,4,9.37,85.1,1,4,2,2,24,1,1,1,1,0,1,1,50.5,77.9,1
STU2752,19,Female,Computer Science,4,9.35,76.3,0,0,2,0,32,1,1,1,1,0,0,1,67.9,69.7,1
STU2753,20,Male,Computer Science,4,6.48,79.7,0,0,4,4,16,0,0,0,0,0,0,0,69.4,65.5,0
STU2754,23,Female,Civil Eng,4,7.35,69.0,0,0,0,0,48,1,1,0,1,0,1,1,77.7,46.4,1
STU2755,21,Male,Mechanical Eng,4,7.71,74.8,0,0,3,1,179,1,0,1,0,0,0,1,76.1,76.6,1
STU2756,22,Male,Computer Science,3,6.54,73.1,0,0,1,1,54,1,0,1,1,1,0,1,71.6,90.2,1
STU2757,21,Female,Information Technology,4,5.67,77.0,0,1,2,10,146,0,1,1,1,1,0,0,91.6,58.9,1
STU2758,20,Male,Computer Science,4,7.37,71.3,0,0,2,2,65,1,1,1,1,1,0,1,63.6,60.2,1
STU2759,21,Female,Information Technology,4,7.25,62.7,1,1,1,2,11,0,0,1,0,0,1,1,65.3,65.3,0
STU2760,21,Male,Computer Science,4,7.17,100.0,0,0,0,3,52,1,1,1,1,0,1,0,72.0,59.0,1
STU2761,21,Female,Electronics & Comm,4,7.84,64.4,0,1,1,3,121,1,1,0,0,0,1,1,51.4,62.3,1
STU2762,19,Female,Electronics & Comm,4,9.17,79.8,0,1,1,4,2,1,0,1,0,1,0,1,77.6,80.4,1
STU2763,21,Male,Mechanical Eng,3,7.27,60.3,0,0,3,2,14,0,1,0,1,0,1,1,69.0,64.0,1
STU2764,20,Female,Computer Science,4,7.79,58.0,0,1,1,7,11,1,1,0,1,1,0,1,69.3,69.4,1
STU2765,20,Male,Electrical Eng,4,8.4,79.0,0,0,3,4,58,1,1,0,0,1,1,1,75.6,95.5,1
STU2766,21,Male,Electrical Eng,3,8.21,79.7,2,0,1,2,30,1,0,1,1,1,1,1,73.3,87.0,1
STU2767,21,Male,Computer Science,4,6.92,90.6,0,1,4,1,191,1,0,0,1,1,1,1,73.8,49.3,1
STU2768,20,Female,Information Technology,4,7.71,82.0,0,1,2,5,4,1,1,1,1,1,0,1,62.5,91.2,1
STU2769,20,Male,Computer Science,3,8.2,76.5,1,1,1,3,4,1,1,1,1,1,1,1,90.0,85.7,1
STU2770,21,Male,Computer Science,4,6.36,68.5,4,0,6,3,93,1,0,0,1,1,0,0,47.5,87.4,0
STU2771,21,Male,Computer Science,3,8.99,93.0,0,0,1,3,71,1,1,1,1,0,0,0,58.4,55.6,1
STU2772,22,Male,Electronics & Comm,4,9.17,87.3,0,0,2,2,7,1,0,1,0,0,1,1,60.3,68.2,1
STU2773,22,Female,Information Technology,4,6.8,65.5,0,1,2,1,72,1,1,1,0,0,0,1,57.9,59.1,1
STU2774,21,Male,Civil Eng,3,7.81,78.4,0,1,2,1,15,1,0,1,0,0,0,1,43.5,66.8,1
STU2775,20,Male,Computer Science,4,8.31,79.4,0,0,5,2,90,1,1,1,1,1,0,1,91.0,91.3,1
STU2776,21,Male,Civil Eng,4,7.0,74.5,1,2,4,0,25,0,1,0,0,1,1,0,77.0,67.1,1
STU2777,20,Male,Computer Science,4,8.13,85.7,0,0,3,2,158,1,1,1,1,1,0,1,59.2,39.2,1
STU2778,20,Female,Electrical Eng,4,7.78,86.3,0,3,5,3,98,1,1,1,0,0,1,0,77.8,59.4,1
STU2779,21,Male,Information Technology,4,5.99,76.1,2,0,2,1,48,1,0,1,0,1,0,1,65.8,55.2,1
STU2780,19,Other,Computer Science,4,8.11,75.2,3,2,0,0,68,1,1,1,0,0,1,1,63.9,91.8,0
STU2781,22,Male,Mechanical Eng,4,6.39,93.0,2,1,3,4,119,0,1,0,1,0,0,0,54.6,52.8,1
STU2782,21,Male,Information Technology,3,8.63,87.3,0,2,2,2,228,1,1,1,0,0,0,1,68.2,58.9,1
STU2783,21,Female,Electronics & Comm,4,6.86,78.7,0,0,1,1,5,1,1,0,0,0,0,1,59.1,59.4,1
STU2784,21,Male,Electronics & Comm,3,7.42,61.7,0,1,2,4,69,0,1,0,1,0,0,1,54.4,89.0,1
STU2785,22,Female,Information Technology,4,9.11,81.4,1,0,4,3,223,1,1,1,1,0,0,1,81.4,79.4,1
STU2786,21,Other,Information Technology,4,8.15,85.0,0,4,1,1,22,1,0,1,1,0,0,1,56.5,73.5,1
STU2787,21,Male,Electrical Eng,3,6.41,50.5,2,4,4,1,24,1,0,0,0,0,0,0,87.7,68.5,1
STU2788,19,Male,Computer Science,3,6.48,80.5,0,0,2,1,68,1,0,1,1,1,0,1,58.0,68.2,1
STU2789,21,Female,Electronics & Comm,3,6.94,73.8,1,1,1,4,7,1,0,0,1,1,0,1,47.0,66.1,1
STU2790,20,Male,Mechanical Eng,4,8.03,75.8,0,1,4,2,50,0,1,1,0,0,1,1,75.4,95.8,1
STU2791,21,Male,Computer Science,4,7.99,68.9,3,0,5,2,53,1,0,1,0,1,0,1,61.7,46.0,1
STU2792,21,Male,Computer Science,4,6.67,76.5,0,0,1,5,79,1,1,0,1,0,1,1,45.9,23.5,1
STU2793,21,Male,Electrical Eng,4,6.32,91.9,1,4,1,0,34,1,1,1,1,1,0,1,71.6,71.6,1
STU2794,19,Female,Information Technology,3,7.91,73.5,0,1,2,0,153,1,1,1,1,1,1,1,49.7,86.0,1
STU2795,19,Male,Information Technology,4,7.4,87.7,0,0,3,1,17,1,1,1,0,1,0,0,40.2,67.8,1
STU2796,21,Male,Computer Science,4,9.97,69.9,0,0,0,0,146,1,1,1,1,0,0,1,77.5,35.3,1
STU2797,19,Female,Electronics & Comm,4,7.64,85.6,0,0,1,3,57,0,0,1,0,0,0,1,88.8,76.2,1
STU2798,19,Male,Computer Science,3,9.6,78.0,0,1,3,3,106,1,0,1,0,1,0,0,62.5,49.0,1
STU2799,19,Male,Information Technology,4,6.31,81.5,0,0,2,1,96,1,1,1,1,0,1,1,85.0,45.7,1
STU2800,22,Female,Electrical Eng,4,5.87,78.1,0,1,2,0,59,1,1,0,1,0,1,1,79.2,50.3,1
STU2801,21,Male,Computer Science,4,6.37,84.4,4,0,4,0,92,1,1,0,1,0,0,1,77.3,40.9,0
STU2802,20,Female,Information Technology,3,8.91,52.3,0,0,4,6,120,1,0,1,1,0,1,1,65.6,68.1,1
STU2803,20,Female,Civil Eng,4,9.53,63.8,0,0,5,3,101,0,1,0,1,0,0,1,59.7,55.3,1
STU2804,20,Male,Electronics & Comm,4,6.74,82.2,0,2,1,2,18,1,1,1,0,1,0,1,72.8,45.0,1
STU2805,21,Male,Mechanical Eng,3,7.09,57.6,0,0,4,1,133,1,1,0,1,1,0,0,77.1,100.0,1
STU2806,21,Male,Information Technology,4,6.31,72.7,2,2,3,2,166,1,1,1,1,0,0,1,50.4,57.0,1
STU2807,20,Male,Electrical Eng,4,5.61,77.5,3,0,1,0,6,1,0,1,0,1,0,0,63.5,65.8,0
STU2808,20,Female,Computer Science,3,8.39,69.7,0,1,2,10,54,0,1,1,0,1,0,1,65.3,88.3,1
STU2809,19,Female,Computer Science,4,7.85,71.1,0,0,0,3,157,1,1,1,1,0,0,1,64.0,75.2,1
STU2810,21,Male,Computer Science,4,7.61,80.7,0,1,3,3,114,1,1,1,0,0,1,1,58.5,93.6,1
STU2811,21,Female,Information Technology,4,6.06,88.1,5,2,3,2,220,1,1,1,1,1,0,1,49.3,54.6,0
STU2812,20,Female,Mechanical Eng,4,9.4,68.4,0,0,3,2,85,1,0,1,0,1,0,1,63.7,80.7,1
STU2813,19,Female,Information Technology,3,7.05,72.2,0,0,1,1,64,1,1,0,0,1,0,1,64.1,72.4,1
STU2814,19,Male,Electronics & Comm,4,8.19,70.7,0,1,2,1,25,1,1,0,1,0,1,1,61.4,79.9,1
STU2815,22,Male,Electrical Eng,3,6.0,53.8,0,0,1,2,98,1,1,1,0,1,1,1,77.1,77.7,1
STU2816,20,Male,Electronics & Comm,4,7.39,79.4,0,1,5,0,44,0,0,0,0,0,0,1,48.8,53.4,1
STU2817,21,Female,Information Technology,3,7.92,87.3,0,0,3,0,49,1,1,1,0,0,0,1,71.9,100.0,1
STU2818,21,Male,Electronics & Comm,3,7.96,88.2,0,1,0,2,29,1,1,1,1,0,0,0,42.9,31.1,0
STU2819,20,Female,Information Technology,4,7.77,69.3,0,1,1,5,61,1,1,1,1,0,1,0,67.1,52.0,1
STU2820,20,Male,Computer Science,4,8.14,65.5,0,0,3,5,61,1,1,1,1,0,0,0,36.4,75.2,1
STU2821,20,Male,Civil Eng,4,6.36,78.2,2,1,2,0,13,1,1,1,0,0,0,1,55.5,69.4,1
STU2822,21,Male,Computer Science,3,7.82,86.3,0,1,3,0,23,1,1,1,0,0,1,1,67.7,67.0,1
STU2823,21,Other,Computer Science,4,7.73,79.5,0,0,1,2,231,1,1,1,1,0,0,1,48.0,75.7,1
STU2824,21,Male,Mechanical Eng,3,7.85,80.9,0,1,3,4,5,1,1,0,1,0,1,1,48.1,52.4,1
STU2825,21,Female,Information Technology,4,7.68,89.4,0,1,1,6,75,1,1,1,1,1,0,1,81.7,77.6,1
STU2826,19,Male,Electronics & Comm,4,6.2,70.6,1,0,2,4,35,1,1,1,0,1,0,1,45.7,63.1,1
STU2827,22,Male,Information Technology,3,6.15,75.8,1,3,5,3,51,1,1,0,0,1,0,1,66.3,86.0,1
STU2828,21,Male,Information Technology,4,5.16,94.3,1,1,2,1,211,1,0,1,1,0,1,1,88.7,60.4,1
STU2829,20,Male,Computer Science,3,8.5,76.0,1,0,0,0,300,1,1,1,1,1,0,1,70.0,72.0,1
STU2830,23,Male,Information Technology,4,8.51,65.3,0,2,6,0,40,1,1,1,1,0,0,1,68.4,74.6,1
STU2831,21,Male,Information Technology,4,8.53,71.3,0,0,1,2,15,1,1,1,0,1,0,1,58.0,78.6,1
STU2832,21,Male,Electrical Eng,4,7.94,68.6,0,1,3,0,1,1,1,1,0,1,1,1,58.1,65.6,1
STU2833,21,Male,Electronics & Comm,4,5.25,81.6,1,0,2,3,4,0,0,0,0,0,0,1,65.7,60.7,0
STU2834,21,Female,Civil Eng,3,6.47,69.0,2,2,1,3,52,1,1,1,0,0,1,1,40.0,53.4,0
STU2835,21,Female,Computer Science,3,7.79,80.7,0,1,1,0,62,1,1,1,1,1,1,1,82.2,72.3,1
STU2836,20,Male,Electronics & Comm,3,7.75,70.6,0,1,1,5,31,0,0,0,0,0,1,1,70.9,36.5,1
STU2837,20,Female,Electronics & Comm,4,7.35,56.8,0,0,4,2,36,0,0,0,0,0,0,1,43.5,69.6,0
STU2838,22,Female,Civil Eng,4,8.01,81.1,1,0,4,5,38,1,1,1,1,1,1,1,82.4,70.7,1
STU2839,20,Male,Computer Science,3,7.61,79.5,4,1,2,5,138,1,1,1,0,0,0,0,77.5,93.1,1
STU2840,20,Female,Electronics & Comm,4,7.73,83.2,0,0,1,1,44,0,1,0,0,0,0,1,74.1,55.1,1
STU2841,20,Female,Mechanical Eng,3,6.9,71.3,1,0,4,1,26,1,1,1,0,0,0,0,99.3,67.8,1
STU2842,20,Male,Computer Science,3,8.68,70.2,0,1,2,0,236,1,1,1,1,1,0,1,69.3,67.4,1
STU2843,21,Male,Mechanical Eng,4,7.13,82.0,2,2,2,3,33,1,0,0,0,1,0,0,89.4,48.4,1
STU2844,22,Female,Computer Science,4,6.14,93.2,3,0,2,2,81,1,1,0,1,1,0,0,68.4,64.9,0
STU2845,20,Male,Electrical Eng,4,6.75,78.1,5,0,2,5,15,1,0,0,1,1,1,0,74.3,44.9,0
STU2846,20,Male,Civil Eng,3,7.22,82.2,0,2,2,1,19,0,0,0,0,1,1,1,60.3,79.4,1
STU2847,20,Male,Electronics & Comm,4,8.69,74.8,1,2,2,3,20,0,1,0,0,0,0,1,41.6,73.9,1
STU2848,22,Male,Information Technology,3,7.55,62.6,0,1,2,8,40,1,1,1,0,0,0,1,42.4,71.5,1
STU2849,21,Female,Computer Science,3,7.4,87.7,0,0,4,3,193,1,1,1,1,1,0,1,66.8,55.4,1
STU2850,20,Female,Civil Eng,4,6.23,87.1,1,1,1,0,8,1,1,0,1,1,0,0,64.7,86.3,0
STU2851,21,Other,Information Technology,4,8.46,85.1,1,2,2,2,58,1,1,1,1,1,0,1,51.5,48.7,1
STU2852,22,Male,Computer Science,3,6.88,76.2,0,0,1,1,69,1,1,1,1,1,0,0,64.1,65.8,1
STU2853,21,Male,Electronics & Comm,3,7.49,84.0,0,1,3,0,5,1,0,0,1,0,1,1,74.3,47.5,1
STU2854,22,Male,Information Technology,4,9.23,86.9,0,1,1,1,95,1,1,1,0,1,0,1,86.1,62.3,1
STU2855,20,Male,Computer Science,3,8.16,94.2,0,1,1,1,63,0,1,1,1,0,0,1,58.3,84.1,1
STU2856,21,Male,Computer Science,4,5.81,87.9,3,2,3,4,27,0,0,0,0,1,0,0,73.5,72.1,1
STU2857,21,Female,Computer Science,4,5.65,78.6,3,1,1,1,175,0,0,0,1,1,0,1,92.3,51.2,0
STU2858,21,Female,Electronics & Comm,3,7.53,64.9,0,1,2,3,8,1,0,0,0,0,0,1,78.5,57.2,1
STU2859,21,Male,Electronics & Comm,4,6.27,79.6,1,1,5,0,18,0,0,1,0,1,0,0,57.2,59.3,1
STU2860,21,Female,Electronics & Comm,4,8.31,80.6,0,0,2,0,7,0,1,1,0,1,0,0,69.4,52.5,1
STU2861,21,Male,Electrical Eng,3,7.65,85.1,0,1,1,0,20,0,0,1,1,0,1,1,70.6,69.1,1
STU2862,20,Female,Mechanical Eng,4,7.78,91.5,0,2,2,1,33,0,1,0,0,0,0,1,76.9,97.8,1
STU2863,21,Female,Electronics & Comm,3,6.82,77.0,0,3,3,1,23,0,0,0,0,1,0,1,68.5,56.6,1
STU2864,23,Male,Computer Science,4,9.52,99.0,0,1,2,2,151,1,1,0,1,1,0,1,74.8,93.9,1
STU2865,22,Other,Electronics & Comm,3,10.0,60.4,0,0,3,8,28,1,0,0,0,1,0,1,82.3,64.9,1
STU2866,19,Female,Information Technology,4,7.29,82.2,0,4,3,1,81,1,1,1,1,1,1,1,53.3,69.8,1
STU2867,20,Male,Electronics & Comm,4,7.99,70.0,0,1,2,0,6,1,0,1,0,0,0,1,49.5,68.9,1
STU2868,20,Female,Electronics & Comm,3,7.71,58.9,0,3,3,1,12,1,0,0,0,0,1,0,76.5,39.6,1
STU2869,21,Male,Information Technology,4,7.31,76.0,0,0,1,5,89,1,0,0,1,0,0,1,65.9,71.8,1
STU2870,21,Male,Mechanical Eng,3,6.68,63.4,5,0,2,3,49,1,1,0,1,0,0,0,80.1,28.5,0
STU2871,20,Male,Computer Science,4,6.41,76.4,2,0,3,4,104,1,1,1,0,1,1,1,83.2,68.1,1
STU2872,21,Male,Electronics & Comm,4,6.35,78.3,0,2,1,0,51,1,0,0,0,0,0,1,42.1,67.4,1
STU2873,21,Female,Computer Science,3,8.05,89.2,0,2,1,0,54,1,0,1,1,1,0,0,56.3,42.0,1
STU2874,21,Male,Civil Eng,4,7.03,62.9,1,1,3,0,15,0,1,1,0,0,1,1,66.2,66.0,1
STU2875,21,Female,Computer Science,4,5.0,87.1,3,0,3,4,58,0,1,1,0,0,0,1,53.7,60.6,0
STU2876,21,Female,Computer Science,3,8.09,79.0,0,0,2,1,87,1,1,1,1,1,0,1,61.4,62.7,1
STU2877,21,Male,Information Technology,4,7.56,88.3,0,1,3,3,164,1,1,1,1,1,1,0,50.1,62.8,1
STU2878,20,Female,Information Technology,4,9.08,73.7,0,1,2,2,59,1,1,0,0,1,1,0,61.9,56.2,1
STU2879,21,Male,Computer Science,4,8.01,64.7,1,1,4,2,35,1,1,1,1,0,1,1,54.5,66.1,1
STU2880,21,Male,Electronics & Comm,3,5.97,65.8,2,0,3,1,28,0,0,0,0,1,1,0,72.8,78.0,0
STU2881,22,Male,Information Technology,4,5.15,65.1,3,1,1,3,105,1,0,1,1,0,0,0,80.6,61.4,0
STU2882,21,Male,Computer Science,4,6.81,82.8,0,0,2,0,38,1,1,1,0,0,1,1,73.7,64.2,1
STU2883,21,Male,Information Technology,4,6.91,92.8,0,1,3,9,48,0,1,1,1,0,0,1,100.0,74.7,1
STU2884,20,Female,Electrical Eng,4,8.64,72.4,1,1,4,0,112,0,1,0,0,0,0,0,81.1,99.0,1
STU2885,21,Male,Electronics & Comm,3,7.59,84.3,0,3,1,0,34,1,1,1,1,1,0,1,80.6,62.1,1
STU2886,19,Male,Electrical Eng,4,8.85,62.8,0,1,2,1,45,1,0,1,1,0,0,1,66.9,39.5,1
STU2887,20,Female,Electronics & Comm,4,6.14,79.8,1,1,1,4,4,1,0,1,1,0,0,0,63.7,51.5,1
STU2888,21,Female,Information Technology,4,8.66,84.7,1,0,1,1,39,1,1,1,1,1,1,1,85.8,74.0,1
STU2889,23,Female,Computer Science,3,8.39,63.5,0,2,3,2,4,1,0,0,0,0,1,0,64.5,87.7,1
STU2890,19,Male,Computer Science,4,5.38,76.0,0,0,0,0,79,0,1,0,0,0,0,1,68.5,50.8,1
STU2891,20,Female,Mechanical Eng,4,9.05,85.2,0,0,3,0,3,1,0,1,0,0,0,1,65.6,64.3,1
STU2892,21,Female,Civil Eng,4,7.7,50.0,2,3,4,2,9,0,1,0,0,0,1,1,75.6,65.3,1
STU2893,20,Female,Information Technology,4,8.03,91.4,2,1,5,1,28,1,1,1,1,0,0,1,80.5,53.5,1
STU2894,21,Female,Computer Science,4,6.65,81.5,0,1,1,3,90,1,1,1,1,1,1,1,82.9,88.0,1
STU2895,21,Male,Computer Science,4,9.0,85.2,0,0,3,4,171,1,1,1,1,1,0,1,63.7,82.5,1
STU2896,21,Male,Information Technology,4,6.3,73.9,1,2,4,4,90,0,1,0,0,0,0,1,70.6,70.2,1
STU2897,20,Male,Electronics & Comm,3,8.52,60.8,0,0,0,0,15,0,1,0,1,1,0,1,72.6,58.7,1
STU2898,20,Male,Computer Science,4,8.5,83.3,1,0,2,2,100,1,1,1,0,0,0,1,88.5,79.3,1
STU2899,21,Female,Civil Eng,3,6.53,77.2,0,0,4,6,86,1,1,1,0,0,0,0,43.0,72.7,1
STU2900,21,Male,Information Technology,4,9.78,78.3,0,0,1,3,12,1,1,1,0,0,0,1,68.2,58.4,1
STU2901,19,Female,Mechanical Eng,4,7.85,88.9,0,3,4,0,39,0,1,0,0,1,1,1,59.0,79.6,1
STU2902,21,Female,Electrical Eng,4,8.32,85.6,0,1,2,2,37,1,1,0,0,0,1,0,60.5,70.5,1
STU2903,19,Male,Electrical Eng,3,5.92,97.2,2,1,0,5,20,1,0,0,1,1,1,1,56.1,40.1,0
STU2904,21,Male,Electronics & Comm,4,9.93,79.5,0,3,2,2,69,0,1,0,0,0,1,1,75.5,50.1,1
STU2905,20,Female,Electronics & Comm,3,6.25,71.1,2,0,2,4,106,1,1,0,0,1,0,0,33.7,45.1,0
STU2906,22,Female,Electronics & Comm,3,8.73,76.1,0,0,1,2,0,1,0,0,1,1,1,1,66.1,80.5,1
STU2907,20,Male,Electronics & Comm,3,6.51,82.2,0,1,2,0,3,0,0,1,1,0,0,1,42.5,54.5,0
STU2908,20,Male,Electronics & Comm,4,6.92,88.2,0,1,2,0,45,1,0,1,1,0,0,1,58.3,74.4,0
STU2909,20,Male,Civil Eng,4,8.47,63.3,4,1,2,0,11,1,0,0,0,0,1,0,65.0,97.6,1
STU2910,20,Female,Electrical Eng,4,8.73,78.1,0,0,0,1,97,1,1,0,1,1,0,1,62.3,76.9,1
STU2911,22,Male,Electrical Eng,4,6.2,94.1,5,1,3,5,44,1,0,1,0,0,0,1,77.5,58.7,0
STU2912,23,Female,Mechanical Eng,3,8.8,75.6,0,0,2,3,18,1,1,1,1,1,0,1,85.5,53.8,1
STU2913,20,Male,Computer Science,4,8.75,87.3,1,0,3,3,68,1,1,1,0,1,0,1,95.4,60.4,1
STU2914,20,Male,Computer Science,3,6.57,82.9,0,0,3,3,140,1,1,1,1,0,1,1,67.9,49.6,1
STU2915,21,Male,Information Technology,3,9.36,87.6,0,0,1,1,5,1,1,1,1,0,0,1,84.3,47.8,1
STU2916,22,Male,Electronics & Comm,3,6.0,69.9,0,1,0,1,86,1,0,1,0,0,1,1,88.5,52.9,1
STU2917,21,Male,Mechanical Eng,4,6.91,69.9,0,0,4,5,0,1,0,1,0,0,0,0,61.3,73.0,1
STU2918,20,Male,Information Technology,4,8.13,78.2,4,3,3,2,222,1,0,1,1,0,0,0,85.3,57.2,1
STU2919,20,Male,Electronics & Comm,4,6.66,62.7,0,3,1,2,7,1,0,0,0,1,1,1,37.5,61.6,1
STU2920,21,Male,Electronics & Comm,4,7.89,75.3,0,1,3,10,54,1,1,1,1,0,1,1,72.2,72.0,1
STU2921,19,Male,Computer Science,4,7.87,80.5,0,4,0,1,240,1,1,1,0,0,0,1,90.5,75.9,1
STU2922,21,Female,Electronics & Comm,3,7.39,95.8,0,4,0,4,23,1,1,1,1,0,0,1,69.4,36.1,1
STU2923,20,Male,Mechanical Eng,4,8.52,82.0,0,1,2,4,40,1,1,1,1,1,1,1,65.3,39.2,1
STU2924,21,Male,Computer Science,4,7.35,84.3,0,1,0,1,140,1,1,1,1,0,0,1,65.3,59.2,1
STU2925,19,Female,Electronics & Comm,4,7.85,89.6,0,3,5,0,23,1,1,0,1,1,1,1,88.6,48.3,1
STU2926,21,Other,Electronics & Comm,4,8.86,68.4,1,1,4,7,14,1,0,0,0,0,0,1,45.7,77.8,1
STU2927,21,Male,Computer Science,4,8.47,76.3,0,0,3,2,69,1,0,1,1,1,0,1,62.5,58.0,1
STU2928,21,Female,Computer Science,3,8.46,100.0,0,1,0,0,300,1,1,1,1,1,0,1,79.8,92.0,1
STU2929,19,Female,Civil Eng,4,6.34,77.2,0,0,2,2,62,1,1,1,1,0,1,1,72.5,57.7,1
STU2930,21,Female,Information Technology,4,8.18,89.2,3,0,2,2,33,1,0,1,1,1,0,0,84.6,69.6,1
STU2931,21,Male,Computer Science,3,6.63,87.6,0,0,2,3,44,1,1,1,0,0,1,1,77.6,55.0,1
STU2932,21,Female,Computer Science,4,6.19,63.2,2,0,1,6,44,1,0,0,0,0,0,1,61.4,72.3,0
STU2933,21,Male,Electronics & Comm,4,7.52,81.1,0,0,2,5,87,1,0,0,1,1,0,1,76.1,72.6,1
STU2934,21,Female,Electronics & Comm,3,6.61,79.5,0,2,2,6,77,1,0,0,0,1,0,0,49.5,78.3,1
STU2935,21,Female,Electronics & Comm,4,8.47,81.3,0,0,5,0,33,1,0,0,1,0,0,1,39.8,63.0,1
STU2936,20,Male,Computer Science,4,8.5,70.5,0,0,4,3,124,1,1,0,0,0,1,1,59.4,84.1,1
STU2937,21,Female,Mechanical Eng,3,5.51,66.8,1,0,2,1,65,0,0,0,0,1,0,1,69.1,69.5,0
STU2938,21,Male,Information Technology,3,6.69,73.2,0,1,3,1,7,1,1,0,1,1,0,0,56.6,55.4,1
STU2939,19,Female,Information Technology,3,5.99,77.0,2,4,1,4,140,1,1,1,1,0,0,0,70.4,55.5,1
STU2940,19,Male,Information Technology,4,7.09,89.8,0,0,1,2,79,0,1,1,1,0,0,1,68.8,75.9,1
STU2941,20,Male,Information Technology,4,8.1,96.2,0,0,4,5,60,1,1,1,1,0,1,1,42.0,84.0,1
STU2942,21,Male,Mechanical Eng,4,7.33,92.0,1,1,3,0,39,1,0,0,0,0,1,0,60.4,48.2,1
STU2943,21,Female,Civil Eng,3,6.95,86.6,0,1,1,4,35,0,1,0,0,0,1,1,81.2,76.3,1
STU2944,21,Male,Information Technology,3,9.03,68.0,0,0,2,0,94,1,1,1,0,1,0,1,74.8,42.7,1
STU2945,21,Male,Mechanical Eng,3,5.06,73.9,0,0,4,1,8,0,0,0,0,1,0,0,58.2,55.7,1
STU2946,20,Male,Electrical Eng,4,8.96,80.1,1,1,2,2,63,0,1,1,0,0,0,1,76.7,72.3,1
STU2947,20,Female,Civil Eng,4,7.0,71.7,1,0,1,1,23,0,1,0,0,0,1,0,92.6,52.3,1
STU2948,20,Female,Computer Science,4,7.51,83.8,5,3,5,2,86,1,1,1,1,0,0,0,62.1,87.0,1
STU2949,20,Male,Electronics & Comm,3,7.02,85.2,0,0,2,6,232,1,1,1,1,1,1,1,78.4,74.1,1
STU2950,19,Male,Computer Science,4,9.3,83.4,0,0,2,3,17,1,1,1,1,0,0,1,76.2,47.3,1
STU2951,20,Male,Mechanical Eng,4,6.25,88.3,1,2,1,1,20,0,1,0,0,1,1,1,61.3,74.8,1
STU2952,21,Male,Computer Science,3,7.61,69.0,0,2,4,1,106,1,1,1,0,0,0,1,52.1,45.2,1
STU2953,21,Male,Electronics & Comm,4,8.18,87.3,0,0,4,2,85,1,1,1,1,0,0,1,91.1,65.1,1
STU2954,23,Female,Information Technology,3,5.83,71.0,0,3,2,2,47,0,1,1,0,0,0,1,83.2,78.2,1
STU2955,22,Male,Information Technology,3,6.59,68.6,0,1,0,2,128,1,1,0,1,1,1,1,64.1,75.6,1
STU2956,21,Male,Electronics & Comm,3,7.44,83.3,0,0,2,1,100,1,1,0,0,0,1,1,85.0,63.7,1
STU2957,20,Male,Mechanical Eng,4,6.62,90.2,0,1,1,3,22,1,0,0,0,0,1,0,75.8,59.8,1
STU2958,21,Female,Electronics & Comm,4,6.7,82.9,0,0,1,0,14,1,1,1,0,1,0,1,84.9,47.6,1
STU2959,21,Female,Mechanical Eng,3,7.22,78.2,1,0,2,2,45,0,0,1,1,0,1,1,42.9,67.7,0
STU2960,20,Female,Computer Science,3,8.31,81.1,0,0,0,3,37,1,0,1,0,1,1,0,62.3,77.1,1
STU2961,20,Male,Electronics & Comm,4,7.22,79.4,0,1,5,1,19,1,1,1,0,1,0,1,90.0,96.0,1
STU2962,21,Male,Information Technology,4,8.79,66.7,4,2,0,4,37,1,1,1,1,0,1,0,100.0,58.2,0
STU2963,20,Male,Computer Science,4,6.5,65.6,0,1,2,2,45,1,1,1,1,0,0,0,62.5,77.7,1
STU2964,21,Male,Electronics & Comm,3,6.22,77.2,0,0,1,3,4,0,1,0,1,1,1,0,62.3,76.5,1
STU2965,21,Male,Electronics & Comm,3,9.72,78.8,5,1,3,2,16,1,1,0,0,0,0,0,77.6,57.9,0
STU2966,20,Female,Electronics & Comm,3,6.88,78.1,0,1,0,5,39,1,0,1,0,0,0,0,72.8,75.8,1
STU2967,20,Female,Electrical Eng,3,6.16,84.8,2,2,2,3,26,0,0,0,1,1,0,1,75.5,52.8,1
STU2968,20,Female,Electronics & Comm,4,5.68,75.8,1,0,3,1,43,1,1,0,0,0,0,1,37.7,68.9,0
STU2969,19,Male,Computer Science,4,8.78,83.6,0,1,5,1,19,1,1,1,0,0,0,1,64.7,61.8,1
STU2970,19,Female,Computer Science,4,7.22,76.6,0,1,3,0,29,1,1,0,0,0,1,0,79.3,71.7,1
STU2971,21,Male,Electronics & Comm,4,7.32,96.2,0,1,0,1,174,1,1,1,1,1,0,1,35.0,72.8,1
STU2972,20,Male,Computer Science,3,7.42,78.8,0,0,0,9,262,1,1,1,1,0,1,1,45.4,57.1,1
STU2973,21,Female,Computer Science,3,8.71,100.0,1,0,3,2,196,1,1,1,0,0,0,1,43.2,64.9,1
STU2974,20,Male,Information Technology,4,7.4,81.5,0,1,1,5,8,1,1,1,1,1,1,1,77.1,63.1,1
STU2975,22,Male,Electronics & Comm,3,10.0,75.9,0,2,2,1,14,1,1,0,1,0,0,1,55.0,48.7,1
STU2976,20,Male,Information Technology,3,7.75,69.0,0,1,5,2,291,1,1,1,1,1,1,1,51.2,59.5,1
STU2977,20,Female,Electrical Eng,4,8.77,63.6,1,3,3,7,15,1,1,1,0,1,0,1,68.8,56.3,1
STU2978,22,Female,Electronics & Comm,3,8.49,68.1,0,0,4,0,22,0,1,1,0,0,0,1,50.6,48.1,1
STU2979,21,Male,Information Technology,3,7.56,69.2,1,1,4,2,25,1,0,1,0,1,0,1,74.3,52.9,1
STU2980,20,Female,Electrical Eng,4,6.95,81.9,0,1,2,5,5,1,0,0,0,0,0,1,100.0,61.1,1
STU2981,21,Male,Electronics & Comm,4,7.97,72.7,0,1,3,6,4,1,0,0,0,1,1,1,62.8,65.8,1
STU2982,21,Male,Electronics & Comm,3,8.16,79.9,0,2,2,4,2,1,0,1,0,1,0,0,40.8,46.3,1
STU2983,21,Female,Electronics & Comm,3,6.97,90.8,0,2,6,4,26,0,1,1,1,0,1,1,61.7,83.0,1
STU2984,20,Female,Computer Science,4,7.78,77.1,0,1,1,3,12,0,1,1,1,0,1,1,74.9,74.2,1
STU2985,19,Other,Electronics & Comm,3,8.96,98.8,3,1,2,1,110,1,1,1,0,1,0,1,73.5,63.7,1
STU2986,21,Male,Information Technology,4,9.88,66.2,0,3,1,3,168,1,1,1,1,0,0,1,79.7,46.7,1
STU2987,21,Female,Civil Eng,3,8.54,76.5,2,1,1,7,104,1,0,0,0,1,0,1,59.7,61.8,0
STU2988,20,Female,Electrical Eng,3,9.65,72.6,0,2,2,2,4,1,1,0,1,1,0,1,64.1,60.9,1
STU2989,21,Female,Electronics & Comm,4,6.91,87.4,2,3,2,1,39,1,0,0,0,0,0,1,33.7,48.8,1
STU2990,21,Male,Computer Science,4,8.37,55.6,0,1,2,2,30,1,1,1,0,0,1,1,76.6,47.6,1
STU2991,20,Female,Computer Science,3,9.07,63.6,2,1,2,3,30,1,1,1,0,1,0,1,49.7,76.5,1
STU2992,21,Female,Information Technology,3,6.61,76.9,0,1,2,1,8,0,1,1,1,0,1,1,70.8,60.1,1
STU2993,20,Male,Information Technology,3,7.07,93.5,2,0,1,3,276,1,1,1,1,1,0,1,55.8,78.3,1
STU2994,21,Male,Computer Science,3,9.51,80.3,0,1,2,2,160,1,1,1,0,0,0,1,66.8,64.8,1
STU2995,21,Male,Electronics & Comm,4,6.53,64.5,0,0,3,2,11,1,1,0,0,1,0,1,81.4,76.3,1
STU2996,22,Female,Computer Science,4,6.12,66.0,1,1,1,1,188,1,1,1,1,0,0,0,61.9,75.8,1
STU2997,19,Female,Civil Eng,4,9.28,94.7,0,2,2,1,56,1,0,1,0,1,0,1,57.6,72.0,1
STU2998,19,Female,Computer Science,4,8.92,71.8,0,0,2,3,35,1,1,0,1,0,0,1,68.0,82.7,1
STU2999,20,Female,Civil Eng,4,8.08,68.6,3,0,4,2,22,0,0,0,0,0,1,1,59.0,66.5,0
STU3000,20,Male,Mechanical Eng,4,7.55,92.8,0,1,3,1,57,1,1,0,0,1,0,1,54.8,42.6,1
STU3001,20,Male,Electronics & Comm,3,7.12,88.1,0,0,1,1,52,1,1,1,0,1,0,1,94.1,45.0,1
STU3002,22,Male,Electrical Eng,3,7.91,90.7,0,1,4,1,34,0,0,0,0,0,1,1,42.0,55.2,1
STU3003,20,Male,Information Technology,4,9.34,68.5,0,1,3,2,63,1,1,1,0,1,0,0,77.2,76.1,1
STU3004,20,Male,Electronics & Comm,4,7.86,62.7,0,0,3,7,2,0,0,0,1,0,0,1,66.1,59.0,1
STU3005,21,Male,Information Technology,4,9.98,79.3,1,0,2,3,44,1,1,1,1,0,1,0,56.4,68.1,1
STU3006,20,Male,Information Technology,4,6.61,81.4,0,2,3,4,75,1,1,1,0,1,0,1,72.9,73.0,1
STU3007,21,Male,Electronics & Comm,4,7.58,81.6,0,0,2,2,26,0,1,1,0,0,1,0,68.5,67.5,1
STU3008,19,Male,Information Technology,3,7.19,92.8,0,1,3,2,82,1,1,1,1,1,0,0,86.5,30.6,1
STU3009,21,Male,Electronics & Comm,4,6.41,60.7,1,3,4,1,72,1,0,0,1,0,0,0,52.1,47.2,1
STU3010,19,Male,Computer Science,3,7.43,86.6,0,2,4,3,1,1,0,1,0,1,0,1,60.8,91.5,1
STU3011,19,Female,Information Technology,4,8.06,67.0,0,0,2,2,171,1,1,1,1,0,1,1,82.2,69.9,1
STU3012,22,Female,Computer Science,3,8.18,86.6,0,1,4,3,41,0,1,1,1,1,0,1,65.1,24.5,1
STU3013,20,Female,Computer Science,4,9.99,73.3,0,2,1,2,34,1,1,1,1,0,0,1,75.7,66.0,1
STU3014,21,Male,Computer Science,4,8.11,69.9,1,1,1,0,145,1,1,1,1,1,0,1,85.0,92.0,1
STU3015,20,Female,Computer Science,4,8.87,71.9,0,2,2,1,262,1,1,1,1,1,0,0,75.9,69.1,1
STU3016,20,Female,Computer Science,4,7.67,63.5,1,1,3,4,124,1,1,1,0,1,0,0,59.4,65.7,1
STU3017,22,Female,Electrical Eng,4,9.45,78.4,0,0,1,1,13,0,1,1,1,0,0,0,63.1,37.6,1
STU3018,19,Male,Computer Science,4,10.0,70.3,0,1,2,1,45,1,1,1,0,1,0,0,85.1,60.9,1
STU3019,21,Female,Electronics & Comm,4,8.18,85.9,0,1,0,5,12,0,1,0,0,0,1,1,70.2,40.4,1
STU3020,22,Female,Computer Science,3,6.51,84.4,0,1,2,3,214,1,0,0,1,0,0,0,65.1,46.7,1
STU3021,21,Female,Mechanical Eng,4,7.0,94.9,0,0,4,0,20,0,1,0,1,0,0,1,73.4,43.2,1
STU3022,22,Female,Information Technology,4,7.91,81.7,0,0,3,0,64,1,0,1,0,0,0,1,50.0,91.1,1
STU3023,19,Male,Information Technology,4,8.1,83.2,0,3,2,1,156,1,1,1,1,1,0,0,64.7,75.9,1
STU3024,20,Male,Electronics & Comm,3,8.37,92.0,0,0,6,2,49,0,1,1,0,0,1,0,66.9,86.0,1
STU3025,20,Male,Information Technology,4,8.11,71.7,0,0,3,3,30,1,1,1,1,1,0,1,66.7,45.1,1
STU3026,21,Female,Electronics & Comm,3,7.61,63.1,0,2,3,1,67,0,0,1,0,0,0,0,62.5,67.9,1
STU3027,23,Male,Computer Science,3,6.9,80.0,1,1,3,4,300,1,1,1,1,1,0,1,63.7,49.9,1
STU3028,20,Male,Civil Eng,4,8.04,63.8,0,0,6,0,130,1,0,0,0,0,0,1,66.4,51.5,1
STU3029,21,Male,Information Technology,3,9.64,100.0,0,1,3,1,33,1,1,1,0,0,0,1,88.4,72.0,1
STU3030,20,Female,Information Technology,3,8.72,92.6,1,1,2,7,240,1,1,1,0,1,0,1,37.2,67.7,1
STU3031,21,Male,Electrical Eng,4,8.19,99.6,2,1,2,0,10,1,0,0,0,1,1,1,77.8,69.3,1
STU3032,21,Female,Information Technology,3,8.73,78.6,0,3,3,5,23,1,1,1,1,1,0,1,66.8,46.2,1
STU3033,23,Female,Mechanical Eng,3,7.19,83.5,0,0,2,3,17,0,0,1,0,0,0,1,67.1,66.9,1
STU3034,21,Male,Information Technology,3,7.04,73.4,2,1,2,0,123,1,0,1,0,1,0,1,62.3,70.2,0
STU3035,20,Male,Electrical Eng,4,6.78,86.8,0,0,2,2,36,0,0,0,1,0,0,1,75.0,54.9,1
STU3036,20,Male,Computer Science,4,7.46,65.8,0,1,2,2,264,1,1,1,1,0,0,0,81.3,60.9,1
STU3037,20,Female,Mechanical Eng,4,7.14,52.6,0,2,2,6,61,0,0,0,1,0,0,0,41.5,40.3,0
STU3038,20,Male,Electrical Eng,3,8.93,70.1,0,0,3,2,23,1,0,1,0,0,0,1,97.3,32.7,1
STU3039,20,Male,Computer Science,3,7.08,63.4,2,1,3,2,127,1,1,1,0,1,0,0,70.0,95.1,1
STU3040,22,Male,Computer Science,3,6.72,92.8,0,0,1,0,41,0,1,1,1,0,0,1,69.5,68.1,1
STU3041,21,Female,Information Technology,4,9.74,96.2,2,0,1,3,148,1,0,1,1,0,1,1,48.5,59.6,1
STU3042,21,Female,Civil Eng,4,7.1,64.0,0,1,0,1,3,1,0,0,0,0,0,1,60.0,77.0,0
STU3043,20,Female,Computer Science,3,7.77,90.9,0,1,0,0,13,1,1,1,0,0,1,1,87.0,51.9,1
STU3044,22,Female,Information Technology,3,8.1,87.5,0,0,1,10,239,1,1,1,1,1,1,1,69.0,66.7,1
STU3045,21,Male,Computer Science,3,6.35,62.3,4,3,3,1,9,1,0,1,1,1,1,1,73.8,81.6,1
STU3046,19,Male,Information Technology,4,8.96,74.1,0,0,4,0,0,1,1,0,1,1,1,0,61.5,48.5,1
STU3047,21,Male,Electronics & Comm,4,8.3,72.2,0,0,2,3,35,1,0,0,0,0,0,1,95.6,57.6,1
STU3048,21,Male,Civil Eng,4,9.31,85.5,0,0,2,4,19,1,1,1,0,0,0,1,65.9,44.3,1
STU3049,19,Male,Electronics & Comm,4,6.85,65.7,0,0,3,0,31,0,0,1,0,0,1,1,83.8,77.5,1
STU3050,21,Male,Electrical Eng,4,7.71,77.0,0,0,5,0,25,1,1,1,0,1,1,1,65.9,68.1,1
STU3051,21,Male,Electronics & Comm,3,7.64,71.1,0,2,4,0,2,1,0,1,0,0,1,1,72.9,82.6,1
STU3052,20,Female,Computer Science,3,7.89,82.7,2,1,0,0,50,0,1,0,1,0,0,0,72.9,77.6,0
STU3053,22,Female,Information Technology,4,6.0,75.8,2,1,1,3,70,1,1,1,0,1,1,0,80.9,61.1,0
STU3054,21,Female,Electronics & Comm,4,7.72,72.6,0,3,0,2,27,1,1,1,0,0,1,1,78.3,71.2,1
STU3055,21,Female,Civil Eng,4,6.03,75.9,0,1,2,3,95,1,0,0,1,0,0,0,61.4,71.3,1
STU3056,21,Male,Mechanical Eng,4,7.99,98.4,0,0,3,2,216,0,0,1,0,0,0,1,84.2,76.0,1
STU3057,20,Female,Computer Science,4,5.26,73.8,2,0,1,4,53,1,1,1,1,1,1,0,54.1,87.0,0
STU3058,21,Male,Computer Science,4,5.56,67.6,3,0,4,2,85,1,0,1,1,0,0,1,51.4,48.6,0
STU3059,21,Female,Computer Science,4,8.5,83.8,0,1,2,5,240,1,1,1,1,1,0,1,63.9,36.9,1
STU3060,19,Male,Civil Eng,4,7.0,76.6,1,0,6,2,52,0,1,0,0,0,0,1,73.5,49.2,0
STU3061,21,Other,Mechanical Eng,3,6.51,63.8,1,1,0,4,13,0,0,1,0,0,1,0,53.7,72.1,1
STU3062,21,Male,Electrical Eng,4,9.0,100.0,0,1,1,2,80,1,1,0,1,1,0,1,66.9,71.2,1
STU3063,21,Male,Information Technology,4,7.96,74.5,0,2,1,2,197,1,1,1,1,1,1,1,48.6,56.5,1
STU3064,19,Female,Electronics & Comm,4,8.56,74.2,0,1,0,4,22,1,0,1,1,1,0,1,64.2,60.9,1
STU3065,21,Male,Information Technology,4,7.42,79.6,0,0,3,0,242,1,1,0,1,1,1,1,81.6,52.5,1
STU3066,20,Female,Computer Science,4,10.0,95.3,0,0,0,2,4,1,1,1,0,0,0,1,56.2,63.4,1
STU3067,20,Female,Electronics & Comm,3,6.94,61.2,0,1,3,3,14,1,0,0,0,0,0,1,50.9,54.6,1
STU3068,20,Female,Computer Science,4,9.52,80.8,0,0,0,3,93,1,0,1,1,0,0,0,73.3,89.6,1
STU3069,20,Female,Computer Science,3,7.53,98.9,2,0,1,2,31,1,1,1,1,1,1,1,57.0,84.8,1
STU3070,21,Female,Mechanical Eng,4,5.78,79.3,0,1,4,2,9,1,1,0,0,0,1,0,100.0,75.9,1
STU3071,21,Male,Electrical Eng,4,8.13,65.6,0,0,5,1,13,0,0,0,0,0,0,1,70.7,65.5,1
STU3072,20,Female,Information Technology,3,7.95,71.8,0,2,2,5,22,1,1,1,1,1,0,1,82.3,82.1,1
STU3073,22,Female,Electronics & Comm,3,6.44,80.1,2,0,5,1,180,0,0,0,0,1,0,1,49.6,66.5,1
STU3074,22,Female,Information Technology,4,6.59,91.3,0,3,2,4,35,0,1,0,1,1,0,1,74.4,67.4,1
STU3075,22,Male,Electrical Eng,3,7.57,74.6,2,2,2,0,32,0,0,1,0,0,0,1,53.9,39.1,1
STU3076,20,Female,Electrical Eng,3,7.98,86.3,1,0,3,1,47,0,1,1,0,0,0,1,65.5,68.9,1
STU3077,21,Other,Electrical Eng,4,5.0,63.6,2,1,1,1,55,1,0,0,0,0,1,1,57.5,45.6,0
STU3078,23,Female,Electrical Eng,4,8.76,63.6,0,1,1,3,9,1,1,0,1,0,1,1,82.6,59.0,1
STU3079,21,Male,Computer Science,3,7.06,73.2,0,1,3,1,8,1,0,1,1,1,1,1,72.5,67.5,1
STU3080,19,Male,Information Technology,4,6.14,92.4,2,1,2,0,127,1,1,1,0,0,0,1,69.6,51.5,1
STU3081,19,Male,Information Technology,4,8.64,78.7,1,1,1,1,132,1,1,0,1,1,0,0,87.1,72.2,1
STU3082,21,Female,Information Technology,4,7.57,80.9,2,1,0,1,58,1,1,1,1,1,0,1,68.2,80.8,1
STU3083,22,Female,Electrical Eng,4,8.94,80.8,0,0,3,1,37,1,1,0,0,0,0,0,82.4,51.7,1
STU3084,21,Male,Information Technology,3,8.08,89.1,0,3,3,1,78,1,1,1,1,1,0,1,93.2,66.8,1
STU3085,21,Male,Computer Science,3,7.6,71.9,0,0,2,3,107,1,1,0,1,1,0,1,70.0,46.3,1
STU3086,20,Male,Information Technology,3,7.43,84.9,0,0,4,2,232,0,1,1,1,1,0,1,71.6,47.5,1
STU3087,21,Male,Civil Eng,4,8.13,69.7,0,0,2,2,59,1,1,0,1,1,0,0,81.4,69.7,1
STU3088,21,Female,Computer Science,4,7.15,97.8,0,2,3,7,51,0,1,1,0,0,1,1,88.1,75.7,1
STU3089,20,Female,Electronics & Comm,4,6.66,70.0,0,1,4,2,29,1,1,0,0,1,0,1,69.8,42.4,1
STU3090,21,Male,Information Technology,4,8.27,69.2,0,2,4,5,117,1,1,1,1,0,1,1,59.1,95.7,1
STU3091,22,Male,Computer Science,4,7.44,83.5,0,2,2,1,300,1,1,1,1,1,1,0,80.1,57.5,1
STU3092,20,Male,Information Technology,4,7.64,78.8,0,2,3,2,57,1,0,1,0,1,1,1,76.0,68.1,1
STU3093,21,Female,Electrical Eng,4,8.8,81.3,0,1,2,1,109,0,1,1,0,1,0,1,80.0,57.0,1
STU3094,20,Male,Electronics & Comm,3,7.47,80.3,0,0,3,2,95,1,1,0,1,0,0,1,77.8,60.7,1
STU3095,21,Male,Mechanical Eng,3,7.62,67.1,0,0,1,2,7,1,0,0,0,1,0,1,70.9,87.8,1
STU3096,21,Male,Computer Science,4,6.94,94.1,2,1,2,1,0,1,1,1,1,0,1,1,71.7,87.6,1
STU3097,21,Female,Computer Science,4,8.07,86.9,0,1,1,4,196,1,1,1,0,1,0,1,77.8,40.2,1
STU3098,21,Female,Civil Eng,4,7.98,91.6,2,1,0,2,148,0,1,1,1,0,0,1,47.7,56.5,1
STU3099,20,Female,Information Technology,4,8.59,72.7,0,1,2,0,70,1,1,1,1,0,1,1,86.6,100.0,1
STU3100,22,Male,Electronics & Comm,3,6.96,82.2,0,1,4,2,51,0,1,0,0,0,1,1,74.3,58.5,1
STU3101,21,Male,Electrical Eng,4,7.1,80.0,0,0,0,4,29,1,0,1,0,0,0,1,56.2,71.3,1
STU3102,20,Male,Information Technology,4,8.47,89.3,0,0,1,1,13,1,1,0,1,0,0,1,70.6,82.0,1
STU3103,21,Female,Electrical Eng,4,7.88,89.6,0,1,2,0,2,0,0,0,1,0,0,1,86.5,77.8,1
STU3104,21,Male,Computer Science,4,6.6,79.9,0,0,3,4,9,1,0,1,0,1,0,1,72.1,22.7,1
STU3105,20,Female,Computer Science,4,9.04,62.8,0,1,1,7,80,1,1,1,1,1,0,1,57.8,70.0,1
STU3106,22,Female,Computer Science,4,5.73,95.8,2,1,0,0,34,1,1,1,1,0,0,0,50.2,91.2,0
STU3107,22,Female,Electrical Eng,4,8.46,83.6,0,4,2,6,52,1,1,0,0,1,0,1,100.0,65.4,1
STU3108,20,Male,Computer Science,4,6.21,71.9,1,2,3,1,145,1,1,1,0,1,0,1,43.7,49.4,1
STU3109,23,Male,Electrical Eng,4,9.67,82.1,2,1,0,6,142,1,1,1,0,1,0,1,72.7,49.7,1
STU3110,20,Male,Civil Eng,3,5.9,62.9,3,1,2,3,15,0,0,1,0,0,0,1,59.8,62.0,0
STU3111,20,Female,Electronics & Comm,3,8.87,88.6,0,0,3,5,112,1,1,1,1,1,0,1,82.6,75.1,1
STU3112,20,Female,Electronics & Comm,3,7.51,63.3,0,1,1,4,38,1,0,1,0,1,1,0,51.0,100.0,1
STU3113,22,Male,Information Technology,3,7.2,75.8,0,2,1,0,8,1,1,1,1,1,0,1,90.5,60.7,1
STU3114,21,Male,Information Technology,4,7.8,80.4,2,1,2,0,18,1,0,1,1,1,0,0,66.2,73.4,1
STU3115,20,Female,Information Technology,4,8.3,88.4,0,1,5,2,82,1,1,0,1,1,0,1,64.9,41.8,1
STU3116,20,Female,Electronics & Comm,3,6.61,79.1,1,0,1,0,8,0,0,1,0,0,0,0,63.6,39.7,1
STU3117,21,Male,Civil Eng,3,6.7,84.3,0,2,2,2,56,1,0,1,0,0,0,1,59.7,57.5,1
STU3118,19,Female,Civil Eng,3,8.31,77.7,4,0,2,6,52,1,1,0,0,1,0,1,62.8,71.7,0
STU3119,22,Male,Mechanical Eng,4,5.72,77.7,1,2,4,1,240,0,1,1,1,0,0,1,78.1,63.7,1
STU3120,21,Male,Mechanical Eng,4,6.96,78.9,0,1,0,2,97,0,1,1,0,0,1,1,43.9,65.8,1
STU3121,21,Female,Information Technology,4,10.0,76.1,0,1,2,1,185,1,1,0,1,0,1,1,57.5,60.9,1
STU3122,22,Female,Electronics & Comm,4,6.54,61.1,3,0,4,3,50,0,1,0,0,0,0,0,88.9,64.6,0
STU3123,20,Female,Mechanical Eng,3,8.86,70.3,3,0,6,1,117,0,1,1,0,1,0,0,66.7,60.6,1
STU3124,23,Male,Information Technology,3,6.96,80.4,0,2,3,1,15,1,1,1,0,0,1,1,60.0,44.8,1
STU3125,21,Female,Civil Eng,3,8.16,75.5,1,2,2,4,70,0,0,0,0,1,0,0,50.2,42.6,1
STU3126,21,Male,Information Technology,4,8.32,76.4,0,1,2,4,190,1,1,1,1,1,0,0,51.6,85.4,1
STU3127,20,Male,Electronics & Comm,4,8.84,74.8,1,1,2,4,5,1,0,1,0,1,0,1,81.8,52.7,1
STU3128,22,Female,Electrical Eng,4,7.38,69.4,1,1,2,3,71,1,1,0,1,1,1,1,56.5,61.4,1
STU3129,20,Male,Civil Eng,4,9.79,73.1,0,1,3,2,12,0,0,1,0,0,1,1,79.3,82.8,1
STU3130,20,Female,Computer Science,4,6.95,74.9,0,1,3,3,91,1,1,0,0,1,1,1,54.3,61.0,1
STU3131,19,Female,Electrical Eng,3,7.86,78.1,0,0,2,1,21,1,0,1,0,0,0,0,66.2,78.2,1
STU3132,21,Male,Electronics & Comm,3,7.87,81.9,0,2,3,0,17,1,1,0,1,0,1,1,67.0,51.7,1
STU3133,21,Male,Computer Science,4,6.37,76.2,3,1,4,1,6,1,1,1,1,1,1,1,57.4,88.3,1
STU3134,21,Male,Electrical Eng,4,7.29,67.7,0,0,4,1,77,1,0,1,0,0,1,1,69.1,68.4,1
STU3135,22,Male,Electronics & Comm,3,7.78,64.0,0,2,3,1,59,0,0,1,0,0,0,1,38.4,64.6,1
STU3136,19,Female,Electronics & Comm,4,7.12,100.0,0,1,2,1,30,0,1,1,1,1,0,1,66.8,62.5,1
STU3137,21,Female,Information Technology,4,10.0,66.7,0,0,2,2,100,1,0,1,1,0,0,1,74.2,76.5,1
STU3138,20,Male,Information Technology,4,6.68,72.8,0,0,1,1,270,1,1,1,1,0,0,1,56.3,68.5,1
STU3139,22,Male,Electronics & Comm,4,8.9,83.2,2,1,1,3,20,0,1,0,1,0,0,1,71.0,17.0,1
STU3140,21,Female,Information Technology,4,8.54,81.6,0,2,2,2,132,1,1,1,1,1,0,1,70.1,58.3,1
STU3141,21,Female,Computer Science,4,7.58,83.2,1,2,1,5,20,1,1,1,0,1,1,0,70.7,69.8,1
STU3142,21,Male,Civil Eng,4,6.65,73.6,0,1,2,0,110,1,1,0,0,0,0,0,49.2,50.5,1
STU3143,20,Male,Electronics & Comm,4,6.75,80.4,2,0,3,3,17,1,1,0,0,0,0,1,69.3,57.4,0
STU3144,21,Female,Electrical Eng,3,7.03,78.6,0,0,2,3,171,0,1,0,1,0,0,0,43.9,59.2,1
STU3145,21,Male,Information Technology,4,5.64,74.9,0,0,0,6,6,1,1,0,0,1,1,1,59.2,88.9,1
STU3146,21,Male,Information Technology,3,6.5,80.5,0,2,0,1,64,1,1,0,1,0,1,1,67.9,74.0,1
STU3147,20,Female,Information Technology,3,5.97,88.6,4,3,1,1,140,1,0,0,1,1,0,0,70.9,69.9,0
STU3148,21,Female,Information Technology,4,9.08,77.8,0,0,1,1,68,1,1,1,1,1,0,1,51.1,47.5,1
STU3149,21,Female,Electronics & Comm,4,8.28,77.8,0,2,6,1,42,1,1,0,0,0,0,0,64.0,54.7,1
STU3150,20,Female,Electronics & Comm,4,8.46,88.7,2,1,2,2,29,1,0,0,1,0,0,1,79.1,77.8,1
STU3151,20,Female,Information Technology,3,8.25,87.6,0,0,1,4,232,1,1,1,1,0,1,1,54.3,74.9,1
STU3152,21,Male,Computer Science,3,7.78,93.8,0,1,0,1,97,1,1,1,1,0,1,1,37.8,43.7,1
STU3153,21,Male,Information Technology,4,9.21,60.4,0,2,2,1,118,1,0,1,1,0,0,1,75.4,86.0,1
STU3154,20,Male,Computer Science,3,6.93,87.1,0,0,3,1,139,1,0,1,1,1,0,1,54.8,52.1,1
STU3155,20,Male,Computer Science,3,7.72,84.0,0,2,1,0,9,1,1,1,1,0,0,1,59.1,70.4,1
STU3156,20,Female,Civil Eng,4,8.42,69.1,0,0,4,5,122,1,0,0,0,1,1,1,69.8,100.0,1
STU3157,20,Female,Electronics & Comm,3,6.15,80.5,3,0,3,4,36,1,0,1,1,0,0,1,69.1,58.7,0
STU3158,21,Female,Electronics & Comm,4,10.0,88.5,0,0,1,1,0,0,1,1,0,1,1,1,82.3,67.5,1
STU3159,21,Female,Information Technology,4,7.63,69.7,0,2,2,1,20,1,1,0,1,0,1,1,64.6,56.6,1
STU3160,21,Male,Mechanical Eng,3,7.76,82.4,0,1,2,5,16,1,1,1,1,0,1,1,69.0,67.6,1
STU3161,21,Male,Electronics & Comm,4,8.98,86.7,0,2,2,0,32,1,1,1,0,1,1,1,44.3,86.4,1
STU3162,20,Female,Electrical Eng,4,8.61,67.3,0,1,3,2,94,0,0,1,0,0,0,1,76.8,62.1,1
STU3163,21,Female,Information Technology,4,7.64,76.6,1,1,1,5,30,1,0,0,1,1,1,0,58.3,60.6,1
STU3164,21,Female,Civil Eng,4,7.74,81.0,2,2,2,2,11,0,0,0,1,0,0,1,100.0,81.6,1
STU3165,23,Female,Mechanical Eng,3,5.95,70.0,3,1,2,0,29,0,1,0,0,0,0,1,65.0,46.1,0
STU3166,21,Female,Mechanical Eng,4,6.99,69.2,0,2,2,1,43,1,1,1,0,1,0,1,73.9,66.2,1
STU3167,20,Female,Computer Science,4,8.17,76.6,1,0,4,5,2,1,1,1,1,1,1,1,76.9,54.1,1
STU3168,21,Male,Computer Science,3,8.09,86.0,2,1,1,0,11,1,1,0,0,0,0,0,66.8,61.4,1
STU3169,20,Female,Computer Science,3,8.94,84.4,0,1,1,1,115,0,1,1,1,1,0,1,74.1,51.7,1
STU3170,21,Female,Computer Science,3,7.47,69.4,0,2,2,4,81,1,1,1,1,0,1,1,99.6,43.6,1
STU3171,19,Male,Mechanical Eng,3,6.07,84.5,0,0,1,4,151,1,0,1,0,1,0,1,57.4,31.9,1
STU3172,20,Female,Computer Science,4,8.76,69.6,0,1,0,2,24,1,1,0,1,0,1,1,36.6,58.2,1
STU3173,22,Male,Computer Science,3,9.18,61.9,2,1,2,1,147,1,1,1,1,0,1,1,49.8,68.4,1
STU3174,20,Female,Computer Science,3,8.59,74.3,0,1,1,2,59,0,1,0,1,0,1,0,82.0,77.2,1
STU3175,21,Male,Computer Science,4,7.42,89.2,0,0,2,1,85,1,0,1,1,1,1,0,61.3,45.0,1
STU3176,20,Female,Computer Science,3,8.75,84.6,0,0,1,1,9,1,1,1,1,1,0,1,100.0,67.3,1
STU3177,21,Male,Electrical Eng,4,10.0,78.0,0,2,0,4,109,1,1,1,0,0,1,1,78.2,73.4,1
STU3178,21,Female,Electronics & Comm,4,7.73,73.8,0,2,2,1,16,1,0,1,0,0,0,1,58.9,70.4,1
STU3179,21,Male,Computer Science,3,6.16,74.1,4,1,0,0,23,0,1,1,1,0,0,1,57.1,68.9,0
STU3180,20,Male,Information Technology,4,6.96,79.1,0,2,5,1,9,1,1,1,1,0,0,0,61.8,32.6,1
STU3181,20,Male,Information Technology,4,8.29,67.3,1,0,2,2,82,1,1,1,1,1,0,1,39.1,63.2,1
STU3182,19,Female,Computer Science,4,5.83,74.5,0,1,3,3,71,1,1,0,0,0,0,1,71.9,63.8,1
STU3183,20,Male,Electronics & Comm,3,7.79,75.8,0,2,3,4,25,1,1,1,0,1,1,1,77.7,73.2,1
STU3184,21,Male,Electrical Eng,4,8.02,64.5,0,2,1,3,72,0,1,1,0,0,1,0,54.5,85.8,1
STU3185,22,Female,Electrical Eng,4,9.29,69.6,1,1,3,3,4,0,0,0,0,1,0,1,46.3,61.1,1
STU3186,22,Male,Electrical Eng,4,9.04,82.1,0,2,3,3,40,1,0,0,0,1,1,1,55.3,59.8,1
STU3187,21,Female,Computer Science,3,8.55,78.1,0,1,1,1,232,1,1,1,1,1,1,1,82.0,67.0,1
STU3188,21,Male,Civil Eng,4,5.22,74.9,1,2,6,1,33,0,0,0,0,0,0,0,79.2,65.3,1
STU3189,21,Female,Electrical Eng,4,8.61,68.9,2,1,0,2,110,0,0,0,1,0,0,1,71.0,71.5,1
STU3190,20,Male,Mechanical Eng,4,8.38,93.8,0,2,1,0,37,0,1,1,0,0,1,1,91.0,72.9,1
STU3191,22,Male,Computer Science,4,7.88,69.6,0,0,3,1,184,1,1,1,1,1,1,1,44.4,62.4,1
STU3192,21,Female,Civil Eng,4,5.7,80.5,2,1,1,2,37,0,0,0,1,0,1,0,65.1,72.5,0
STU3193,21,Female,Electrical Eng,4,6.75,73.1,0,1,3,2,51,0,1,0,0,0,1,1,75.8,61.7,1
STU3194,20,Female,Mechanical Eng,4,6.32,78.4,3,1,4,2,6,0,0,0,0,0,0,1,79.1,43.2,0
STU3195,20,Male,Computer Science,4,5.38,82.6,4,1,5,3,83,1,0,1,0,1,0,0,79.3,47.7,0
STU3196,21,Male,Electrical Eng,3,7.6,64.3,0,3,2,2,2,0,0,1,0,0,1,1,78.1,30.0,1
STU3197,22,Male,Civil Eng,4,6.72,77.9,2,2,5,5,41,1,1,0,0,0,1,1,86.5,89.9,1
STU3198,21,Other,Electronics & Comm,4,10.0,89.9,0,0,2,1,38,1,0,0,0,0,0,1,78.7,84.3,1
STU3199,20,Male,Electronics & Comm,3,7.41,95.6,0,2,1,2,9,0,1,0,0,0,1,0,51.8,80.5,1
STU3200,23,Male,Civil Eng,4,9.02,76.7,2,0,2,0,2,1,1,1,0,0,1,1,61.6,61.8,0
STU3201,20,Male,Information Technology,3,5.87,78.4,2,1,3,1,26,0,1,0,1,0,0,1,44.3,79.7,1
STU3202,20,Female,Electronics & Comm,4,7.02,100.0,0,2,2,4,13,1,0,0,1,0,1,1,81.9,78.5,1
STU3203,19,Male,Information Technology,4,7.71,89.3,0,0,2,1,62,1,1,1,1,1,0,1,84.7,43.2,1
STU3204,21,Female,Civil Eng,3,6.6,71.8,0,2,2,1,77,1,0,0,1,0,0,1,50.9,53.2,1
STU3205,22,Male,Computer Science,4,7.14,71.8,0,2,2,2,6,1,1,1,0,0,1,1,62.7,73.1,1
STU3206,20,Female,Electronics & Comm,3,7.36,87.6,0,1,5,0,14,0,0,0,0,0,1,1,43.4,57.7,1
STU3207,22,Male,Electronics & Comm,4,7.34,67.9,1,0,2,2,88,1,1,0,1,0,1,0,66.3,54.4,1
STU3208,20,Female,Electrical Eng,4,9.64,88.9,0,1,1,1,11,1,1,1,0,0,1,1,56.4,77.4,1
STU3209,22,Female,Electronics & Comm,3,8.02,81.3,0,3,3,1,221,0,0,0,0,1,1,1,51.7,52.6,1
STU3210,21,Male,Mechanical Eng,3,8.13,83.2,2,0,2,4,12,1,1,0,0,1,0,1,67.7,100.0,1
STU3211,21,Female,Civil Eng,3,8.19,75.4,0,1,3,3,54,0,1,0,0,0,1,1,94.3,88.9,1
STU3212,19,Male,Computer Science,4,8.27,71.7,0,0,0,2,114,1,0,1,1,0,0,1,79.1,61.8,1
STU3213,22,Female,Information Technology,4,7.51,92.6,0,0,2,2,63,1,0,1,1,0,0,1,64.5,83.7,1
STU3214,21,Female,Computer Science,3,7.25,75.5,0,2,0,3,212,1,1,1,1,0,0,1,67.3,67.8,1
STU3215,20,Male,Information Technology,3,7.78,73.9,0,0,0,3,300,1,1,1,1,0,0,1,94.3,58.8,1
STU3216,21,Male,Electronics & Comm,3,8.87,77.2,0,4,3,1,16,0,0,0,0,0,0,1,85.6,94.7,1
STU3217,20,Male,Mechanical Eng,4,8.84,79.9,1,1,2,1,37,0,1,1,0,0,0,1,63.7,70.9,1
STU3218,22,Male,Mechanical Eng,4,7.34,67.7,4,1,4,1,9,1,1,0,0,0,1,1,75.0,51.6,0
STU3219,20,Male,Computer Science,3,8.44,72.4,1,0,2,1,35,1,1,1,1,0,0,1,54.0,71.9,0
STU3220,21,Male,Computer Science,4,7.39,71.8,0,3,1,0,23,1,1,0,1,1,0,1,68.3,90.2,1
STU3221,21,Male,Electronics & Comm,3,7.64,86.5,0,0,3,1,21,0,1,0,0,0,1,0,78.7,65.0,1
STU3222,19,Female,Electronics & Comm,4,7.08,69.1,1,1,2,4,9,0,1,0,1,0,0,1,82.3,68.1,1
STU3223,20,Male,Computer Science,4,7.4,60.4,0,1,3,2,0,1,1,1,1,0,1,1,59.0,60.5,1
STU3224,19,Male,Mechanical Eng,4,9.08,58.3,1,1,3,1,47,1,1,0,0,1,1,0,82.0,70.3,1
STU3225,21,Female,Civil Eng,4,7.7,63.3,0,1,1,2,134,1,1,1,1,1,0,0,70.1,50.3,1
STU3226,20,Male,Information Technology,4,7.75,91.6,0,1,3,3,17,1,1,0,0,1,1,1,64.0,53.1,1
STU3227,21,Male,Mechanical Eng,4,6.01,78.2,2,0,2,1,7,0,0,0,0,0,0,1,94.7,59.9,0
STU3228,20,Male,Information Technology,4,7.26,83.0,0,1,2,2,31,0,0,1,1,0,0,0,63.0,67.5,1
STU3229,20,Female,Electrical Eng,3,7.33,83.4,0,2,4,0,3,1,1,0,1,1,1,0,52.5,81.7,1
STU3230,21,Female,Information Technology,3,6.69,78.6,0,1,2,2,244,1,1,1,1,1,0,0,58.6,62.8,1
STU3231,19,Male,Computer Science,3,7.62,77.3,0,0,2,1,34,1,1,0,1,0,0,1,78.2,77.4,1
STU3232,22,Female,Civil Eng,4,7.13,88.4,2,0,2,2,9,0,0,0,0,0,1,1,54.2,58.4,0
STU3233,22,Male,Information Technology,3,7.69,79.5,3,0,0,2,52,1,1,0,1,0,1,1,79.6,73.8,0
STU3234,21,Female,Electrical Eng,3,7.73,92.0,0,0,2,3,10,0,1,1,0,0,0,1,56.1,83.0,1
STU3235,21,Female,Information Technology,4,6.55,84.2,0,1,2,2,37,1,1,1,1,0,0,1,66.9,63.3,1
STU3236,22,Female,Computer Science,3,7.16,71.8,0,1,2,2,65,1,1,1,1,1,0,1,98.9,70.3,1
STU3237,20,Male,Computer Science,4,7.69,73.0,0,0,2,0,31,1,0,1,1,1,0,1,55.6,56.2,1
STU3238,19,Male,Information Technology,4,8.9,70.7,0,1,3,3,6,1,1,1,1,1,0,1,39.7,73.8,1
STU3239,20,Male,Electronics & Comm,4,7.88,90.2,0,4,0,4,11,0,0,1,0,0,0,1,87.1,23.0,1
STU3240,21,Female,Information Technology,4,6.87,73.9,1,3,1,3,31,1,1,0,1,1,1,1,48.4,40.6,1
STU3241,19,Female,Electronics & Comm,4,8.04,70.0,1,2,3,8,3,0,1,0,0,0,1,1,56.6,73.6,1
STU3242,21,Female,Electronics & Comm,4,9.48,81.2,0,0,4,0,28,1,0,1,0,0,0,1,78.2,40.5,1
STU3243,23,Other,Electrical Eng,3,8.61,77.0,0,0,2,1,74,1,1,0,0,0,0,1,77.6,57.7,1
STU3244,22,Male,Information Technology,4,8.2,80.9,0,2,4,2,24,0,1,1,1,1,0,1,34.8,86.1,1
STU3245,21,Female,Mechanical Eng,3,8.4,96.9,0,0,1,1,31,0,1,1,1,0,0,0,63.2,78.0,1
STU3246,19,Female,Information Technology,3,9.18,87.1,0,0,1,0,52,1,1,1,1,1,0,1,79.9,100.0,1
STU3247,21,Female,Information Technology,4,8.78,78.3,0,1,4,2,44,1,1,0,1,0,1,1,96.4,66.1,1
STU3248,21,Other,Computer Science,3,8.22,63.9,0,0,4,1,4,1,1,1,1,1,1,0,50.7,63.8,1
STU3249,20,Female,Information Technology,4,8.78,73.0,0,2,1,1,69,1,1,1,1,1,1,1,83.0,65.2,1
STU3250,19,Male,Computer Science,3,6.41,85.1,2,2,0,6,7,1,1,1,0,0,0,1,58.7,51.1,1
STU3251,22,Female,Electronics & Comm,3,5.95,66.3,2,2,0,1,18,1,1,0,1,0,0,1,82.6,61.8,0
STU3252,21,Male,Computer Science,3,7.77,99.4,0,2,1,0,106,0,1,1,1,0,0,1,53.4,46.1,1
STU3253,21,Female,Information Technology,3,7.68,78.1,0,0,3,0,39,1,1,0,0,1,1,1,64.8,82.6,1
STU3254,22,Female,Electrical Eng,4,7.0,78.5,0,1,2,4,65,1,1,0,1,0,0,0,73.4,76.1,1
STU3255,21,Male,Information Technology,4,8.51,71.3,0,1,2,3,24,1,1,1,1,1,1,1,81.4,47.6,1
STU3256,21,Female,Computer Science,4,5.55,83.0,0,1,2,0,28,1,0,0,1,0,0,1,76.0,55.0,1
STU3257,20,Male,Computer Science,4,7.01,66.4,0,0,4,1,34,1,1,1,0,1,0,1,62.0,70.9,1
STU3258,20,Male,Electrical Eng,3,7.07,99.6,0,1,0,3,26,1,0,0,0,0,1,1,61.0,69.1,1
STU3259,20,Male,Computer Science,3,5.8,91.2,3,3,3,1,21,1,1,1,0,1,1,0,92.9,49.3,1
STU3260,21,Female,Information Technology,3,9.24,87.8,0,0,4,8,74,1,1,1,1,0,0,1,71.9,66.0,1
STU3261,21,Female,Electronics & Comm,4,6.1,64.1,1,0,1,2,4,1,0,0,0,0,0,1,61.3,73.6,0
STU3262,22,Female,Electronics & Comm,4,6.95,80.1,2,0,3,1,78,1,0,1,0,0,1,1,75.5,74.0,1
STU3263,20,Male,Electronics & Comm,4,8.6,90.1,2,1,3,4,80,1,1,1,0,1,0,1,76.7,90.3,1
STU3264,21,Female,Electrical Eng,4,8.31,83.9,0,0,0,1,25,1,0,1,0,1,0,1,49.1,68.8,1
STU3265,21,Female,Computer Science,4,6.38,68.0,3,2,1,1,67,1,1,1,0,0,0,1,74.8,46.4,0
STU3266,21,Male,Computer Science,4,8.35,71.5,0,1,2,1,115,1,1,1,1,1,0,0,46.9,49.0,1
STU3267,21,Male,Computer Science,4,7.92,73.5,3,1,2,3,22,1,1,0,1,0,1,1,59.0,83.8,1
STU3268,20,Male,Computer Science,3,10.0,72.0,0,1,2,1,1,1,1,1,1,1,0,0,54.2,89.2,1
STU3269,21,Female,Computer Science,4,8.04,93.3,1,1,1,1,103,1,1,0,1,1,1,0,66.2,64.5,1
STU3270,20,Female,Information Technology,4,7.44,58.8,1,1,3,0,11,1,1,1,0,1,1,1,61.9,70.7,1
STU3271,20,Female,Electronics & Comm,4,6.66,84.6,0,2,1,4,17,1,0,1,1,1,0,1,65.2,66.4,1
STU3272,21,Male,Electronics & Comm,3,6.78,65.1,1,2,2,1,4,0,1,0,0,0,1,1,41.5,60.5,1
STU3273,21,Female,Information Technology,4,6.69,68.4,0,0,2,1,124,0,1,1,1,0,0,1,66.9,42.6,1
STU3274,22,Male,Electrical Eng,4,9.11,57.9,0,0,3,2,3,0,0,1,0,0,0,1,52.6,72.2,1
STU3275,21,Male,Information Technology,4,7.62,72.5,0,0,0,3,18,1,1,0,1,0,1,1,100.0,91.7,1
STU3276,21,Female,Computer Science,3,8.22,93.1,2,1,1,4,82,0,0,1,0,0,0,1,62.4,67.6,1
STU3277,21,Male,Electronics & Comm,4,9.27,80.6,0,0,1,1,28,0,1,1,0,0,0,1,64.4,60.5,1
STU3278,21,Female,Computer Science,4,5.01,66.0,2,1,1,4,44,1,1,0,1,1,0,0,77.7,58.5,0
STU3279,19,Male,Computer Science,4,9.01,88.2,0,2,1,2,25,1,1,1,0,1,1,1,86.5,72.5,1
STU3280,20,Female,Information Technology,4,7.66,90.3,0,0,2,0,102,1,1,1,1,1,0,0,51.5,82.3,1
STU3281,20,Male,Civil Eng,4,8.08,79.0,0,1,3,4,23,1,1,1,0,1,1,1,76.0,73.0,1
STU3282,21,Female,Electrical Eng,3,6.69,98.3,0,1,3,2,41,1,1,1,1,0,1,0,81.5,37.0,1
STU3283,19,Male,Computer Science,3,6.77,86.2,3,1,2,2,99,1,1,1,0,0,0,0,70.6,91.1,1
STU3284,20,Male,Mechanical Eng,4,8.14,84.8,0,1,0,6,23,1,1,0,0,0,0,1,70.3,77.5,1
STU3285,20,Female,Electrical Eng,4,10.0,70.0,0,2,5,2,20,1,1,1,0,0,1,1,60.8,62.3,1
STU3286,23,Male,Electronics & Comm,3,8.7,84.3,0,0,1,0,16,1,1,1,1,1,1,1,63.5,57.0,1
STU3287,20,Female,Mechanical Eng,4,8.99,80.2,0,0,3,4,11,1,1,1,0,0,0,1,66.5,58.3,1
STU3288,21,Other,Information Technology,4,7.39,83.2,0,1,4,1,71,1,1,1,1,0,0,1,62.0,77.9,1
STU3289,20,Male,Computer Science,4,6.94,71.2,0,1,3,2,59,1,1,1,1,1,0,1,80.4,35.4,1
STU3290,21,Male,Electronics & Comm,3,6.74,79.3,0,0,1,1,31,1,1,0,0,0,0,0,55.8,72.7,1
STU3291,20,Female,Electronics & Comm,3,7.06,69.8,0,0,1,1,16,0,1,0,0,0,1,1,80.0,69.2,1
STU3292,20,Female,Electronics & Comm,4,5.34,56.5,3,1,0,3,149,1,1,0,0,0,1,1,86.6,69.0,0
STU3293,21,Female,Electronics & Comm,4,6.8,88.0,3,0,2,2,33,0,1,1,0,0,0,1,73.2,47.6,0
STU3294,19,Male,Civil Eng,4,6.98,63.0,0,4,2,3,88,0,0,1,0,0,0,1,42.9,39.4,1
STU3295,19,Female,Mechanical Eng,4,7.41,79.1,0,1,3,4,34,0,0,0,1,0,1,1,76.6,98.7,1
STU3296,20,Male,Mechanical Eng,4,7.74,81.3,0,0,0,1,8,1,1,0,1,1,1,0,59.0,67.0,1
STU3297,19,Female,Electrical Eng,4,8.0,81.3,2,1,3,2,147,1,0,1,0,1,1,1,60.6,94.0,1
STU3298,20,Female,Civil Eng,4,7.58,75.2,0,0,3,3,87,1,0,1,0,0,0,1,73.1,78.6,1
STU3299,20,Male,Computer Science,4,6.96,80.7,1,1,1,3,2,1,0,1,1,1,0,1,83.5,66.7,1
STU3300,21,Male,Computer Science,4,5.44,82.7,0,1,2,2,55,1,0,1,0,1,0,1,44.7,68.5,0
STU3301,21,Male,Information Technology,3,6.97,85.3,0,1,2,1,35,0,1,1,1,0,1,1,68.8,81.2,1
STU3302,21,Male,Mechanical Eng,4,6.53,95.3,0,2,2,2,66,0,0,0,0,0,0,0,95.9,82.9,1
STU3303,20,Female,Electronics & Comm,3,8.11,80.3,0,0,1,2,3,1,0,1,0,0,0,1,52.6,72.1,1
STU3304,22,Male,Electrical Eng,4,8.6,78.6,0,2,0,1,41,0,1,1,0,0,0,1,65.2,81.4,1
STU3305,20,Male,Computer Science,4,8.63,68.9,0,2,3,3,63,1,1,1,1,1,0,1,59.4,82.1,1
STU3306,19,Male,Computer Science,3,8.43,82.4,0,0,1,0,148,1,1,1,1,1,1,1,77.8,69.9,1
STU3307,21,Other,Electrical Eng,3,7.45,84.7,0,0,1,7,49,0,1,0,1,0,1,0,50.5,55.9,0
STU3308,20,Female,Computer Science,4,7.03,76.1,0,0,3,3,74,1,1,0,0,0,1,0,46.0,72.5,1
STU3309,20,Male,Information Technology,4,6.78,83.4,0,0,2,1,45,1,1,1,1,1,0,0,79.6,53.8,1
STU3310,21,Male,Computer Science,3,5.94,75.1,0,1,2,0,17,1,1,0,1,1,0,1,71.3,59.3,1
STU3311,22,Other,Information Technology,4,8.69,84.7,0,0,2,3,7,1,0,1,0,1,0,1,51.4,71.0,1
STU3312,21,Female,Electrical Eng,3,7.41,87.1,0,3,2,3,30,0,0,1,0,1,0,1,67.0,63.8,1
STU3313,21,Male,Information Technology,3,6.23,87.0,1,0,2,7,9,0,1,0,0,0,0,1,50.1,84.7,1
STU3314,23,Male,Electronics & Comm,3,6.69,79.2,0,0,5,1,21,1,0,1,1,0,1,1,80.9,55.1,1
STU3315,20,Male,Computer Science,3,6.65,67.6,0,0,1,0,229,1,1,0,1,1,0,1,71.9,33.1,1
STU3316,20,Male,Electrical Eng,4,7.65,71.9,0,0,1,5,250,1,0,1,1,0,0,1,58.0,84.7,1
STU3317,20,Female,Information Technology,4,8.77,84.0,3,2,0,1,57,1,1,1,0,1,1,1,59.9,65.7,1
STU3318,20,Female,Electronics & Comm,4,7.22,100.0,0,1,3,3,16,0,0,0,0,0,0,1,61.6,66.4,1
STU3319,20,Male,Electrical Eng,4,5.12,74.6,2,0,2,0,50,0,0,0,1,0,0,1,52.9,53.2,0
STU3320,22,Female,Computer Science,3,7.39,82.6,0,2,1,3,228,1,0,0,1,0,0,0,86.8,36.7,1
STU3321,21,Male,Mechanical Eng,4,7.43,72.4,0,2,2,0,11,0,0,1,1,0,1,0,84.3,52.7,1
STU3322,21,Female,Electronics & Comm,3,7.35,68.3,0,2,1,3,84,0,1,0,0,0,0,1,62.4,73.6,1
STU3323,20,Female,Information Technology,4,6.91,71.2,0,2,2,2,3,1,1,1,0,0,1,1,63.6,62.0,1
STU3324,21,Male,Computer Science,4,7.84,57.2,0,1,5,6,300,1,0,1,1,1,1,1,52.3,60.0,1
STU3325,22,Male,Civil Eng,3,7.67,91.5,0,1,3,0,26,0,1,1,0,0,0,0,65.8,39.5,1
STU3326,21,Female,Electrical Eng,4,7.57,55.7,0,1,0,1,15,1,1,1,0,0,0,1,74.8,92.2,1
STU3327,19,Male,Computer Science,3,8.05,75.4,0,0,1,0,5,1,0,1,1,0,0,1,84.5,64.1,1
STU3328,21,Male,Information Technology,4,7.13,66.2,0,1,0,4,87,0,1,1,1,1,0,1,55.5,100.0,1
STU3329,19,Male,Electrical Eng,3,7.06,69.2,1,2,3,2,57,1,0,0,0,0,0,1,44.4,70.5,0
STU3330,20,Other,Electronics & Comm,4,9.12,91.8,0,1,2,2,21,1,1,1,0,0,1,0,53.9,88.3,1
STU3331,19,Male,Electrical Eng,3,8.22,80.0,0,3,6,0,114,1,0,0,0,0,0,0,75.8,54.2,1
STU3332,21,Female,Information Technology,4,8.51,68.3,0,1,3,2,94,1,1,1,0,0,0,1,67.4,42.3,1
STU3333,21,Male,Electrical Eng,4,8.95,72.1,0,1,2,1,30,1,0,1,0,0,1,0,81.9,62.2,1
STU3334,20,Female,Information Technology,3,8.18,70.3,1,1,3,1,109,1,1,1,1,1,0,1,68.6,73.4,1
STU3335,20,Female,Computer Science,4,8.62,77.6,0,1,3,3,31,1,1,0,1,1,0,1,90.6,75.0,1
STU3336,21,Female,Electronics & Comm,4,5.86,79.7,1,1,1,0,5,0,0,0,0,1,0,1,45.8,70.9,1
STU3337,20,Male,Civil Eng,4,7.82,97.0,0,0,2,3,206,1,1,1,1,0,0,1,33.1,99.4,1
STU3338,20,Female,Information Technology,3,7.4,58.8,1,0,2,4,60,1,1,1,1,0,0,1,86.9,70.9,1
STU3339,20,Female,Information Technology,3,9.45,77.7,0,3,2,5,130,1,1,1,1,0,0,1,56.9,60.3,1
STU3340,21,Male,Electronics & Comm,4,8.62,74.8,0,0,1,3,26,0,0,0,1,0,1,1,69.9,61.5,1
STU3341,19,Male,Electronics & Comm,4,6.91,87.5,0,1,1,1,28,1,1,0,0,0,1,1,69.9,52.9,1
STU3342,19,Male,Mechanical Eng,4,8.01,81.5,0,1,1,2,12,1,0,1,0,0,0,1,72.6,69.4,1
STU3343,20,Male,Electrical Eng,3,7.78,83.9,0,1,0,0,23,1,1,1,0,0,0,1,61.4,81.2,1
STU3344,22,Female,Computer Science,4,8.1,81.5,1,2,4,0,35,1,1,0,1,1,0,1,54.7,86.1,1
STU3345,21,Male,Civil Eng,3,6.48,68.7,1,2,3,3,1,0,1,1,0,0,0,1,53.6,60.5,1
STU3346,21,Male,Electrical Eng,4,8.0,90.1,0,2,3,4,24,1,0,0,0,0,1,1,76.5,64.2,1
STU3347,20,Female,Mechanical Eng,4,7.35,86.0,0,1,2,0,26,1,0,1,0,1,0,0,78.8,55.4,1
STU3348,21,Male,Electronics & Comm,3,7.91,87.2,0,1,3,0,44,1,0,0,0,1,1,1,64.5,79.5,1
STU3349,19,Male,Mechanical Eng,4,6.8,90.6,1,2,6,2,29,0,0,0,0,0,0,1,59.6,46.5,1
STU3350,21,Male,Computer Science,3,6.96,82.2,0,4,2,1,16,1,1,1,0,1,0,1,76.0,54.2,1
STU3351,22,Female,Information Technology,4,8.89,92.8,0,3,3,2,42,1,0,1,1,1,1,1,47.3,2.6,1
STU3352,21,Female,Mechanical Eng,4,6.44,81.8,3,1,2,1,21,0,0,0,1,0,0,1,95.3,47.3,0
STU3353,22,Female,Computer Science,4,6.52,75.8,0,0,4,0,47,1,1,1,1,0,1,1,74.3,56.1,1
STU3354,21,Male,Computer Science,3,7.54,77.9,0,0,4,2,18,1,1,1,0,1,1,0,65.8,57.3,1
STU3355,20,Female,Electrical Eng,3,6.75,77.8,2,2,4,4,20,1,1,0,0,0,1,1,79.6,45.6,0
STU3356,22,Male,Mechanical Eng,4,6.63,72.8,0,2,0,3,46,0,1,0,1,0,0,1,76.8,48.1,1
STU3357,19,Male,Computer Science,4,7.72,94.3,0,2,1,4,95,1,1,1,0,0,0,1,71.3,83.9,1
STU3358,21,Male,Mechanical Eng,4,5.94,81.0,0,0,1,1,95,0,1,1,1,0,1,1,41.5,53.3,1
STU3359,20,Female,Electronics & Comm,3,6.49,78.9,1,1,2,5,38,1,0,1,0,0,1,0,73.8,37.9,0
STU3360,19,Male,Electronics & Comm,3,9.86,81.9,0,0,2,1,7,1,1,0,0,1,0,1,88.4,49.4,1
STU3361,20,Male,Mechanical Eng,4,8.11,100.0,0,1,1,4,27,1,1,0,0,1,0,0,60.2,49.6,1
STU3362,20,Male,Information Technology,4,6.78,66.7,0,1,3,2,62,1,1,1,1,0,0,1,81.4,63.9,1
STU3363,21,Male,Computer Science,4,8.06,69.5,0,3,1,1,83,1,1,1,1,1,0,0,79.9,70.4,1
STU3364,21,Female,Computer Science,4,8.22,64.2,0,0,4,1,79,1,1,1,1,1,0,1,72.1,44.7,1
STU3365,19,Male,Electronics & Comm,4,8.69,75.7,0,1,1,2,55,0,1,1,0,1,0,0,70.4,69.5,1
STU3366,20,Female,Electronics & Comm,3,7.46,80.5,0,1,2,0,3,1,0,1,0,1,0,1,75.8,86.0,1
STU3367,21,Male,Electrical Eng,3,8.67,73.3,0,1,2,6,5,1,0,0,0,0,1,1,73.8,80.2,1
STU3368,20,Female,Electrical Eng,4,5.36,72.6,0,1,2,1,42,1,1,1,1,0,0,0,94.5,73.7,0
STU3369,21,Female,Electronics & Comm,4,6.44,79.4,0,3,0,1,11,1,1,1,0,0,1,1,81.5,71.1,1
STU3370,21,Male,Electrical Eng,4,7.78,73.0,0,0,4,1,35,0,0,1,1,0,0,1,77.9,60.2,1
STU3371,21,Male,Computer Science,4,7.96,81.1,0,0,2,0,265,1,0,0,1,1,0,1,82.8,86.3,1
STU3372,21,Female,Computer Science,4,6.6,89.1,0,2,4,3,112,1,1,1,1,1,0,1,77.9,71.4,1
STU3373,20,Female,Mechanical Eng,3,7.89,84.8,0,1,4,2,21,1,1,0,0,0,1,1,38.9,52.9,1
STU3374,21,Male,Computer Science,4,6.91,86.8,0,0,2,4,26,1,0,1,1,0,0,1,66.4,62.7,1
STU3375,20,Male,Computer Science,4,7.3,88.9,2,1,4,0,127,1,0,0,1,1,0,1,59.3,54.9,1
STU3376,20,Female,Electronics & Comm,4,8.73,80.8,0,1,4,5,51,0,0,1,0,0,1,1,72.6,62.9,1
STU3377,21,Female,Information Technology,4,8.6,76.4,0,0,5,1,98,1,1,1,1,1,1,0,60.2,83.2,1
STU3378,20,Male,Mechanical Eng,4,6.5,70.3,1,0,4,5,29,0,1,1,1,0,1,0,76.3,62.4,1
STU3379,21,Male,Computer Science,3,6.44,74.1,2,2,3,0,19,0,0,0,1,0,0,1,62.1,53.1,1
STU3380,21,Male,Computer Science,4,7.15,72.8,0,1,2,3,40,1,1,1,1,0,1,1,91.8,80.6,1
STU3381,22,Female,Information Technology,4,7.57,85.3,2,0,1,2,116,1,1,0,1,1,1,1,91.1,84.1,1
STU3382,22,Male,Electronics & Comm,4,6.88,81.5,0,0,4,1,2,1,0,1,0,0,1,1,47.7,53.2,1
STU3383,20,Other,Information Technology,4,8.74,85.0,1,1,3,0,92,1,1,1,1,0,0,1,72.5,87.2,1
STU3384,20,Male,Electronics & Comm,3,7.98,66.4,0,0,1,2,58,1,0,1,0,0,0,0,61.5,79.4,1
STU3385,21,Male,Mechanical Eng,3,8.05,92.3,1,2,2,0,35,1,1,1,1,1,1,0,71.5,56.7,1
STU3386,20,Female,Mechanical Eng,3,6.21,73.7,1,1,3,2,23,1,0,1,1,1,0,1,76.2,83.3,1
STU3387,21,Female,Computer Science,3,8.88,67.0,0,1,2,2,154,1,1,1,1,1,0,0,50.1,46.5,1
STU3388,21,Female,Information Technology,4,5.0,73.6,2,3,0,3,14,1,1,0,0,0,1,0,54.4,57.8,1
STU3389,21,Male,Electronics & Comm,4,8.52,100.0,0,1,1,9,31,0,0,0,0,0,0,1,56.1,48.6,0
STU3390,20,Female,Civil Eng,4,8.63,74.1,0,0,3,1,42,0,0,1,1,0,0,1,60.3,50.4,1
STU3391,20,Female,Civil Eng,4,7.12,74.7,0,1,2,1,13,0,0,0,0,0,0,1,60.7,77.8,0
STU3392,20,Male,Computer Science,3,9.0,76.1,0,1,2,1,178,1,1,0,0,0,0,1,79.2,64.8,1
STU3393,20,Male,Electrical Eng,4,7.53,76.5,1,0,3,3,13,1,0,1,0,1,0,1,71.1,48.3,1
STU3394,22,Male,Information Technology,4,7.67,70.2,0,0,3,6,58,1,1,1,1,1,0,1,55.8,56.2,1
STU3395,20,Male,Computer Science,3,7.97,79.4,1,1,1,7,170,0,1,1,1,0,0,0,63.5,55.0,1
STU3396,20,Female,Computer Science,4,10.0,88.8,0,0,0,6,75,1,1,1,0,1,0,0,34.8,68.8,1
STU3397,19,Male,Information Technology,4,9.08,81.1,0,1,2,4,78,1,0,1,0,0,0,1,96.3,99.1,1
STU3398,21,Female,Information Technology,4,8.37,66.9,0,1,3,9,51,1,1,1,0,1,1,0,68.3,68.1,1
STU3399,21,Male,Computer Science,3,6.6,74.6,0,1,1,1,42,1,1,1,0,0,0,1,81.9,69.1,1
STU3400,20,Female,Electronics & Comm,4,7.76,72.5,0,1,2,6,14,0,1,1,0,0,0,1,79.1,88.1,1
STU3401,19,Female,Computer Science,3,6.71,78.5,0,1,4,3,41,0,1,1,1,1,0,1,67.5,56.9,1
STU3402,20,Male,Electronics & Comm,3,8.5,91.3,0,0,5,1,15,1,1,0,0,0,1,1,34.7,85.0,1
STU3403,20,Male,Information Technology,4,7.75,76.5,0,0,2,0,300,1,1,1,1,0,1,1,60.2,58.6,1
STU3404,21,Male,Computer Science,4,6.36,77.1,1,0,0,1,37,1,1,1,1,1,0,1,73.0,59.6,1
STU3405,21,Female,Information Technology,4,7.69,95.8,1,0,1,3,27,0,0,1,1,1,0,1,68.8,60.1,1
STU3406,20,Male,Computer Science,4,6.67,86.8,0,1,1,3,39,1,1,0,1,0,1,0,82.6,63.4,1
STU3407,20,Female,Electronics & Comm,4,7.77,83.7,0,2,1,1,50,1,0,1,0,0,0,0,68.0,62.4,1
STU3408,23,Male,Computer Science,4,6.66,97.6,4,1,2,3,218,1,1,1,1,1,1,1,93.8,70.4,1
STU3409,21,Male,Electronics & Comm,4,7.63,82.9,0,3,2,0,9,0,0,1,1,1,0,1,53.2,58.6,1
STU3410,21,Male,Computer Science,4,8.43,58.1,0,2,1,4,166,1,1,1,1,1,1,1,75.2,66.5,1
STU3411,20,Female,Electronics & Comm,4,7.54,86.3,1,4,4,4,26,1,0,0,0,1,1,1,53.6,40.8,1
STU3412,21,Female,Electrical Eng,4,7.17,62.1,0,2,2,7,51,0,1,0,0,1,0,0,80.8,76.7,1
STU3413,19,Male,Computer Science,3,7.82,82.5,1,1,2,1,24,1,1,1,1,1,1,1,57.5,82.0,1
STU3414,21,Male,Information Technology,4,8.37,60.9,0,1,6,5,55,1,1,1,0,0,0,1,43.4,68.3,1
STU3415,22,Male,Computer Science,4,6.38,73.3,2,0,2,1,44,1,1,1,1,0,0,1,47.2,76.2,1
STU3416,20,Other,Electronics & Comm,4,7.89,74.4,0,1,4,2,10,1,1,1,0,0,1,1,61.4,52.4,1
STU3417,19,Female,Computer Science,4,9.05,70.3,4,1,1,2,95,1,1,1,0,1,0,0,89.8,87.8,1
STU3418,19,Male,Electronics & Comm,3,8.23,74.5,1,1,1,3,5,0,0,0,0,0,0,1,78.4,67.9,1
STU3419,20,Female,Electronics & Comm,4,7.66,88.3,1,1,2,9,8,1,1,0,0,0,1,0,74.3,40.9,1
STU3420,20,Male,Civil Eng,4,8.3,70.9,0,1,2,2,50,0,0,1,0,0,0,1,67.1,83.2,1
STU3421,19,Female,Electronics & Comm,3,8.1,83.5,0,1,1,5,0,1,1,1,0,0,0,1,52.2,75.8,1
STU3422,21,Male,Electronics & Comm,4,8.43,68.3,0,1,3,1,88,0,0,1,1,1,0,1,54.9,93.1,1
STU3423,21,Female,Information Technology,4,5.37,76.1,3,1,0,1,147,1,1,0,1,0,0,0,60.3,90.0,0
STU3424,20,Male,Civil Eng,4,5.89,81.2,1,2,3,2,23,1,1,0,0,1,1,1,59.0,85.1,1
STU3425,22,Female,Electrical Eng,4,8.71,68.0,0,2,2,1,16,0,1,0,0,0,0,0,58.8,72.1,1
STU3426,20,Female,Computer Science,4,5.94,64.9,2,2,3,7,161,0,1,1,0,0,0,1,54.7,75.7,1
STU3427,22,Female,Mechanical Eng,4,8.04,82.9,0,0,2,3,102,1,1,1,1,0,0,1,68.1,48.8,1
STU3428,20,Female,Information Technology,4,7.21,89.2,0,3,5,2,25,1,1,0,1,0,1,1,57.5,60.8,1
STU3429,22,Female,Mechanical Eng,4,6.5,77.2,0,0,2,3,16,1,1,1,1,1,0,1,83.8,100.0,1
STU3430,21,Male,Mechanical Eng,4,7.98,73.4,0,2,6,2,3,0,1,1,0,0,0,0,83.7,39.1,1
STU3431,21,Male,Computer Science,4,7.82,79.6,1,0,0,0,56,1,1,0,0,0,0,1,76.4,69.7,1
STU3432,23,Male,Electrical Eng,4,9.92,78.6,0,1,3,2,8,1,1,1,1,1,0,1,74.8,64.4,1
STU3433,20,Other,Computer Science,3,6.91,80.4,0,2,2,3,73,1,1,1,1,0,1,1,46.3,77.8,1
STU3434,22,Male,Computer Science,4,9.18,52.7,0,1,3,8,26,1,1,0,0,0,0,1,100.0,68.0,1
STU3435,20,Female,Computer Science,4,7.99,67.3,3,1,3,0,253,1,0,1,0,1,0,1,64.1,83.2,1
STU3436,20,Female,Electrical Eng,4,6.87,69.5,0,1,3,2,87,0,0,1,0,1,0,1,79.1,65.2,1
STU3437,20,Male,Computer Science,3,8.48,79.5,0,1,0,0,31,1,1,1,0,0,0,0,79.7,76.6,1
STU3438,21,Male,Computer Science,3,8.22,79.9,0,0,3,0,22,1,1,0,1,1,0,0,53.4,70.5,1
STU3439,20,Male,Electrical Eng,3,7.64,84.4,0,1,1,2,50,0,0,1,1,0,0,1,59.2,60.6,1
STU3440,21,Male,Computer Science,3,7.89,80.6,2,0,0,1,111,1,1,1,1,1,0,1,73.6,58.5,0
STU3441,21,Male,Computer Science,4,6.94,65.0,1,1,1,3,82,1,0,0,1,0,0,1,46.4,84.2,0
STU3442,21,Male,Computer Science,3,6.69,92.5,0,0,2,2,86,1,0,0,1,0,1,1,66.7,74.4,1
STU3443,21,Female,Information Technology,4,8.44,90.7,0,1,3,1,83,1,1,1,1,1,0,1,34.5,79.9,1
STU3444,20,Female,Information Technology,3,7.35,65.4,0,1,1,2,40,1,0,1,1,0,0,1,68.1,83.8,1
STU3445,20,Male,Computer Science,3,7.51,81.3,0,0,1,0,249,1,1,1,1,1,0,0,87.3,57.2,1
STU3446,20,Male,Civil Eng,4,7.91,72.0,0,1,3,4,18,1,1,1,1,0,0,0,68.0,60.9,1
STU3447,20,Male,Electrical Eng,3,7.89,79.4,0,1,6,0,4,1,0,0,0,1,0,1,47.5,59.9,1
STU3448,19,Female,Information Technology,4,6.03,88.5,1,3,2,0,39,1,1,1,0,1,1,0,60.3,80.5,1
STU3449,20,Female,Information Technology,3,9.01,99.3,2,2,3,2,13,1,1,1,1,0,1,1,76.6,66.4,1
STU3450,20,Male,Information Technology,4,7.73,85.5,0,1,2,7,41,1,1,1,1,1,0,1,70.3,67.7,1
STU3451,22,Male,Electronics & Comm,4,7.38,80.9,0,1,3,4,88,1,1,0,0,1,1,1,74.3,49.2,1
STU3452,21,Female,Computer Science,4,8.07,74.6,0,1,5,1,2,1,1,1,1,0,0,1,65.6,77.4,1
STU3453,20,Female,Computer Science,3,7.86,79.8,0,0,2,1,184,1,1,1,0,1,1,1,57.3,77.9,1
STU3454,21,Male,Mechanical Eng,4,8.44,91.6,1,1,2,3,71,0,0,0,0,0,0,1,69.8,73.4,1
STU3455,20,Female,Computer Science,4,8.19,77.6,0,2,4,4,32,1,1,1,1,0,0,1,69.0,67.4,1
STU3456,20,Male,Information Technology,4,8.39,69.1,0,1,5,1,34,0,0,1,0,0,1,0,82.4,80.6,1
STU3457,21,Male,Mechanical Eng,4,9.09,61.8,0,1,1,2,38,0,1,0,1,0,0,1,61.4,64.3,1
STU3458,21,Female,Electronics & Comm,3,8.57,83.1,0,0,2,0,46,1,0,0,1,0,0,0,68.7,86.3,1
STU3459,20,Female,Information Technology,4,7.42,80.5,2,0,3,1,0,1,0,1,0,1,0,1,66.0,75.7,1
STU3460,23,Male,Electronics & Comm,3,6.36,71.5,2,0,2,2,15,1,1,1,0,0,1,1,99.8,46.1,0
STU3461,22,Female,Computer Science,3,9.43,88.3,2,1,2,0,40,1,1,1,1,1,1,0,57.5,63.0,1
STU3462,21,Male,Electrical Eng,4,7.34,73.8,2,1,3,1,15,1,1,1,0,1,0,1,62.6,69.9,1
STU3463,21,Female,Information Technology,3,7.08,76.7,2,1,1,1,2,1,1,1,0,1,1,0,54.6,54.6,0
STU3464,21,Male,Electrical Eng,3,5.69,77.8,3,1,2,2,40,0,1,0,1,0,0,1,86.3,81.2,0
STU3465,20,Female,Civil Eng,3,7.97,74.5,0,2,6,0,9,0,0,0,0,0,0,0,87.3,35.4,1
STU3466,20,Female,Civil Eng,4,7.76,80.4,2,2,2,2,1,1,1,0,1,1,1,1,65.0,77.1,1
STU3467,19,Male,Mechanical Eng,4,5.93,89.5,0,2,4,5,15,0,1,0,1,0,0,1,84.6,75.4,1
STU3468,21,Female,Electronics & Comm,4,8.1,66.6,0,1,3,0,70,0,1,0,0,0,1,1,72.6,35.2,1
STU3469,21,Female,Information Technology,3,7.05,82.9,0,1,3,3,123,1,1,1,1,0,1,1,77.8,66.6,1
STU3470,20,Female,Information Technology,4,10.0,79.7,0,3,4,4,12,1,1,1,1,0,0,1,54.1,58.5,1
STU3471,22,Male,Electronics & Comm,4,6.97,79.5,0,0,1,1,25,1,1,1,0,1,0,1,70.3,86.3,1
STU3472,22,Female,Mechanical Eng,4,7.12,86.7,0,0,2,0,56,1,1,1,1,0,0,1,94.2,52.4,1
STU3473,21,Female,Computer Science,3,6.64,78.5,0,1,2,0,1,1,1,1,1,0,1,1,88.7,77.0,1
STU3474,21,Male,Mechanical Eng,4,9.01,82.8,0,1,2,3,4,1,1,0,1,1,0,1,79.3,80.0,1
STU3475,22,Female,Electrical Eng,4,7.19,85.2,0,0,1,2,9,0,0,1,0,0,1,0,81.3,59.1,1
STU3476,20,Male,Civil Eng,3,6.8,73.0,1,1,1,1,8,0,0,0,0,0,0,1,100.0,84.5,1
STU3477,21,Male,Mechanical Eng,3,8.38,81.0,0,1,1,4,28,1,0,0,0,1,0,1,79.0,58.8,1
STU3478,20,Male,Computer Science,3,6.08,75.5,1,1,2,3,300,1,1,1,1,0,0,1,58.7,85.0,1
STU3479,21,Female,Computer Science,4,8.29,76.7,0,1,5,1,65,1,1,1,0,0,1,1,85.0,100.0,1
STU3480,20,Female,Computer Science,3,9.56,74.8,0,1,5,3,76,1,1,1,1,0,1,1,67.0,79.0,1
STU3481,22,Male,Computer Science,4,8.22,82.7,0,0,1,1,99,1,1,0,0,1,0,0,74.8,74.2,1
STU3482,22,Female,Electronics & Comm,3,8.3,78.8,0,0,1,3,49,1,0,0,0,0,0,1,69.7,57.9,1
STU3483,20,Male,Electrical Eng,4,8.56,81.9,0,0,0,0,20,0,1,0,1,1,1,1,58.1,92.9,1
STU3484,21,Male,Mechanical Eng,3,9.48,77.8,0,1,2,3,155,1,1,0,0,0,0,1,72.3,78.3,1
STU3485,23,Male,Electronics & Comm,4,8.93,62.0,0,1,3,1,135,1,0,1,1,1,1,0,81.5,58.1,1
STU3486,21,Female,Computer Science,4,8.08,78.3,3,1,4,2,42,1,1,1,1,1,0,0,78.3,87.5,1
STU3487,22,Female,Computer Science,3,8.59,78.6,0,1,1,1,156,1,1,1,1,1,0,0,74.7,66.6,1
STU3488,21,Female,Computer Science,4,6.63,80.4,1,1,1,3,180,1,1,0,1,0,0,1,65.2,75.2,1
STU3489,20,Female,Information Technology,3,8.45,72.1,0,0,1,0,13,1,1,1,0,0,1,1,44.8,58.8,1
STU3490,20,Male,Electronics & Comm,4,6.49,66.0,0,0,2,1,16,0,1,0,1,0,1,1,67.3,50.9,1
STU3491,20,Female,Computer Science,4,7.2,84.2,5,2,3,1,104,1,0,1,0,1,1,1,75.8,51.7,0
STU3492,21,Male,Information Technology,3,5.0,75.3,3,1,3,0,8,1,1,0,1,1,0,1,37.8,59.3,0
STU3493,20,Male,Computer Science,3,8.04,79.7,0,1,3,3,239,1,1,1,1,1,1,0,67.1,72.7,1
STU3494,21,Male,Electronics & Comm,4,6.89,75.2,0,1,2,8,128,1,1,1,1,0,1,1,66.7,60.5,1
STU3495,21,Female,Information Technology,4,8.82,77.9,0,2,1,3,93,1,1,0,0,1,1,1,55.2,53.1,1
STU3496,21,Male,Information Technology,4,8.03,73.5,0,1,1,4,18,1,1,1,0,1,1,1,78.6,50.7,1
STU3497,22,Female,Information Technology,4,8.84,68.3,0,0,0,0,28,1,1,1,1,1,0,1,81.2,84.0,1
STU3498,23,Male,Civil Eng,4,6.41,82.7,3,2,3,0,14,1,1,1,0,0,0,1,93.4,63.2,0
STU3499,20,Male,Computer Science,3,8.74,72.0,1,0,4,2,28,1,1,1,0,0,1,0,67.6,35.6,1
STU3500,21,Female,Electronics & Comm,4,9.92,79.6,0,0,3,7,6,0,0,1,1,0,0,1,86.1,64.9,1
STU3501,21,Male,Electrical Eng,3,8.44,82.1,1,0,0,3,102,1,1,1,0,1,0,1,56.5,58.8,1
STU3502,21,Female,Electronics & Comm,4,8.47,72.1,0,1,3,1,138,0,1,0,0,0,0,1,62.8,68.1,1
STU3503,22,Female,Civil Eng,4,7.79,66.0,0,1,0,0,53,1,1,1,0,0,0,1,77.5,56.5,1
STU3504,20,Male,Information Technology,3,7.02,100.0,0,1,1,1,4,1,1,1,1,1,0,1,58.8,84.3,1
STU3505,20,Female,Information Technology,4,8.44,72.7,0,3,2,1,88,0,0,1,1,1,0,1,65.7,62.7,1
STU3506,22,Male,Computer Science,4,5.94,84.2,3,0,2,3,49,1,1,1,1,1,0,0,79.8,61.8,1
STU3507,20,Male,Electronics & Comm,4,7.14,97.4,1,1,3,0,16,0,1,0,1,0,0,0,67.9,60.3,1
STU3508,21,Female,Computer Science,3,5.65,85.9,0,1,3,4,136,1,0,1,1,1,0,0,55.1,72.1,0
STU3509,22,Male,Computer Science,3,6.83,75.0,0,3,1,6,149,1,1,0,1,1,0,0,59.7,70.9,1
STU3510,19,Female,Electronics & Comm,4,8.31,77.3,1,0,1,5,33,1,1,1,0,1,0,1,64.2,59.1,1
STU3511,22,Female,Electronics & Comm,4,8.16,69.7,1,3,1,5,42,1,0,1,0,0,0,0,76.2,65.4,1
STU3512,20,Female,Computer Science,4,7.66,86.8,0,0,1,0,19,1,1,1,1,1,0,1,63.5,61.2,1
STU3513,21,Male,Electronics & Comm,3,7.79,83.7,0,2,1,7,6,0,0,1,1,0,0,0,33.7,77.7,1
STU3514,21,Male,Electronics & Comm,4,5.53,72.9,3,1,3,1,1,1,0,0,0,1,0,0,79.0,45.7,0
STU3515,22,Female,Computer Science,4,7.19,67.6,0,2,1,4,76,0,1,1,1,1,0,1,77.0,59.9,1
STU3516,19,Male,Information Technology,4,6.85,64.8,0,0,3,1,13,1,1,1,1,0,1,0,53.1,62.1,1
STU3517,21,Female,Electrical Eng,4,6.88,87.9,1,0,2,2,10,1,0,0,1,0,1,1,52.1,85.9,1
STU3518,21,Female,Electronics & Comm,4,8.26,79.2,0,0,2,0,60,1,1,0,1,0,0,0,86.9,82.6,1
STU3519,21,Male,Information Technology,4,6.65,80.1,1,1,2,0,4,0,0,1,1,1,1,1,64.6,70.9,1
STU3520,21,Male,Information Technology,4,6.93,69.8,0,1,3,6,96,0,1,1,0,1,0,1,78.6,50.1,1
STU3521,20,Female,Electronics & Comm,4,5.3,63.4,0,2,2,4,55,0,0,0,0,0,0,1,58.3,65.9,0
STU3522,20,Female,Civil Eng,4,7.28,87.6,0,1,0,2,34,1,1,1,0,1,0,1,77.2,93.2,1
STU3523,20,Male,Electronics & Comm,4,6.4,78.4,0,0,4,2,32,1,1,0,0,0,1,1,55.1,62.8,1
STU3524,21,Male,Computer Science,4,7.69,87.1,0,0,0,3,5,1,1,1,1,1,1,1,73.9,66.9,1
STU3525,20,Male,Information Technology,3,6.55,74.1,0,0,4,1,4,1,0,1,1,0,0,1,73.0,67.8,1
STU3526,20,Female,Mechanical Eng,3,7.71,75.6,0,2,0,3,35,1,0,1,1,0,0,1,39.1,52.3,1
STU3527,22,Male,Computer Science,3,7.44,85.1,2,2,3,2,300,0,1,1,1,1,1,0,69.7,52.9,1
STU3528,19,Female,Civil Eng,3,9.44,85.3,0,4,2,3,81,1,1,1,0,0,1,1,57.9,52.8,1
STU3529,23,Male,Civil Eng,3,8.15,86.0,0,1,2,7,17,0,1,0,0,0,1,1,83.3,60.5,1
STU3530,21,Female,Computer Science,3,5.58,75.0,1,0,0,2,110,1,1,1,1,1,0,1,71.3,71.6,1
STU3531,21,Male,Civil Eng,4,6.21,84.1,2,0,1,2,12,1,0,0,0,0,0,1,64.5,67.5,0
STU3532,20,Female,Information Technology,4,7.66,89.1,0,1,3,5,266,1,1,0,1,0,0,0,89.3,72.6,1
STU3533,19,Male,Mechanical Eng,3,6.58,77.0,0,3,4,5,41,0,1,0,0,0,0,1,41.4,97.4,1
STU3534,21,Female,Information Technology,3,5.0,72.9,3,0,2,9,55,1,1,1,1,0,0,1,95.0,100.0,0
STU3535,21,Male,Information Technology,4,9.08,91.4,0,0,2,2,180,1,1,1,1,1,0,1,94.3,66.4,1
STU3536,21,Female,Electronics & Comm,4,8.39,71.5,0,1,0,1,19,1,1,0,0,0,0,1,62.5,78.8,1
STU3537,20,Female,Electrical Eng,4,8.17,84.3,0,1,3,1,25,0,0,0,0,0,1,1,80.4,74.9,1
STU3538,21,Male,Computer Science,4,6.93,77.4,0,0,1,0,21,1,1,1,1,1,0,1,74.8,81.2,1
STU3539,21,Female,Electronics & Comm,4,8.07,59.6,0,2,0,3,21,0,0,1,0,0,1,1,33.2,80.6,1
STU3540,21,Female,Computer Science,4,6.83,89.3,1,0,3,1,1,1,1,1,1,0,1,1,66.4,57.1,1
STU3541,21,Male,Information Technology,4,7.83,50.4,0,3,2,2,221,1,0,1,1,0,0,1,50.3,94.7,1
STU3542,21,Male,Information Technology,4,6.59,58.2,0,0,0,5,2,1,0,1,1,1,1,0,49.0,88.0,0
STU3543,21,Male,Information Technology,4,9.27,83.3,0,0,1,6,90,1,1,1,1,0,1,1,64.0,79.5,1
STU3544,19,Female,Information Technology,4,5.87,83.3,4,0,3,0,84,1,1,1,1,0,1,1,64.5,75.3,0
STU3545,21,Female,Computer Science,4,8.96,71.6,0,0,0,1,78,1,1,1,1,1,0,1,85.0,71.0,1
STU3546,19,Male,Computer Science,3,7.64,79.5,0,1,4,4,58,1,1,0,0,1,1,1,57.5,68.1,1
STU3547,20,Male,Computer Science,4,7.06,52.7,0,1,1,2,172,1,1,0,1,0,1,0,62.5,76.8,1
STU3548,20,Female,Information Technology,4,7.78,85.1,0,1,0,4,97,1,1,1,1,0,0,0,87.1,68.8,1
STU3549,19,Female,Civil Eng,4,8.41,80.5,0,1,3,4,21,0,0,0,1,1,0,1,65.4,70.7,1
STU3550,20,Male,Computer Science,4,9.1,77.5,0,1,2,2,11,0,1,0,1,1,0,1,60.8,65.4,1
STU3551,20,Female,Civil Eng,4,7.94,78.2,1,0,1,1,35,1,1,0,0,1,1,1,80.0,63.0,1
STU3552,21,Male,Electrical Eng,4,6.62,82.9,0,3,2,2,30,1,0,1,1,0,0,1,75.4,93.7,1
STU3553,22,Male,Electronics & Comm,4,7.66,77.7,0,2,0,3,34,1,1,0,0,0,1,1,69.4,68.2,1
STU3554,19,Female,Electronics & Comm,3,9.6,59.3,0,0,3,1,35,1,0,0,1,0,1,1,80.9,60.7,1
STU3555,22,Male,Mechanical Eng,4,9.08,100.0,0,1,2,3,58,1,0,0,0,1,0,0,50.5,69.4,1
STU3556,21,Male,Computer Science,3,8.6,90.0,0,1,3,5,126,1,1,1,1,1,0,1,59.9,48.8,1
STU3557,20,Male,Electronics & Comm,3,8.48,65.2,0,0,2,1,126,1,0,0,0,0,0,1,96.0,81.0,1
STU3558,19,Female,Electronics & Comm,4,8.37,74.5,2,1,3,7,118,0,1,1,0,0,0,1,25.5,67.1,1
STU3559,21,Female,Electronics & Comm,3,8.87,75.6,0,1,3,3,22,0,0,1,0,0,1,0,58.6,62.0,1
STU3560,21,Male,Mechanical Eng,4,7.1,88.8,0,0,2,4,1,0,0,0,0,0,0,1,51.4,60.4,1
STU3561,21,Male,Computer Science,3,6.11,56.4,3,0,2,0,229,1,1,1,1,1,0,1,69.0,43.2,1
STU3562,19,Male,Electronics & Comm,3,7.68,73.0,0,2,2,1,5,0,1,1,0,0,0,1,76.5,94.3,1
STU3563,19,Female,Electronics & Comm,4,6.7,60.4,0,0,1,1,3,0,0,0,0,0,0,1,83.5,69.9,0
STU3564,20,Male,Information Technology,4,6.44,75.1,1,0,3,1,220,1,1,1,1,0,1,1,62.3,94.1,1
STU3565,20,Female,Information Technology,4,6.81,73.3,0,2,3,1,113,0,1,1,0,0,0,1,55.1,63.1,1
STU3566,20,Male,Electronics & Comm,4,10.0,78.8,1,2,1,4,39,0,1,0,1,0,1,0,47.7,73.8,1
STU3567,20,Male,Mechanical Eng,4,7.75,72.0,0,0,4,2,8,0,0,1,0,0,0,1,68.7,78.0,1
STU3568,21,Male,Information Technology,4,8.0,70.5,0,2,2,7,229,1,1,1,1,1,1,1,97.8,74.4,1
STU3569,22,Male,Mechanical Eng,4,6.26,84.2,3,1,2,2,4,0,0,0,0,0,0,0,59.8,60.2,0
STU3570,20,Female,Information Technology,4,5.57,82.5,0,0,0,0,11,0,1,1,0,0,1,0,67.0,40.4,0
STU3571,22,Male,Computer Science,4,6.7,83.5,0,1,2,2,22,1,1,0,1,0,1,1,69.9,100.0,1
STU3572,20,Male,Computer Science,3,9.18,76.2,0,1,3,9,172,1,1,1,1,0,1,1,62.1,56.0,1
STU3573,21,Male,Computer Science,4,7.97,72.3,0,0,0,2,63,1,1,1,1,0,1,1,87.9,100.0,1
STU3574,20,Male,Information Technology,4,8.26,76.8,0,1,2,0,300,1,0,1,1,0,1,1,84.9,57.9,1
STU3575,21,Male,Information Technology,4,8.41,83.0,0,1,6,6,11,1,1,1,0,0,1,0,79.5,87.7,1
STU3576,23,Male,Electrical Eng,4,6.95,56.2,0,1,3,1,32,1,0,0,0,0,0,1,81.4,75.8,1
STU3577,21,Female,Electrical Eng,4,9.13,81.9,0,1,2,3,16,0,1,1,0,0,1,1,58.4,76.5,1
STU3578,20,Female,Computer Science,4,6.9,81.1,0,1,2,2,65,1,1,1,1,1,0,1,51.9,57.6,1
STU3579,21,Male,Computer Science,4,9.15,78.6,0,0,0,1,90,1,1,1,1,0,1,1,58.5,60.9,1
STU3580,20,Male,Computer Science,3,8.09,76.5,0,1,5,1,98,1,1,1,1,0,0,1,71.9,61.1,1
STU3581,22,Female,Electronics & Comm,3,5.63,52.3,2,1,4,5,37,1,0,1,0,0,0,1,63.5,69.1,0
STU3582,21,Male,Computer Science,4,6.78,73.6,0,2,3,5,8,1,1,1,1,0,0,1,76.0,63.7,1
STU3583,20,Male,Computer Science,4,5.64,95.9,2,1,0,2,3,1,0,0,1,0,1,1,69.5,58.9,0
STU3584,21,Male,Civil Eng,3,8.88,78.1,0,1,1,1,5,1,1,0,0,0,1,1,49.2,52.8,1
STU3585,21,Male,Electrical Eng,3,7.57,74.9,0,3,1,0,4,0,0,0,0,0,0,1,85.4,54.2,1
STU3586,19,Female,Computer Science,3,5.15,78.2,0,0,2,1,41,0,1,0,1,0,0,1,60.8,73.0,1
STU3587,21,Male,Information Technology,4,8.01,81.5,0,0,1,2,54,1,1,1,1,1,0,1,79.0,54.5,1
STU3588,20,Female,Information Technology,4,7.01,84.6,0,0,3,1,170,1,1,1,0,1,0,1,56.1,48.5,1
STU3589,21,Male,Electrical Eng,4,5.97,75.7,4,0,2,0,119,0,1,0,1,0,0,0,55.7,67.1,0
STU3590,21,Male,Electronics & Comm,3,9.45,82.2,1,1,0,2,20,1,0,1,0,1,0,1,55.0,32.3,1
STU3591,21,Female,Computer Science,4,7.72,94.8,0,0,3,3,104,1,1,1,0,1,0,1,48.0,64.9,1
STU3592,21,Male,Electrical Eng,3,7.28,88.1,0,0,1,5,13,0,1,1,0,0,1,1,48.3,66.2,1
STU3593,21,Female,Information Technology,3,7.16,100.0,0,0,3,2,93,0,1,1,1,0,0,1,73.3,73.4,1
STU3594,20,Male,Computer Science,4,5.94,71.4,3,1,2,3,27,1,1,1,1,0,0,1,55.0,70.1,0
STU3595,21,Female,Information Technology,4,6.16,94.8,3,2,2,1,66,1,0,0,0,1,0,1,72.8,45.8,0
STU3596,20,Male,Information Technology,3,9.01,70.1,0,2,0,2,300,1,1,1,1,1,0,1,69.4,62.2,1
STU3597,21,Female,Information Technology,3,7.08,81.5,1,0,6,3,68,1,0,1,1,0,0,1,80.3,74.8,1
STU3598,20,Male,Computer Science,3,7.62,85.3,0,1,2,3,42,1,1,1,1,1,0,0,53.7,71.3,1
STU3599,20,Female,Information Technology,4,5.35,72.9,1,0,2,2,44,1,1,1,1,1,0,0,82.9,53.3,0
STU3600,21,Male,Computer Science,3,6.15,78.9,2,0,0,2,300,0,1,1,1,1,0,1,55.3,71.2,1
STU3601,19,Female,Electrical Eng,3,8.27,87.1,0,2,3,5,9,0,1,0,0,0,0,0,29.6,78.7,1
STU3602,21,Male,Computer Science,3,8.02,70.9,1,1,1,3,105,0,1,1,0,1,1,1,70.7,50.4,1
STU3603,20,Female,Computer Science,4,9.53,94.7,0,0,6,3,24,1,1,1,1,1,0,1,55.7,35.6,1
STU3604,19,Male,Electronics & Comm,4,9.08,64.2,0,1,5,4,4,1,0,1,0,0,1,1,89.0,91.6,1
STU3605,21,Male,Electrical Eng,4,7.35,97.4,0,0,3,0,4,1,1,0,0,0,1,1,72.2,69.7,1
STU3606,19,Male,Electrical Eng,4,8.12,88.0,0,1,5,2,59,0,0,1,0,1,0,1,66.8,58.1,1
STU3607,20,Male,Information Technology,4,7.25,77.1,0,1,1,6,203,1,1,1,1,1,1,1,70.8,57.6,1
STU3608,21,Male,Computer Science,4,9.86,74.0,0,0,1,1,43,1,0,1,1,0,0,1,61.0,67.2,1
STU3609,19,Female,Electrical Eng,3,8.86,72.9,0,3,1,1,6,1,0,1,1,1,0,1,91.6,80.6,1
STU3610,21,Female,Electronics & Comm,3,7.79,76.6,0,1,0,2,56,1,1,0,1,0,1,0,60.3,42.4,1
STU3611,19,Male,Computer Science,4,7.82,77.5,0,2,5,1,20,1,0,1,1,1,0,1,74.5,59.0,1
STU3612,20,Female,Mechanical Eng,3,9.19,90.6,0,2,0,2,9,0,0,1,1,0,0,1,56.5,89.8,1
STU3613,21,Female,Computer Science,4,8.24,97.7,0,1,4,1,95,1,1,1,1,1,1,1,68.0,77.4,1
STU3614,20,Male,Civil Eng,4,9.31,80.0,0,1,3,2,56,1,0,0,1,1,0,1,50.7,76.1,1
STU3615,20,Female,Mechanical Eng,4,5.19,69.5,1,0,2,2,30,1,1,1,1,0,0,1,71.2,71.1,0
STU3616,20,Female,Electronics & Comm,3,8.11,72.5,0,1,0,2,13,0,1,1,1,0,1,1,68.9,69.7,1
STU3617,20,Other,Civil Eng,4,7.03,76.2,0,1,0,1,35,1,0,0,0,0,1,1,75.7,58.0,1
STU3618,21,Male,Electrical Eng,4,9.53,67.7,0,0,1,1,108,0,1,0,0,0,1,1,74.6,56.6,1
STU3619,20,Female,Computer Science,3,9.3,66.2,0,1,2,1,260,1,1,1,0,0,0,1,68.4,77.1,1
STU3620,21,Male,Information Technology,4,7.64,99.0,0,2,2,2,2,1,0,1,1,1,1,1,96.6,56.9,1
STU3621,22,Male,Computer Science,3,9.29,81.0,5,3,2,1,142,1,0,1,1,0,1,1,67.7,69.3,1
STU3622,20,Male,Information Technology,3,9.56,69.7,0,1,3,4,26,1,1,0,1,0,1,1,68.5,67.3,1
STU3623,22,Other,Electrical Eng,4,7.68,86.2,1,1,2,3,42,0,1,0,0,1,0,0,66.8,97.9,1
STU3624,20,Female,Information Technology,3,10.0,66.2,0,2,1,1,24,1,0,1,1,1,0,1,70.8,62.6,1
STU3625,22,Female,Information Technology,3,7.57,67.0,0,0,3,0,6,1,1,1,1,1,0,1,64.0,82.5,1
STU3626,19,Male,Electronics & Comm,3,7.36,70.0,0,0,2,0,105,1,0,1,0,0,0,1,62.8,75.6,1
STU3627,21,Male,Mechanical Eng,4,8.55,94.5,2,0,1,2,56,1,1,1,1,0,0,1,78.5,63.2,1
STU3628,21,Male,Computer Science,4,7.21,75.5,0,2,3,1,66,0,0,1,0,0,0,1,67.3,46.3,1
STU3629,20,Male,Information Technology,3,7.69,53.6,0,0,4,0,113,1,1,1,0,1,0,1,82.8,64.2,1
STU3630,21,Male,Computer Science,4,9.15,90.1,0,0,4,1,73,1,0,1,1,0,0,1,41.5,78.5,1
STU3631,21,Female,Electronics & Comm,3,7.62,74.9,0,1,1,7,5,0,0,1,0,1,0,1,89.3,46.6,1
STU3632,19,Male,Computer Science,4,5.74,59.5,4,2,2,3,168,1,0,1,1,1,1,1,80.5,77.5,0
STU3633,20,Male,Electronics & Comm,4,8.0,74.8,1,3,0,4,17,1,0,1,0,1,0,1,67.3,85.1,1
STU3634,21,Male,Computer Science,4,6.83,83.2,0,1,5,0,55,1,0,1,1,1,0,0,66.9,66.4,1
STU3635,21,Male,Computer Science,4,8.55,82.0,0,3,1,0,91,1,1,1,1,1,1,1,77.0,78.7,1
STU3636,22,Male,Civil Eng,4,8.37,96.0,1,0,1,0,110,1,1,1,1,0,0,1,53.6,67.1,1
STU3637,21,Female,Computer Science,3,9.22,69.5,0,0,4,6,103,1,1,1,1,0,0,1,68.5,73.6,1
STU3638,22,Female,Information Technology,4,8.6,78.5,0,3,5,1,205,1,1,1,1,0,1,1,70.2,87.4,1
STU3639,21,Female,Computer Science,3,8.8,71.0,1,1,3,2,168,1,0,1,1,0,1,1,39.4,41.7,1
STU3640,20,Male,Information Technology,4,6.86,62.6,0,0,1,1,79,1,1,0,1,1,1,1,72.9,53.5,1
STU3641,20,Male,Electronics & Comm,3,8.48,86.9,0,1,2,3,100,0,0,1,0,1,0,1,49.1,83.8,1
STU3642,21,Male,Information Technology,4,9.77,82.6,0,2,3,1,43,1,1,1,0,1,0,1,83.2,86.5,1
STU3643,21,Female,Computer Science,3,6.84,80.8,0,2,2,2,43,1,1,1,1,0,0,0,86.7,43.9,1
STU3644,19,Female,Information Technology,3,9.58,82.3,0,2,1,10,137,1,0,1,1,0,0,1,89.1,88.4,1
STU3645,20,Male,Electronics & Comm,4,7.0,71.1,0,1,1,2,100,1,1,0,0,0,1,1,63.5,26.4,1
STU3646,22,Male,Electrical Eng,4,6.66,67.9,0,2,4,2,28,0,1,0,0,1,0,0,63.3,74.4,1
STU3647,21,Male,Electronics & Comm,4,7.93,78.4,1,1,2,2,52,0,0,1,0,0,0,1,40.3,68.3,1
STU3648,20,Female,Electronics & Comm,4,8.39,89.6,2,1,3,4,13,1,1,0,0,0,0,0,77.5,54.0,1
STU3649,21,Female,Computer Science,4,8.6,94.1,0,2,2,1,254,1,1,1,1,0,1,1,46.9,54.9,1
STU3650,20,Female,Computer Science,3,6.54,86.0,1,1,2,1,286,1,1,1,1,1,0,0,47.7,55.5,1
STU3651,20,Female,Computer Science,3,8.08,78.3,1,0,5,3,63,1,0,1,1,1,1,1,63.7,61.9,1
STU3652,20,Male,Computer Science,3,6.85,80.7,0,1,2,2,70,1,1,1,1,0,1,1,52.5,94.8,1
STU3653,19,Male,Computer Science,4,5.96,78.1,1,1,3,5,116,1,1,1,0,0,1,1,54.5,77.3,0
STU3654,21,Male,Electronics & Comm,3,6.58,67.7,0,0,1,3,32,1,0,1,0,0,0,1,68.7,86.5,1
STU3655,20,Male,Electronics & Comm,3,6.77,78.2,0,0,1,2,38,0,1,1,0,0,1,1,80.3,60.2,1
STU3656,21,Female,Civil Eng,3,8.17,64.7,0,0,3,0,70,1,1,1,0,0,0,1,75.6,68.5,1
STU3657,22,Female,Computer Science,3,8.87,76.8,0,0,4,3,120,1,1,0,1,1,0,1,70.7,48.9,1
STU3658,20,Male,Electronics & Comm,4,5.98,94.4,0,2,3,3,121,1,0,0,0,1,0,1,84.1,60.8,1
STU3659,21,Female,Electrical Eng,3,7.99,86.2,0,0,1,3,30,1,0,0,0,0,1,1,69.8,56.7,1
STU3660,21,Male,Electronics & Comm,4,6.31,68.8,1,0,1,1,122,1,1,1,0,0,0,1,60.6,72.3,1
STU3661,22,Male,Computer Science,4,8.29,77.3,0,1,4,6,24,1,1,1,1,1,1,0,57.2,54.4,1
STU3662,20,Male,Computer Science,4,6.91,69.7,1,2,1,1,95,1,1,0,1,1,0,1,75.7,52.4,1
STU3663,21,Male,Computer Science,3,6.44,77.4,2,0,3,1,24,0,1,1,0,0,0,0,52.6,70.9,0
STU3664,21,Male,Information Technology,3,8.48,88.4,0,0,1,8,28,1,1,1,1,1,1,1,72.9,64.2,1
STU3665,20,Male,Electrical Eng,3,6.95,84.5,0,3,4,3,12,0,1,0,1,0,1,1,62.0,54.5,1
STU3666,20,Male,Computer Science,4,7.25,100.0,0,1,4,2,239,1,1,1,1,0,0,1,56.3,52.3,1
STU3667,21,Other,Computer Science,3,5.16,89.9,0,3,0,6,27,1,1,1,0,0,0,0,56.0,54.5,1
STU3668,21,Male,Electrical Eng,4,8.64,80.0,1,0,3,0,23,1,1,0,1,0,1,1,81.5,77.2,1
STU3669,20,Male,Electrical Eng,4,8.5,84.8,0,0,1,0,2,0,0,1,0,0,0,1,56.0,71.3,1
STU3670,21,Male,Information Technology,4,7.61,76.0,1,0,1,3,11,1,0,1,1,1,1,0,64.1,53.7,1
STU3671,20,Female,Electronics & Comm,4,5.92,66.7,2,0,2,1,22,1,0,0,1,0,0,0,61.4,54.3,0
STU3672,21,Male,Information Technology,4,8.93,91.1,0,2,2,5,25,1,1,1,0,1,0,1,82.8,47.8,1
STU3673,20,Female,Computer Science,4,6.87,88.1,0,3,2,4,44,1,1,0,1,0,0,1,89.5,59.1,1
STU3674,22,Male,Information Technology,3,7.1,75.6,0,3,2,1,236,1,1,1,1,1,0,1,80.7,66.8,1
STU3675,20,Male,Electronics & Comm,4,10.0,80.7,0,2,1,5,8,1,1,0,1,0,0,1,62.7,51.8,1
STU3676,20,Female,Civil Eng,4,6.83,90.4,0,2,0,0,46,0,1,1,1,0,1,1,72.8,97.8,1
STU3677,19,Male,Computer Science,4,8.42,86.5,4,1,2,2,119,1,1,0,1,0,1,1,55.3,74.4,1
STU3678,20,Male,Electronics & Comm,3,8.22,63.4,1,2,2,6,96,1,1,0,1,0,0,1,70.9,64.5,1
STU3679,21,Male,Information Technology,4,8.03,80.4,2,0,3,4,104,1,1,1,1,0,1,1,43.4,66.3,1
STU3680,20,Female,Electronics & Comm,3,7.91,76.3,0,1,3,1,5,0,0,0,1,1,0,1,71.3,44.1,1
STU3681,21,Male,Computer Science,3,8.01,89.1,0,1,4,1,20,1,0,1,0,1,0,0,67.2,47.0,1
STU3682,19,Male,Information Technology,3,7.9,88.3,0,2,2,1,119,1,1,1,1,0,1,0,74.2,84.8,1
STU3683,20,Female,Electrical Eng,3,7.54,91.2,0,1,0,2,11,1,1,1,0,0,0,1,67.8,89.5,1
STU3684,20,Male,Electronics & Comm,4,9.26,66.8,0,2,2,2,27,1,1,1,1,0,1,1,79.7,31.8,1
STU3685,19,Female,Information Technology,4,6.16,70.2,2,1,3,0,40,1,1,1,1,0,1,0,57.3,72.1,0
STU3686,20,Female,Computer Science,3,8.72,89.1,0,1,2,2,55,1,1,0,1,1,1,0,78.6,85.7,1
STU3687,20,Male,Computer Science,4,8.5,72.1,2,3,3,4,103,1,1,1,1,1,0,0,74.6,59.9,1
STU3688,21,Male,Information Technology,4,8.37,62.8,2,0,2,2,55,1,1,1,1,1,0,1,83.3,87.8,1
STU3689,20,Male,Mechanical Eng,4,8.83,83.3,0,3,1,1,24,1,0,0,0,1,1,1,84.2,76.5,1
STU3690,21,Female,Civil Eng,4,7.5,72.5,1,1,3,6,19,0,1,1,0,0,0,1,54.7,71.8,1
STU3691,21,Female,Information Technology,4,5.54,95.9,1,1,1,1,42,1,1,0,1,1,1,1,75.2,61.3,1
STU3692,19,Female,Information Technology,3,7.52,81.0,0,2,2,4,245,1,1,1,1,0,0,0,51.7,66.4,1
STU3693,21,Female,Mechanical Eng,4,6.51,79.6,1,1,2,1,4,1,1,1,0,1,0,1,84.2,58.3,1
STU3694,22,Female,Information Technology,4,6.79,74.3,0,1,2,2,78,1,1,1,1,1,0,1,56.1,69.4,1
STU3695,21,Male,Electronics & Comm,4,6.23,93.9,3,1,2,2,107,0,1,1,0,0,0,1,62.7,68.8,0
STU3696,21,Male,Computer Science,4,7.07,81.6,0,0,0,2,61,1,1,1,1,1,1,1,71.0,58.5,1
STU3697,20,Female,Electrical Eng,4,6.94,73.9,1,1,6,2,225,0,1,0,0,0,1,1,78.3,35.8,1
STU3698,21,Male,Electronics & Comm,3,5.0,70.1,5,0,3,1,16,0,1,0,0,0,0,0,73.2,62.1,0
STU3699,21,Male,Electrical Eng,3,8.37,77.3,0,3,2,2,71,1,0,0,0,1,0,1,78.7,49.7,1
STU3700,21,Female,Electrical Eng,3,10.0,68.2,0,0,1,2,45,1,1,0,0,1,0,1,68.2,48.2,1
STU3701,23,Male,Computer Science,4,8.27,88.3,0,1,0,1,8,1,1,1,1,0,1,1,71.4,54.7,0
STU3702,20,Female,Electrical Eng,4,7.38,59.9,0,3,3,8,49,1,0,0,0,1,0,0,43.3,77.4,1
STU3703,19,Female,Electrical Eng,4,7.54,76.6,0,2,1,4,29,1,1,1,0,0,0,1,82.4,48.3,1
STU3704,21,Male,Information Technology,4,7.14,84.1,1,1,1,5,97,1,1,1,0,0,1,1,63.9,51.7,1
STU3705,21,Female,Computer Science,4,7.7,81.4,0,1,2,3,224,1,1,1,1,0,0,1,62.0,75.6,1
STU3706,20,Male,Computer Science,4,7.56,70.8,3,0,2,1,26,1,0,1,1,0,0,1,95.1,53.5,0
STU3707,20,Male,Information Technology,4,6.67,84.6,0,1,3,2,245,1,0,1,1,0,1,0,30.1,48.1,1
STU3708,19,Male,Information Technology,3,9.45,69.1,0,0,3,4,44,1,1,1,1,0,1,1,69.3,77.1,1
STU3709,20,Male,Electronics & Comm,4,5.96,77.8,1,2,4,0,28,1,0,0,0,0,0,0,36.6,63.1,1
STU3710,21,Male,Computer Science,4,8.39,84.5,0,0,1,2,300,0,1,1,1,1,1,0,72.8,66.0,1
STU3711,21,Male,Mechanical Eng,3,7.49,82.6,0,1,2,1,22,0,0,1,0,1,0,1,58.2,61.6,1
STU3712,20,Male,Computer Science,3,9.69,71.2,0,1,1,1,160,1,1,1,1,1,0,1,26.9,71.3,1
STU3713,20,Male,Computer Science,4,7.97,90.0,0,1,2,1,19,1,1,1,1,1,0,0,83.2,75.3,1
STU3714,19,Female,Information Technology,3,7.2,78.9,0,1,2,8,23,1,1,1,1,1,1,0,49.9,63.2,1
STU3715,20,Female,Information Technology,4,7.33,85.4,0,2,1,3,8,1,1,1,1,0,0,1,81.3,42.5,1
STU3716,21,Male,Computer Science,3,7.64,93.3,1,0,2,1,15,1,1,1,1,0,0,0,54.4,69.5,1
STU3717,23,Male,Computer Science,4,6.34,89.2,3,1,3,2,90,1,1,1,1,0,1,1,61.5,59.9,1
STU3718,21,Male,Computer Science,4,6.76,89.2,0,0,1,1,54,1,1,1,1,1,0,0,36.0,77.9,1
STU3719,19,Male,Electrical Eng,4,5.64,79.9,0,0,2,2,6,0,1,0,0,1,0,1,73.9,51.6,0
STU3720,22,Female,Electrical Eng,4,6.58,85.9,0,1,4,5,25,1,0,1,1,0,0,1,60.0,60.3,1
STU3721,21,Female,Information Technology,4,7.7,80.1,3,0,2,2,300,1,1,1,1,1,1,1,62.9,42.8,1
STU3722,21,Male,Electrical Eng,4,7.93,65.9,0,0,3,3,7,1,0,0,0,0,0,1,66.7,76.7,1
STU3723,21,Male,Electrical Eng,4,5.42,81.0,1,2,3,2,85,1,0,0,0,0,0,0,44.9,83.4,1
STU3724,20,Male,Computer Science,4,7.45,80.6,0,1,1,2,109,1,0,0,0,0,0,0,77.7,57.7,1
STU3725,20,Female,Civil Eng,3,8.22,83.8,0,0,1,3,55,1,1,0,0,0,1,1,60.1,62.1,1
STU3726,19,Male,Mechanical Eng,4,7.42,76.7,0,0,3,4,2,1,1,0,0,0,0,1,100.0,52.9,1
STU3727,20,Other,Computer Science,4,6.9,70.4,0,0,3,3,61,1,1,1,1,1,1,1,61.3,54.3,1
STU3728,20,Female,Computer Science,3,7.15,84.6,0,1,0,7,28,0,0,1,1,0,1,1,62.5,75.4,1
STU3729,21,Male,Computer Science,3,7.01,64.9,0,1,2,4,1,1,1,1,0,1,0,1,49.0,57.4,1
STU3730,21,Female,Computer Science,3,6.9,92.6,0,1,2,3,64,1,1,0,0,1,0,0,45.4,72.1,1
STU3731,21,Female,Electrical Eng,4,7.79,75.7,0,0,3,4,47,0,1,1,0,0,1,0,80.3,64.8,1
STU3732,19,Female,Information Technology,4,10.0,80.5,1,1,2,1,38,1,1,1,1,1,0,1,82.9,76.3,1
STU3733,22,Male,Electrical Eng,3,6.78,83.6,0,1,4,2,9,0,0,0,1,1,0,1,60.1,59.1,1
STU3734,22,Male,Electrical Eng,4,7.25,83.9,3,1,6,2,85,0,1,1,1,0,0,1,69.7,81.3,1
STU3735,21,Female,Electronics & Comm,4,7.54,63.9,0,2,3,2,5,1,0,1,1,0,0,1,85.4,93.1,1
STU3736,23,Female,Electronics & Comm,3,6.84,86.2,0,0,3,4,46,0,0,1,1,0,0,0,72.1,39.5,0
STU3737,21,Female,Computer Science,4,8.81,81.0,0,0,2,0,79,1,1,1,0,0,0,1,74.8,63.6,1
STU3738,22,Female,Information Technology,4,5.0,71.6,2,2,0,1,14,0,1,0,1,1,0,0,69.2,63.6,0
STU3739,19,Female,Electronics & Comm,4,7.02,70.5,0,0,2,5,23,0,1,1,0,0,1,1,58.9,54.3,1
STU3740,20,Female,Computer Science,3,8.5,74.7,0,0,2,0,139,1,1,1,0,1,0,1,73.4,71.1,1
STU3741,20,Male,Computer Science,3,7.28,65.0,1,1,2,1,107,1,1,1,1,0,0,1,94.1,81.8,1
STU3742,20,Female,Mechanical Eng,3,6.7,95.2,0,1,3,1,80,1,1,0,1,1,0,1,60.7,35.4,1
STU3743,20,Female,Electronics & Comm,4,8.08,92.9,0,2,2,3,21,1,1,1,0,0,0,0,80.1,34.3,1
STU3744,21,Female,Computer Science,4,8.6,82.5,1,0,3,2,221,1,1,1,1,0,0,1,70.5,89.9,1
STU3745,21,Female,Electronics & Comm,4,7.83,75.8,0,1,2,6,245,1,1,0,1,0,0,1,59.7,61.4,1
STU3746,21,Male,Electrical Eng,3,6.72,76.0,0,0,1,1,6,1,1,1,0,1,1,0,80.5,66.3,1
STU3747,20,Female,Information Technology,3,8.1,85.6,0,1,2,4,39,1,1,1,1,1,1,1,78.9,49.0,1
STU3748,21,Female,Computer Science,4,7.16,95.6,0,0,5,1,10,1,1,0,0,1,1,0,76.1,65.7,1
STU3749,21,Male,Civil Eng,4,8.42,72.3,0,1,3,1,29,1,1,1,1,1,0,1,92.5,85.5,1
STU3750,20,Male,Information Technology,4,9.23,66.8,0,0,1,2,18,1,1,1,1,1,1,1,93.7,72.4,1
STU3751,21,Male,Computer Science,4,5.0,93.5,1,0,2,0,61,1,1,1,1,0,1,0,68.8,67.9,1
STU3752,20,Male,Information Technology,3,7.72,60.1,0,1,4,1,269,1,0,1,1,1,0,0,66.5,38.5,1
STU3753,20,Male,Electrical Eng,3,5.69,67.9,0,3,1,1,21,1,1,0,0,0,0,1,48.0,76.1,1
STU3754,22,Male,Computer Science,3,10.0,75.5,0,2,1,1,85,1,1,1,0,0,1,1,89.5,65.1,1
STU3755,20,Female,Computer Science,3,7.09,62.4,0,4,1,4,200,0,0,0,1,1,1,1,67.0,55.9,1
STU3756,21,Female,Computer Science,3,8.42,89.1,0,1,2,1,90,1,0,0,1,1,0,1,59.5,74.6,1
STU3757,22,Female,Civil Eng,3,7.56,86.6,1,0,2,8,171,1,1,0,1,0,1,1,54.9,52.3,1
STU3758,21,Female,Computer Science,3,6.72,72.3,0,0,0,5,300,1,1,1,1,1,1,1,54.8,73.4,1
STU3759,19,Male,Electronics & Comm,3,6.59,90.8,0,1,2,1,5,0,0,1,0,0,1,0,92.6,83.3,1
STU3760,20,Male,Civil Eng,4,9.34,92.5,0,0,0,2,48,1,1,1,1,1,0,0,80.6,67.3,1
STU3761,19,Female,Computer Science,3,8.65,76.9,1,0,2,2,143,1,0,1,1,0,1,1,47.2,58.6,1
STU3762,21,Male,Civil Eng,4,9.74,73.5,0,0,2,4,25,1,0,1,0,1,0,1,47.7,56.4,1
STU3763,20,Female,Civil Eng,4,7.66,100.0,0,1,2,5,13,1,1,0,1,1,1,0,69.7,70.7,1
STU3764,20,Female,Mechanical Eng,4,7.92,85.2,0,0,0,3,15,0,0,0,0,1,0,0,53.8,58.5,0
STU3765,22,Male,Computer Science,4,7.31,80.6,5,0,2,0,17,1,1,1,1,1,0,1,64.5,100.0,0
STU3766,21,Other,Electronics & Comm,3,7.28,91.6,0,1,2,2,10,0,0,0,1,0,0,1,89.7,43.8,1
STU3767,20,Male,Electrical Eng,4,6.45,81.0,0,1,2,5,76,0,1,0,1,0,1,0,83.0,63.1,1
STU3768,21,Male,Civil Eng,4,7.69,72.9,0,1,2,3,3,1,1,1,0,0,0,1,44.0,69.1,1
STU3769,21,Female,Computer Science,4,6.73,78.8,0,2,2,4,22,1,1,1,1,0,0,1,53.8,67.3,1
STU3770,19,Male,Electrical Eng,3,8.09,88.4,0,0,0,3,55,0,1,1,0,0,0,1,71.4,56.6,1
STU3771,20,Female,Information Technology,3,7.79,58.1,1,2,1,0,41,0,0,1,0,0,0,1,83.8,83.5,1
STU3772,21,Male,Computer Science,3,7.92,75.1,0,0,1,7,81,1,1,1,1,0,1,1,56.5,75.0,1
STU3773,21,Female,Information Technology,4,9.44,91.8,0,1,3,5,182,1,1,1,1,0,0,1,73.2,76.1,1
STU3774,21,Female,Electrical Eng,4,7.56,72.9,0,1,2,0,3,1,1,0,0,0,1,1,61.6,55.0,1
STU3775,20,Female,Information Technology,3,8.43,93.5,0,3,3,0,125,1,0,1,1,1,0,1,92.5,59.0,1
STU3776,19,Male,Electronics & Comm,4,9.86,92.1,0,1,3,2,27,1,1,1,0,1,0,1,76.7,72.3,1
STU3777,20,Male,Civil Eng,4,9.04,77.3,0,0,4,3,42,1,0,1,1,1,1,1,65.3,48.5,1
STU3778,20,Female,Information Technology,4,8.87,72.3,0,1,2,1,7,1,1,1,0,0,0,1,47.1,75.0,1
STU3779,20,Male,Electronics & Comm,4,7.26,75.1,0,1,2,0,85,1,1,0,1,1,0,1,53.1,63.5,1
STU3780,19,Female,Information Technology,4,7.85,100.0,0,1,3,2,70,1,0,0,1,0,1,1,32.6,81.0,1
STU3781,21,Female,Information Technology,3,6.15,96.7,3,0,1,1,168,1,1,1,1,1,0,0,71.8,58.6,0
STU3782,23,Female,Electronics & Comm,4,8.15,79.3,0,1,2,1,12,1,1,0,0,0,1,1,77.3,92.2,1
STU3783,21,Female,Civil Eng,3,7.9,71.9,1,0,1,3,58,0,0,0,1,0,0,1,78.0,71.2,0
STU3784,22,Male,Electronics & Comm,4,7.63,79.2,0,2,4,5,106,1,0,0,0,0,0,1,59.4,72.8,1
STU3785,20,Female,Electrical Eng,4,8.73,80.4,0,1,2,2,3,0,0,1,0,0,0,1,85.9,54.6,1
STU3786,22,Female,Computer Science,4,6.27,65.6,2,0,1,3,143,0,0,1,1,1,0,0,90.2,68.8,1
STU3787,20,Male,Computer Science,4,9.4,78.8,0,2,3,3,3,1,1,1,1,0,0,1,58.7,56.8,1
STU3788,22,Female,Electronics & Comm,3,8.59,91.2,0,1,1,2,20,0,0,1,1,0,0,1,84.5,41.9,1
STU3789,23,Male,Computer Science,3,7.52,60.0,1,0,5,1,57,1,1,1,1,1,0,1,70.0,62.1,1
STU3790,21,Male,Computer Science,4,7.44,86.3,3,0,2,1,41,1,1,1,1,0,0,1,60.6,82.4,1
STU3791,23,Male,Electronics & Comm,3,8.13,91.7,0,1,3,1,17,1,1,0,0,1,1,1,85.2,64.0,1
STU3792,21,Female,Computer Science,4,9.27,72.4,1,1,2,5,81,1,0,1,1,0,1,1,51.1,60.6,1
STU3793,20,Male,Computer Science,3,7.71,94.9,0,2,3,4,68,1,0,1,0,0,0,1,47.2,60.4,1
STU3794,20,Female,Electronics & Comm,3,7.76,71.1,2,0,4,2,16,1,1,1,0,0,0,0,62.5,98.6,1
STU3795,21,Female,Electronics & Comm,3,7.62,82.4,0,0,3,5,133,0,0,1,0,0,0,1,64.8,74.1,1
STU3796,19,Male,Civil Eng,4,9.56,74.9,1,3,4,5,14,0,1,0,0,1,1,1,45.0,41.1,1
STU3797,21,Male,Electronics & Comm,4,7.19,74.9,0,3,1,5,77,0,0,0,0,0,0,0,74.9,56.9,1
STU3798,23,Female,Information Technology,3,7.57,71.8,1,0,4,1,166,0,0,1,1,0,1,1,57.1,59.0,1
STU3799,20,Male,Civil Eng,3,9.21,85.0,0,1,2,3,70,0,1,0,0,0,0,1,49.7,54.2,1
STU3800,21,Female,Electrical Eng,4,7.76,86.5,0,0,4,2,17,1,0,0,0,0,0,1,77.1,66.0,1
STU3801,22,Male,Computer Science,3,8.85,77.4,0,1,3,3,18,1,1,1,1,1,0,1,62.0,56.4,1
STU3802,22,Male,Computer Science,4,6.6,64.4,1,2,1,1,1,0,1,0,0,1,0,1,82.8,57.3,1
STU3803,22,Female,Electronics & Comm,4,7.37,82.0,0,0,2,3,10,1,1,0,1,0,1,1,74.4,67.3,1
STU3804,21,Male,Electronics & Comm,4,9.23,82.2,0,0,0,2,192,1,1,0,1,0,1,1,65.2,41.9,1
STU3805,23,Male,Electrical Eng,4,6.86,75.8,0,0,3,4,5,1,0,0,0,0,0,0,83.4,32.7,0
STU3806,21,Male,Electrical Eng,4,7.43,96.7,1,0,2,4,0,1,0,1,1,1,0,1,73.9,83.6,1
STU3807,20,Male,Electronics & Comm,4,7.88,62.4,0,0,1,1,82,1,1,1,0,1,0,1,67.7,77.6,1
STU3808,21,Male,Civil Eng,4,6.51,55.8,0,2,5,1,35,0,1,0,1,0,0,1,75.2,70.5,1
STU3809,21,Female,Electronics & Comm,4,7.14,70.7,2,0,4,3,22,0,0,0,0,0,0,1,75.6,69.6,0
STU3810,20,Male,Computer Science,3,7.72,85.1,0,1,4,2,12,1,1,0,0,1,0,1,52.7,62.2,1
STU3811,21,Male,Mechanical Eng,4,7.65,67.4,0,2,3,2,34,0,0,0,0,0,1,1,100.0,100.0,1
STU3812,21,Female,Computer Science,3,9.01,68.2,0,1,3,3,15,1,1,1,0,0,0,1,68.9,67.9,1
STU3813,20,Male,Electrical Eng,4,9.3,87.5,1,1,3,4,26,1,0,0,1,1,0,1,69.2,100.0,1
STU3814,21,Male,Civil Eng,4,6.66,82.6,0,0,1,1,40,1,1,0,0,0,0,1,43.4,95.9,1
STU3815,21,Female,Electronics & Comm,3,7.72,81.8,0,1,4,2,41,1,1,1,0,1,1,1,69.8,71.9,1
STU3816,21,Female,Electronics & Comm,3,8.34,85.8,1,0,4,4,129,0,0,1,0,0,1,1,70.4,61.9,1
STU3817,19,Female,Information Technology,4,9.27,73.7,0,2,3,4,5,1,1,1,1,0,1,1,51.9,65.2,1
STU3818,19,Female,Information Technology,4,8.39,74.2,1,0,4,1,15,1,1,1,1,1,0,1,53.4,59.0,1
STU3819,20,Male,Information Technology,4,7.92,86.1,0,1,2,0,35,1,1,1,1,0,1,1,55.4,71.9,1
STU3820,22,Female,Electronics & Comm,4,8.33,64.6,0,1,2,1,26,0,1,1,1,1,0,0,63.9,75.1,1
STU3821,20,Male,Electrical Eng,3,8.34,56.6,0,1,5,6,12,0,0,1,0,1,0,1,71.0,46.6,1
STU3822,21,Female,Electronics & Comm,4,6.58,73.7,0,0,2,2,19,1,0,0,0,0,0,1,64.9,100.0,1
STU3823,20,Male,Computer Science,4,7.81,87.3,0,0,3,2,38,0,1,0,0,0,0,1,72.2,53.3,1
STU3824,20,Male,Information Technology,4,9.21,80.6,0,2,2,0,58,1,1,0,1,1,0,1,77.5,24.7,1
STU3825,21,Male,Electrical Eng,3,7.37,86.6,2,0,2,0,40,0,0,0,0,0,0,1,75.6,63.8,0
STU3826,21,Female,Information Technology,4,7.74,57.8,0,0,3,3,88,1,1,0,1,1,0,0,73.1,47.8,1
STU3827,19,Male,Electronics & Comm,3,7.33,81.2,1,1,2,2,22,1,0,1,1,0,0,1,72.0,64.2,1
STU3828,20,Male,Electrical Eng,3,5.05,84.5,0,2,2,2,40,0,0,0,0,0,0,1,72.0,66.1,1
STU3829,19,Male,Electronics & Comm,4,7.62,64.5,0,1,1,0,66,0,1,1,1,1,0,1,65.9,71.7,1
STU3830,21,Male,Information Technology,3,7.93,86.6,1,1,3,1,8,1,1,1,0,1,0,1,58.8,80.1,1
STU3831,21,Female,Mechanical Eng,3,7.04,76.9,0,1,4,4,1,1,1,1,1,0,0,1,66.7,49.9,1
STU3832,20,Male,Computer Science,4,6.33,100.0,3,0,0,1,76,1,0,0,1,1,1,1,77.1,59.5,0
STU3833,20,Male,Civil Eng,4,6.63,56.2,0,1,1,5,51,0,0,0,0,0,0,1,77.1,75.2,0
STU3834,20,Male,Computer Science,4,8.44,91.7,0,2,1,0,1,1,0,1,0,1,1,0,75.1,55.1,1
STU3835,22,Female,Computer Science,4,9.77,74.1,0,4,4,1,20,1,1,1,1,0,1,1,61.3,36.8,1
STU3836,23,Male,Mechanical Eng,4,9.12,61.8,0,0,3,2,62,0,0,1,1,0,0,1,65.0,74.3,1
STU3837,19,Male,Computer Science,3,6.12,72.7,1,1,5,6,20,1,1,1,0,1,0,1,65.0,56.5,1
STU3838,21,Male,Electrical Eng,4,8.54,80.8,0,1,2,1,69,0,1,1,0,0,0,0,59.5,55.5,1
STU3839,20,Male,Electrical Eng,4,6.87,88.4,0,0,2,3,8,1,0,0,0,0,0,1,80.5,66.8,1
STU3840,20,Male,Mechanical Eng,4,6.96,95.2,0,1,3,2,1,0,1,0,1,0,1,1,42.2,65.1,1
STU3841,21,Female,Civil Eng,3,7.09,92.2,1,0,1,0,7,0,1,0,0,0,1,0,96.3,80.0,1
STU3842,22,Female,Computer Science,3,8.38,68.3,1,1,2,1,105,1,1,1,1,1,1,0,97.0,46.3,1
STU3843,22,Female,Electrical Eng,4,8.66,89.3,0,0,2,6,30,1,0,1,1,0,0,1,68.7,98.9,1
STU3844,21,Male,Computer Science,4,7.49,81.9,0,1,1,1,300,0,1,1,1,1,0,1,73.7,43.8,1
STU3845,20,Male,Information Technology,4,7.51,71.5,0,1,2,3,27,1,1,1,1,1,0,0,79.9,59.2,1
STU3846,21,Male,Mechanical Eng,4,8.11,75.9,0,1,0,7,186,1,1,0,0,0,1,1,57.4,52.0,1
STU3847,20,Other,Information Technology,3,8.22,70.9,0,1,1,0,12,1,1,1,1,1,0,1,75.9,65.8,1
STU3848,21,Female,Electronics & Comm,4,8.89,78.4,5,0,2,1,6,1,1,0,0,0,1,1,86.5,65.3,0
STU3849,20,Female,Electronics & Comm,4,6.19,70.7,0,1,3,1,4,0,0,1,0,0,1,1,42.8,67.5,1
STU3850,21,Male,Electronics & Comm,4,7.62,67.7,0,2,1,1,31,1,1,0,1,0,0,1,47.8,68.9,1
STU3851,20,Male,Civil Eng,3,6.43,82.8,3,0,2,0,12,1,0,0,1,0,0,1,78.5,84.6,0
STU3852,20,Male,Computer Science,4,7.54,84.3,0,1,0,3,284,1,1,1,1,1,0,1,64.2,67.3,1
STU3853,22,Female,Electronics & Comm,4,7.35,76.1,1,1,2,3,6,1,1,0,0,0,1,1,62.6,85.8,0
STU3854,20,Female,Mechanical Eng,3,7.55,91.7,0,1,2,3,4,1,0,1,0,1,0,1,63.4,38.7,1
STU3855,21,Female,Information Technology,4,6.72,75.4,0,1,4,5,44,1,1,1,1,0,1,1,52.2,32.2,1
STU3856,20,Female,Computer Science,3,5.96,75.0,3,1,3,0,180,1,1,0,1,0,0,0,62.3,66.9,0
STU3857,19,Male,Electronics & Comm,4,5.3,84.6,1,0,1,1,71,1,0,0,1,0,1,1,49.5,69.9,1
STU3858,19,Female,Information Technology,4,7.46,76.7,0,1,1,1,217,1,1,1,1,1,1,1,86.3,57.0,1
STU3859,20,Female,Computer Science,3,7.13,78.8,0,1,1,1,92,1,1,1,1,1,1,1,69.9,64.8,1
STU3860,22,Male,Mechanical Eng,3,6.86,52.8,1,0,5,0,67,1,1,0,0,0,0,1,69.5,81.1,0
STU3861,20,Male,Electronics & Comm,4,9.05,78.2,0,1,3,2,33,1,1,0,1,0,1,1,77.3,75.1,1
STU3862,22,Male,Civil Eng,4,6.65,59.7,0,1,0,4,28,0,1,0,1,0,0,1,100.0,60.1,1
STU3863,21,Male,Electrical Eng,4,9.16,65.8,0,2,1,6,4,1,0,1,0,0,0,0,53.3,68.0,1
STU3864,20,Male,Electronics & Comm,3,9.39,64.6,0,0,2,0,54,0,1,0,1,0,0,1,42.2,76.4,1
STU3865,21,Female,Computer Science,4,5.45,67.6,0,4,1,4,60,1,1,1,0,0,0,1,67.6,46.6,1
STU3866,21,Male,Information Technology,3,7.7,72.5,0,1,3,4,2,1,0,1,1,1,0,0,42.4,52.9,0
STU3867,21,Male,Computer Science,4,7.16,73.1,0,1,2,1,214,1,1,1,1,1,0,0,63.3,78.9,1
STU3868,20,Male,Mechanical Eng,4,5.0,84.6,1,0,2,0,30,0,1,0,0,0,0,0,80.2,39.1,0
STU3869,20,Female,Computer Science,4,6.01,80.2,3,1,2,9,3,0,1,1,0,0,0,1,89.4,48.6,0
STU3870,22,Female,Computer Science,4,8.45,59.0,0,2,1,3,300,1,1,1,1,1,1,0,46.1,46.8,1
STU3871,22,Male,Electronics & Comm,3,9.82,78.8,0,1,2,8,53,1,1,1,0,1,1,1,54.8,78.8,1
STU3872,22,Female,Computer Science,3,8.59,81.2,0,1,3,2,188,1,1,1,1,0,0,1,73.1,48.7,1
STU3873,20,Female,Computer Science,4,7.96,74.7,0,1,2,1,54,1,0,1,0,0,1,1,78.6,76.9,1
STU3874,21,Male,Electronics & Comm,4,7.58,77.4,2,1,2,1,14,0,1,1,0,0,1,0,79.4,59.7,0
STU3875,21,Male,Computer Science,4,9.45,79.9,0,0,3,8,25,1,1,1,1,0,0,1,88.7,91.7,1
STU3876,21,Female,Computer Science,4,9.96,85.6,0,1,1,1,63,1,1,1,0,0,0,1,78.2,66.9,1
STU3877,20,Female,Information Technology,4,6.95,62.3,0,1,2,0,27,1,1,1,1,1,0,1,66.3,81.0,1
STU3878,21,Female,Electrical Eng,4,5.4,75.6,3,0,2,2,34,1,1,0,0,0,0,0,82.9,71.9,0
STU3879,20,Female,Electronics & Comm,4,5.29,93.1,1,1,3,1,48,1,0,1,1,0,0,1,69.0,58.2,1
STU3880,20,Female,Information Technology,3,9.05,92.2,0,2,0,1,29,1,1,1,1,0,0,1,71.8,64.8,1
STU3881,22,Male,Electronics & Comm,3,7.55,86.5,0,2,3,3,55,1,0,0,0,0,0,1,61.1,65.1,1
STU3882,20,Male,Information Technology,4,7.8,83.4,1,0,1,1,59,1,0,1,1,0,0,0,70.2,58.1,0
STU3883,19,Male,Civil Eng,4,5.63,94.5,2,2,0,2,1,1,0,0,0,0,0,1,45.2,78.3,1
STU3884,19,Male,Computer Science,4,6.77,97.2,2,0,3,0,95,1,1,1,1,0,1,1,82.5,100.0,1
STU3885,22,Female,Electronics & Comm,3,7.27,76.7,0,0,3,2,35,0,0,1,0,0,0,1,53.9,66.7,0
STU3886,21,Female,Mechanical Eng,4,7.83,68.3,0,0,4,0,1,1,0,0,0,0,0,1,55.6,75.7,1
STU3887,20,Female,Electrical Eng,3,7.16,75.3,1,0,2,1,29,0,1,1,0,0,0,1,35.4,72.9,1
STU3888,21,Male,Computer Science,4,6.46,100.0,2,0,2,3,29,1,1,1,0,0,0,0,56.5,25.8,0
STU3889,21,Female,Computer Science,3,6.74,62.3,0,1,3,1,43,0,1,1,1,0,0,1,54.6,72.4,1
STU3890,20,Male,Electrical Eng,3,8.93,73.3,3,1,2,1,50,1,1,1,0,0,1,1,71.0,71.6,1
STU3891,21,Male,Computer Science,3,7.87,63.9,0,1,0,2,24,1,1,1,1,0,0,1,49.9,46.3,1
STU3892,21,Female,Electrical Eng,3,8.27,79.2,0,1,1,1,63,0,0,1,0,1,1,0,61.8,38.2,1
STU3893,21,Female,Electrical Eng,4,6.61,66.0,0,2,1,1,15,1,1,0,1,1,0,0,58.5,71.4,1
STU3894,20,Other,Electrical Eng,3,5.0,76.9,2,0,2,3,26,0,1,0,0,0,0,1,43.4,89.7,0
STU3895,22,Male,Computer Science,3,7.02,58.5,1,1,5,3,29,1,0,1,1,1,1,1,71.3,59.5,1
STU3896,21,Male,Electrical Eng,4,6.65,84.2,0,1,3,3,66,1,0,0,1,0,1,0,64.9,60.0,1
STU3897,20,Male,Electronics & Comm,4,7.98,90.2,0,3,4,2,61,1,0,0,0,0,0,0,68.6,99.6,1
STU3898,20,Male,Mechanical Eng,3,10.0,74.2,0,0,6,2,7,1,1,0,1,0,1,1,79.6,78.4,1
STU3899,19,Female,Computer Science,3,8.36,76.6,0,0,2,4,48,1,1,1,1,1,0,0,68.1,46.8,1
STU3900,20,Female,Computer Science,4,10.0,76.4,2,1,1,1,142,1,1,0,1,1,1,1,63.3,54.3,1
STU3901,21,Female,Information Technology,4,8.23,79.8,1,2,2,1,91,0,1,1,0,0,1,0,80.9,97.7,1
STU3902,19,Male,Computer Science,4,6.91,77.6,0,0,4,3,52,1,1,0,0,0,1,0,63.4,55.1,1
STU3903,20,Female,Electronics & Comm,4,7.98,85.7,0,1,2,2,17,1,1,0,1,0,0,1,60.9,57.0,1
STU3904,21,Male,Mechanical Eng,3,9.56,90.3,2,0,2,3,21,0,1,0,0,0,0,0,77.4,75.1,1
STU3905,19,Female,Information Technology,3,9.61,69.9,0,3,1,1,18,1,1,1,1,1,0,1,57.1,61.0,1
STU3906,23,Male,Mechanical Eng,4,6.97,74.9,0,0,2,1,64,0,0,0,0,0,0,0,84.3,71.7,1
STU3907,20,Male,Computer Science,4,7.88,87.0,0,0,2,5,15,1,1,1,0,0,0,1,70.2,69.3,1
STU3908,20,Male,Computer Science,3,6.03,63.8,0,0,2,2,147,1,1,0,1,1,1,0,90.0,62.8,1
STU3909,20,Female,Computer Science,4,8.51,58.3,1,1,4,2,50,1,0,0,0,1,0,1,67.2,83.1,1
STU3910,20,Male,Information Technology,3,9.31,80.3,0,0,0,0,19,1,1,1,1,1,0,0,81.3,45.9,1
STU3911,19,Male,Mechanical Eng,3,7.64,83.0,2,2,5,1,30,1,1,1,1,0,0,1,45.1,66.8,1
STU3912,21,Female,Computer Science,3,6.87,70.8,0,2,0,0,23,1,1,1,1,0,1,1,85.9,56.3,1
STU3913,22,Male,Electronics & Comm,3,8.0,72.2,0,0,5,2,2,1,0,1,1,0,0,1,77.7,89.6,1
STU3914,20,Male,Information Technology,4,8.06,70.4,3,1,2,8,25,0,0,0,1,1,0,0,59.0,62.4,1
STU3915,21,Male,Civil Eng,4,7.69,69.3,1,0,3,4,30,1,1,0,1,1,1,1,80.1,93.8,1
STU3916,21,Male,Computer Science,3,7.8,84.9,0,1,1,3,10,1,1,1,0,1,0,0,50.3,58.7,1
STU3917,21,Female,Computer Science,4,7.41,66.2,0,0,3,4,300,1,1,1,0,1,0,1,61.0,66.6,1
STU3918,20,Female,Computer Science,4,8.7,75.3,1,0,4,2,0,1,1,1,1,1,1,1,56.1,81.3,1
STU3919,20,Male,Information Technology,4,8.41,68.9,0,1,1,1,97,1,0,1,1,0,0,1,80.9,50.7,1
STU3920,20,Other,Computer Science,4,6.52,63.4,0,0,1,1,175,1,1,1,0,0,0,1,85.5,87.6,1
STU3921,21,Male,Mechanical Eng,3,6.49,86.7,2,2,1,3,5,1,1,0,0,0,0,0,61.7,65.4,0
STU3922,21,Male,Electronics & Comm,4,7.32,72.8,0,1,1,1,0,0,0,1,1,0,0,1,50.2,71.2,1
STU3923,20,Male,Electronics & Comm,4,8.41,79.9,0,1,1,2,43,1,0,1,0,0,0,0,54.3,73.2,1
STU3924,20,Male,Electronics & Comm,4,7.76,62.9,0,3,3,4,13,1,1,1,1,0,1,1,69.3,63.9,1
STU3925,22,Male,Computer Science,4,6.89,70.6,0,3,1,0,39,1,1,0,1,1,0,1,68.4,52.9,1
STU3926,21,Female,Information Technology,3,7.89,85.6,0,1,3,0,118,1,1,1,1,1,0,0,63.2,66.4,1
STU3927,23,Female,Civil Eng,4,7.24,100.0,0,1,4,1,28,0,1,0,0,0,0,0,56.4,34.8,1
STU3928,21,Male,Mechanical Eng,3,8.57,58.2,0,0,3,2,28,0,1,0,1,1,0,1,90.8,45.3,1
STU3929,20,Female,Mechanical Eng,3,7.97,76.0,0,1,1,1,18,1,0,1,1,0,0,1,59.3,62.9,1
STU3930,21,Female,Mechanical Eng,3,7.25,82.1,0,1,2,2,27,0,1,0,0,0,0,0,56.3,88.2,1
STU3931,21,Female,Computer Science,4,7.85,71.8,0,3,2,1,11,1,1,1,0,1,1,1,84.1,87.8,1
STU3932,19,Female,Computer Science,3,9.05,86.5,4,0,2,2,187,1,0,1,1,1,0,1,64.0,79.7,1
STU3933,21,Male,Computer Science,4,6.97,69.3,0,0,1,1,1,1,1,0,0,1,1,1,75.2,41.9,1
STU3934,21,Female,Information Technology,4,8.04,79.5,0,0,4,8,106,1,1,1,1,0,0,1,55.7,69.5,1
STU3935,20,Female,Computer Science,4,7.52,72.8,0,2,3,2,132,1,1,0,1,0,1,1,75.1,52.1,1
STU3936,21,Female,Information Technology,3,8.07,90.2,0,0,1,3,76,1,0,1,1,1,0,1,78.3,64.0,1
STU3937,21,Male,Electronics & Comm,4,6.88,71.2,2,1,2,3,21,0,1,1,0,0,1,0,52.4,79.3,0
STU3938,22,Male,Mechanical Eng,4,7.72,74.5,0,1,1,2,14,0,1,1,0,0,0,0,60.5,74.9,1
STU3939,19,Male,Electrical Eng,4,8.82,87.5,1,0,5,1,38,1,1,0,0,0,0,1,55.3,84.2,1
STU3940,20,Male,Civil Eng,4,6.57,67.7,0,1,5,2,59,0,0,1,0,0,0,1,60.6,43.9,1
STU3941,21,Male,Computer Science,4,6.14,78.7,0,1,1,3,255,1,1,1,1,1,1,0,90.4,49.7,1
STU3942,20,Female,Computer Science,4,6.18,59.8,1,0,2,2,300,1,0,0,1,0,1,1,71.6,87.6,1
STU3943,21,Male,Electronics & Comm,4,6.31,67.1,1,1,2,0,2,0,0,0,0,0,0,0,95.3,87.8,1
STU3944,21,Female,Computer Science,3,8.25,81.8,1,3,2,0,20,1,1,0,1,1,1,1,88.8,64.8,1
STU3945,20,Male,Computer Science,4,6.05,68.1,0,3,1,1,53,1,0,1,1,0,1,1,83.8,64.6,1
STU3946,21,Female,Information Technology,4,7.27,72.6,0,1,3,1,62,1,1,1,0,0,0,1,88.4,82.6,1
STU3947,21,Male,Computer Science,4,8.28,82.9,0,1,2,5,128,1,1,0,1,1,1,1,84.2,73.0,1
STU3948,20,Male,Electronics & Comm,4,8.06,72.2,1,0,3,1,15,1,0,1,0,0,1,1,91.9,74.1,1
STU3949,22,Female,Information Technology,3,7.18,86.2,1,4,2,1,65,0,1,0,1,0,0,1,75.6,51.1,1
STU3950,21,Female,Electronics & Comm,4,7.81,80.2,0,0,3,3,29,0,1,1,0,1,1,1,77.6,82.2,1
STU3951,21,Other,Electronics & Comm,4,7.72,82.4,0,1,3,4,25,1,0,0,0,1,1,0,77.2,62.0,1
STU3952,21,Male,Information Technology,4,7.35,90.4,0,0,2,2,135,1,1,1,1,1,0,1,61.8,44.1,1
STU3953,21,Male,Computer Science,3,7.37,81.2,0,0,3,1,21,1,1,0,1,1,1,1,79.8,53.3,1
STU3954,22,Female,Computer Science,4,10.0,93.4,0,0,2,1,96,1,1,1,1,1,1,1,85.6,56.0,1
STU3955,21,Male,Information Technology,4,8.49,87.1,0,2,1,2,11,1,1,0,1,1,0,1,59.6,87.2,1
STU3956,21,Female,Electrical Eng,3,10.0,72.8,5,1,1,1,15,0,1,1,0,0,0,1,56.0,54.6,0
STU3957,22,Male,Electrical Eng,3,7.05,90.9,1,1,1,1,14,0,1,1,0,1,1,1,60.3,70.8,1
STU3958,20,Male,Electronics & Comm,4,7.51,80.6,0,0,0,0,34,1,1,1,0,0,0,0,87.0,33.3,0
STU3959,21,Male,Computer Science,3,6.13,74.1,2,2,3,5,83,1,1,1,0,1,0,1,64.7,79.1,1
STU3960,20,Male,Electronics & Comm,4,6.71,80.8,5,0,2,0,109,1,1,0,0,0,0,1,52.5,53.1,0
STU3961,20,Female,Electronics & Comm,3,9.69,89.1,0,0,0,2,13,1,1,0,1,1,0,1,53.5,70.9,1
STU3962,20,Female,Information Technology,4,7.03,82.6,0,1,3,8,89,1,1,1,1,0,1,0,55.3,70.9,1
STU3963,23,Male,Electronics & Comm,4,9.71,96.2,2,2,3,3,51,0,1,1,1,1,0,1,58.0,74.5,1
STU3964,22,Female,Information Technology,4,6.23,88.9,1,0,2,1,60,1,1,0,1,1,1,1,48.4,70.0,1
STU3965,21,Male,Electronics & Comm,4,6.44,83.2,0,1,1,0,21,0,0,0,0,0,0,1,76.5,93.7,0
STU3966,21,Male,Electrical Eng,4,7.22,67.7,0,1,1,7,8,1,0,0,1,0,0,1,65.3,68.1,1
STU3967,21,Male,Computer Science,4,7.53,76.2,0,2,2,0,10,1,1,1,1,1,0,1,75.5,98.7,1
STU3968,22,Female,Electrical Eng,3,8.62,78.7,0,0,4,3,80,0,1,1,0,1,0,0,35.8,74.6,1
STU3969,21,Female,Computer Science,4,8.1,85.0,0,1,1,5,26,1,1,1,0,0,1,0,83.0,69.1,1
STU3970,20,Female,Computer Science,3,7.14,84.4,0,0,2,0,54,1,1,1,0,0,1,1,66.9,78.4,1
STU3971,20,Female,Civil Eng,4,7.45,79.7,5,0,5,3,17,1,0,0,0,1,0,1,75.0,68.0,0
STU3972,21,Female,Civil Eng,3,7.25,79.2,0,0,2,10,43,1,1,0,0,0,1,1,89.3,71.7,1
STU3973,21,Female,Computer Science,3,6.59,85.2,0,3,2,3,286,1,1,0,1,0,1,0,73.1,70.2,1
STU3974,20,Female,Information Technology,4,6.62,69.4,0,0,3,2,244,1,0,1,1,1,0,1,97.6,68.7,1
STU3975,19,Female,Computer Science,3,8.73,95.0,0,3,3,4,8,1,1,1,1,0,0,0,41.7,96.8,1
STU3976,21,Male,Information Technology,3,5.59,57.5,2,0,2,2,158,0,1,1,1,0,1,1,63.6,99.1,1
STU3977,19,Male,Mechanical Eng,4,9.38,92.6,0,3,4,3,72,1,1,1,1,1,0,1,42.8,69.9,1
STU3978,21,Male,Civil Eng,4,7.22,77.5,0,1,2,2,86,1,1,0,0,1,1,1,72.4,83.9,1
STU3979,23,Male,Electronics & Comm,4,6.75,88.0,0,0,3,0,93,1,1,0,1,0,0,1,69.1,83.0,1
STU3980,20,Female,Information Technology,4,8.41,81.6,0,1,5,1,13,1,0,0,0,1,1,1,52.7,81.4,1
STU3981,20,Male,Electronics & Comm,3,9.23,81.5,0,0,2,0,79,1,0,1,0,0,0,1,98.4,73.2,1
STU3982,21,Female,Information Technology,4,8.83,83.5,0,1,2,0,205,1,1,1,0,1,1,1,63.0,75.0,1
STU3983,21,Male,Mechanical Eng,3,8.15,86.1,0,1,2,0,2,1,0,1,0,1,0,0,37.1,73.6,1
STU3984,21,Male,Mechanical Eng,4,8.8,74.7,4,1,3,2,40,0,1,1,0,0,0,1,77.5,54.2,1
STU3985,22,Male,Electronics & Comm,4,5.71,88.3,3,1,3,1,25,0,0,0,0,0,0,0,77.7,64.0,0
STU3986,19,Female,Information Technology,4,7.03,67.2,0,2,0,4,18,1,1,0,1,1,0,0,61.3,47.0,1
STU3987,21,Male,Computer Science,4,6.6,77.9,1,0,3,3,36,1,1,1,1,1,1,0,79.0,73.6,1
STU3988,21,Male,Computer Science,3,8.95,86.4,0,3,3,2,13,1,1,1,1,1,0,1,54.7,71.5,1
STU3989,22,Female,Electrical Eng,4,7.18,88.0,2,3,3,2,117,1,0,1,0,1,0,1,62.2,75.5,1
STU3990,20,Female,Information Technology,4,8.53,82.6,0,0,3,1,300,1,1,1,1,0,1,1,73.5,53.4,1
STU3991,21,Male,Information Technology,3,8.19,74.1,0,0,0,2,71,1,1,1,1,1,0,1,80.9,79.5,1
STU3992,21,Male,Information Technology,3,6.65,87.0,0,1,2,3,96,1,1,1,1,1,1,0,64.9,72.1,1
STU3993,20,Male,Electrical Eng,4,6.95,71.3,0,1,3,4,53,1,0,0,1,0,0,0,61.2,98.5,1
STU3994,20,Female,Computer Science,4,9.02,95.5,0,0,4,0,23,1,1,1,0,1,0,0,67.4,77.1,1
STU3995,22,Male,Mechanical Eng,4,6.75,77.2,0,0,1,3,171,0,1,0,1,0,1,1,39.4,56.0,1
STU3996,20,Male,Mechanical Eng,4,7.74,62.6,0,1,2,3,55,1,0,0,0,0,0,1,64.1,44.7,1
STU3997,20,Male,Civil Eng,3,6.74,66.1,0,1,3,2,62,1,1,1,0,0,1,1,40.3,68.3,1
STU3998,20,Male,Information Technology,4,7.25,78.4,0,0,3,1,171,1,1,1,1,1,1,1,56.2,49.6,1
STU3999,22,Female,Computer Science,4,7.55,79.4,0,2,2,2,26,1,1,1,0,0,0,1,48.1,54.0,1
STU4000,21,Male,Information Technology,3,6.74,97.7,1,1,0,2,57,1,1,1,0,1,1,1,75.4,50.5,0
STU4001,21,Male,Information Technology,4,6.54,67.6,0,1,3,2,125,1,1,1,1,1,0,1,57.8,56.3,1
STU4002,20,Male,Computer Science,3,7.91,78.4,1,1,3,2,8,1,0,1,0,1,0,1,85.3,86.8,1
STU4003,21,Male,Electronics & Comm,3,6.67,67.4,1,0,3,0,27,0,1,1,1,0,1,1,42.1,50.5,1
STU4004,21,Male,Information Technology,3,6.71,73.1,0,1,3,1,14,1,1,0,0,1,1,0,64.6,58.6,1
STU4005,21,Female,Mechanical Eng,4,6.57,94.8,0,0,2,0,27,1,0,0,0,1,1,1,69.2,43.5,1
STU4006,22,Female,Computer Science,4,7.51,66.6,0,0,6,1,131,0,1,1,0,1,0,0,74.9,39.4,1
STU4007,19,Female,Electronics & Comm,4,8.64,83.9,2,0,3,1,42,0,0,0,0,0,0,0,98.2,60.8,1
STU4008,21,Female,Electrical Eng,3,9.26,81.9,0,0,2,1,111,1,0,0,0,0,0,1,40.5,68.1,1
STU4009,19,Female,Electrical Eng,4,6.8,77.8,0,1,4,1,2,0,0,1,0,1,0,0,57.4,47.7,1
STU4010,21,Male,Mechanical Eng,4,9.97,83.2,0,1,4,3,7,1,0,0,0,1,1,1,96.0,42.2,1
STU4011,20,Female,Electrical Eng,4,6.49,66.4,4,0,3,4,6,1,1,1,0,1,0,0,55.1,36.9,0
STU4012,20,Female,Civil Eng,4,8.79,94.6,0,0,2,1,4,0,0,0,0,0,0,0,74.2,67.2,1
STU4013,20,Female,Information Technology,4,6.81,97.2,1,2,2,1,6,1,1,0,0,1,0,0,54.8,79.0,0
STU4014,21,Male,Electronics & Comm,3,6.64,78.5,0,0,2,4,10,1,0,0,0,1,0,1,48.5,43.6,0
STU4015,20,Male,Computer Science,4,6.78,100.0,0,0,1,3,95,1,1,1,0,0,0,0,56.6,55.3,1
STU4016,21,Female,Computer Science,4,7.54,74.0,0,1,2,1,40,1,0,0,0,1,0,0,95.7,81.2,1
STU4017,20,Female,Computer Science,4,8.24,82.0,5,2,2,3,7,1,1,1,1,1,1,0,51.7,61.8,1
STU4018,19,Other,Computer Science,3,8.34,92.3,0,2,1,1,36,1,1,1,0,0,0,1,63.8,63.5,1
STU4019,21,Male,Computer Science,3,6.56,73.4,2,1,4,2,155,1,1,1,1,1,0,1,64.4,70.7,1
STU4020,20,Male,Computer Science,4,6.51,64.2,1,0,2,9,300,1,1,0,1,1,0,1,80.8,58.4,1
STU4021,20,Male,Computer Science,3,6.59,61.9,1,1,2,1,4,1,1,1,1,0,0,0,83.8,53.3,1
STU4022,21,Female,Mechanical Eng,3,7.48,98.6,0,0,2,6,32,0,1,0,0,0,1,1,69.5,69.6,1
STU4023,20,Male,Computer Science,4,7.37,72.7,0,0,0,1,10,1,1,1,0,0,0,0,23.3,44.3,1
STU4024,19,Male,Electrical Eng,4,6.55,76.1,0,1,4,2,68,1,0,0,0,1,0,1,55.6,40.8,1
STU4025,20,Other,Computer Science,4,7.9,66.9,3,1,1,2,1,0,1,0,0,0,1,1,51.2,54.6,1
STU4026,22,Male,Mechanical Eng,4,10.0,87.5,2,0,3,4,77,0,0,1,0,1,0,1,84.2,75.7,1
STU4027,21,Female,Mechanical Eng,3,7.04,70.2,0,0,2,0,61,1,1,0,0,0,1,0,55.1,82.4,1
STU4028,21,Male,Electronics & Comm,4,7.12,73.1,0,2,2,3,7,0,0,1,0,0,0,1,91.6,57.9,1
STU4029,21,Female,Electronics & Comm,3,8.22,81.0,0,2,2,3,11,1,1,0,1,1,1,1,73.7,77.5,1
STU4030,20,Female,Computer Science,4,6.99,67.4,4,1,1,2,285,1,1,0,1,0,0,1,83.9,85.7,1
STU4031,20,Female,Civil Eng,4,8.34,76.2,0,1,1,0,147,1,0,1,1,0,1,1,99.6,65.6,1
STU4032,21,Female,Mechanical Eng,4,6.81,92.0,1,2,2,1,19,0,1,0,0,0,0,0,54.8,74.5,1
STU4033,20,Male,Mechanical Eng,3,9.62,82.3,0,1,3,3,10,1,1,1,0,0,1,1,45.3,93.0,1
STU4034,20,Male,Electronics & Comm,4,7.98,79.3,0,1,2,5,81,0,1,1,0,0,0,1,70.6,54.4,1
STU4035,20,Male,Information Technology,3,6.92,80.1,1,0,1,2,54,1,0,1,1,1,0,1,81.4,61.4,1
STU4036,20,Female,Mechanical Eng,4,6.95,74.1,0,0,0,2,48,0,0,1,1,0,0,1,58.7,89.0,1
STU4037,23,Female,Computer Science,4,7.03,98.0,0,1,3,1,126,1,1,1,1,0,1,1,68.5,50.9,1
STU4038,19,Male,Electronics & Comm,4,9.11,69.9,2,0,2,2,1,0,1,1,1,1,0,1,85.0,67.3,1
STU4039,21,Female,Computer Science,3,6.2,80.1,2,0,1,1,28,1,1,0,1,1,0,1,83.7,55.6,1
STU4040,20,Male,Civil Eng,4,6.87,79.2,1,1,3,3,43,0,1,1,0,0,0,1,59.9,85.5,1
STU4041,23,Female,Computer Science,4,6.98,88.1,1,0,1,8,60,1,0,1,1,0,0,1,71.8,47.2,1
STU4042,20,Female,Computer Science,3,7.58,89.0,0,2,2,4,32,1,0,1,1,0,0,1,54.9,64.0,1
STU4043,20,Male,Electronics & Comm,4,7.3,77.7,0,0,1,1,6,1,0,0,1,1,0,1,47.7,49.3,0
STU4044,21,Male,Electrical Eng,3,5.96,80.9,1,1,4,2,31,0,0,0,0,0,1,1,87.0,43.0,1
STU4045,21,Male,Electronics & Comm,4,7.16,81.3,0,2,1,0,15,1,0,1,0,0,0,1,38.1,36.5,1
STU4046,20,Female,Computer Science,4,7.49,55.3,0,1,2,1,20,1,0,1,1,1,0,1,70.7,62.5,1
STU4047,20,Male,Computer Science,4,6.91,62.1,1,1,5,1,25,1,0,1,1,1,0,0,62.8,72.3,1
STU4048,20,Male,Electrical Eng,4,8.36,71.9,0,1,1,1,3,0,0,1,0,0,0,1,75.7,65.3,1
STU4049,20,Male,Civil Eng,3,8.61,72.4,0,2,3,3,9,1,1,1,0,1,1,1,58.4,68.5,1
STU4050,20,Male,Electrical Eng,3,7.51,66.0,0,4,1,2,89,1,1,1,0,0,0,0,84.0,58.5,1
STU4051,21,Male,Information Technology,4,7.85,85.5,0,1,1,6,33,1,1,1,1,1,0,1,64.9,79.8,1
STU4052,20,Female,Mechanical Eng,4,5.22,78.0,1,2,2,1,26,1,0,0,0,0,0,1,88.3,75.9,0
STU4053,20,Male,Information Technology,3,7.14,75.9,1,0,4,1,72,1,1,0,0,0,0,1,71.1,66.9,1
STU4054,21,Female,Electronics & Comm,4,8.71,65.4,0,2,2,1,211,1,0,0,1,0,0,0,53.3,68.1,1
STU4055,22,Female,Information Technology,4,7.13,77.6,0,3,2,1,232,1,1,1,1,0,0,0,75.6,58.0,1
STU4056,21,Male,Information Technology,3,6.79,51.7,0,1,2,9,16,1,1,1,0,1,1,0,73.8,94.2,1
STU4057,19,Male,Electrical Eng,4,10.0,76.4,0,2,2,1,32,0,1,0,1,0,0,1,66.5,77.1,1
STU4058,19,Female,Electronics & Comm,3,9.6,78.6,0,1,2,6,82,1,0,0,0,0,0,0,57.5,63.5,1
STU4059,22,Female,Information Technology,4,8.11,80.4,2,0,1,1,39,1,1,1,1,0,1,0,80.0,62.4,1
STU4060,20,Male,Computer Science,3,8.85,62.4,0,2,2,1,1,1,1,0,1,0,0,0,54.5,59.2,1
STU4061,19,Male,Computer Science,4,5.15,80.2,0,1,2,0,152,0,0,0,0,0,0,1,56.0,60.5,0
STU4062,21,Male,Electronics & Comm,4,6.73,67.6,0,1,4,4,1,1,1,1,1,0,0,1,75.4,68.7,1
STU4063,21,Female,Computer Science,4,7.08,69.9,0,1,2,0,300,1,1,1,1,1,0,0,65.0,39.4,1
STU4064,21,Male,Computer Science,4,7.34,85.2,0,2,2,7,133,1,1,1,0,1,0,1,40.5,61.3,1
STU4065,20,Male,Electronics & Comm,4,7.06,98.1,0,2,1,2,30,1,0,1,0,1,0,0,54.5,63.0,1
STU4066,19,Female,Electronics & Comm,3,5.0,78.5,0,0,1,1,12,0,0,1,1,0,1,1,73.7,64.9,1
STU4067,22,Female,Electrical Eng,4,8.02,69.8,0,1,3,2,61,0,1,1,0,0,0,1,64.2,67.6,1
STU4068,20,Male,Electronics & Comm,4,8.2,79.9,0,4,3,0,63,1,0,0,1,0,0,0,66.6,65.5,1
STU4069,21,Male,Mechanical Eng,4,9.36,87.4,0,1,2,0,32,0,0,0,0,0,1,1,71.7,71.1,1
STU4070,21,Female,Civil Eng,3,6.73,84.2,0,3,2,4,94,0,0,1,0,0,0,0,74.4,63.0,1
STU4071,21,Male,Electrical Eng,3,6.64,100.0,1,2,4,2,5,0,0,0,0,0,0,1,69.6,79.8,1
STU4072,20,Male,Electronics & Comm,4,5.0,70.8,2,1,1,2,62,1,0,0,0,0,0,0,21.4,74.9,0
STU4073,20,Female,Information Technology,4,7.28,80.5,1,0,3,1,167,1,1,1,1,1,0,1,67.2,98.7,1
STU4074,21,Male,Civil Eng,4,8.59,93.5,0,0,3,0,11,1,1,0,1,0,1,1,60.8,75.5,1
STU4075,22,Female,Computer Science,4,6.93,92.9,0,1,3,1,81,1,1,1,0,0,0,0,68.4,53.8,1
STU4076,22,Female,Computer Science,3,9.96,58.5,0,1,4,2,78,1,1,1,1,0,0,1,82.9,62.6,1
STU4077,20,Male,Information Technology,4,7.32,78.0,1,2,3,3,50,1,0,1,1,0,0,1,53.0,57.4,1
STU4078,20,Male,Computer Science,4,7.76,92.8,0,2,1,2,159,1,1,1,0,1,1,1,69.0,65.1,1
STU4079,22,Female,Civil Eng,4,6.1,100.0,0,0,2,4,41,0,1,0,0,1,1,1,74.7,81.5,1
STU4080,21,Female,Electronics & Comm,3,7.92,85.0,0,1,2,0,4,1,1,0,0,1,0,0,63.7,60.1,1
STU4081,22,Female,Electronics & Comm,3,5.42,74.3,1,1,0,0,124,1,0,0,1,1,0,1,49.7,56.5,0
STU4082,20,Female,Electronics & Comm,3,8.36,67.9,0,0,4,1,15,1,1,0,1,0,1,1,51.1,72.7,1
STU4083,21,Male,Information Technology,4,8.4,100.0,0,1,0,3,116,1,0,1,1,0,0,0,67.5,52.8,1
STU4084,21,Female,Computer Science,3,9.1,85.3,0,2,3,3,99,1,0,0,1,1,0,1,59.3,51.9,1
STU4085,21,Male,Electronics & Comm,3,6.48,69.5,2,1,3,0,6,0,0,1,0,0,1,1,41.0,70.7,0
STU4086,20,Male,Electrical Eng,4,7.78,76.0,0,0,4,0,42,0,0,0,0,0,0,1,56.8,38.1,1
STU4087,19,Male,Information Technology,3,8.22,81.1,0,1,2,3,268,1,0,1,1,1,0,1,49.8,57.8,1
STU4088,21,Male,Electrical Eng,3,8.09,83.4,0,0,3,4,4,1,1,0,0,1,0,1,78.5,77.8,1
STU4089,20,Female,Computer Science,3,6.65,69.0,0,1,1,3,92,1,1,1,1,1,0,0,47.2,37.5,1
STU4090,21,Male,Computer Science,3,5.0,71.9,1,0,3,1,159,0,1,1,1,0,0,0,87.9,38.6,1
STU4091,22,Male,Computer Science,4,7.98,61.5,0,2,2,2,32,1,0,0,1,0,0,0,98.2,43.5,1
STU4092,20,Male,Information Technology,4,7.43,88.4,0,0,4,3,91,1,1,1,1,0,0,1,57.6,24.0,1
STU4093,21,Female,Mechanical Eng,4,6.98,74.6,0,1,1,1,22,0,0,0,1,0,0,0,59.4,93.4,1
STU4094,20,Female,Mechanical Eng,4,8.44,82.7,0,0,1,2,3,1,0,0,0,0,0,0,81.2,66.8,1
STU4095,21,Male,Information Technology,4,7.55,92.2,0,3,2,1,5,1,1,1,1,0,0,1,83.2,54.9,1
STU4096,23,Male,Electronics & Comm,4,6.15,80.2,1,1,3,1,3,1,1,0,1,1,0,1,61.1,45.6,1
STU4097,20,Male,Electrical Eng,3,5.48,76.9,1,2,3,7,73,1,0,0,1,1,1,1,61.8,98.0,1
STU4098,19,Female,Computer Science,3,6.36,79.9,0,2,1,5,141,1,0,0,0,1,1,1,62.0,74.8,1
STU4099,20,Female,Computer Science,4,10.0,78.6,0,1,1,2,12,1,1,1,0,1,0,1,56.1,63.1,1
STU4100,19,Male,Civil Eng,3,8.4,90.5,3,2,1,0,81,1,0,0,0,1,0,1,80.8,83.3,1
STU4101,21,Female,Electronics & Comm,3,7.81,81.1,0,0,2,3,8,1,0,1,0,0,0,1,70.2,70.8,1
STU4102,22,Male,Civil Eng,4,7.4,72.6,0,1,2,1,12,1,0,0,0,1,0,1,57.8,57.5,1
STU4103,20,Female,Information Technology,4,7.33,88.5,0,0,2,1,136,1,1,1,0,1,0,1,68.9,55.9,1
STU4104,20,Male,Electrical Eng,3,8.88,90.3,0,2,3,1,19,1,1,0,1,0,0,1,62.7,56.1,1
STU4105,20,Male,Computer Science,3,7.06,64.6,2,3,2,2,124,1,1,1,0,0,1,1,100.0,49.8,1
STU4106,21,Male,Computer Science,4,8.23,93.3,1,2,5,0,150,1,1,1,0,1,0,1,64.5,81.7,1
STU4107,19,Male,Electronics & Comm,4,7.22,81.6,1,0,1,2,71,1,0,1,1,0,0,1,78.4,57.2,1
STU4108,21,Female,Information Technology,3,9.73,80.8,2,1,2,0,89,1,0,0,1,0,1,1,74.1,85.3,1
STU4109,21,Male,Computer Science,4,8.42,88.1,0,1,2,5,37,1,0,1,1,1,0,0,65.9,52.6,1
STU4110,21,Female,Computer Science,4,8.97,72.3,0,0,1,5,50,1,1,1,1,0,1,1,74.2,56.0,1
STU4111,20,Female,Computer Science,4,6.96,87.5,1,0,2,3,300,1,1,0,1,1,1,1,70.9,58.2,1
STU4112,21,Male,Electrical Eng,3,8.76,74.2,0,1,2,2,104,1,1,0,0,0,1,0,100.0,51.5,1
STU4113,19,Male,Information Technology,3,7.26,63.3,3,4,1,1,56,1,1,1,1,1,1,0,66.6,56.2,1
STU4114,20,Male,Computer Science,4,7.72,68.0,0,1,2,3,258,1,0,1,1,1,0,1,31.5,73.3,1
STU4115,22,Female,Computer Science,4,9.4,83.7,0,1,2,6,156,1,1,0,1,1,0,1,98.6,83.0,1
STU4116,21,Male,Computer Science,3,6.45,68.5,5,1,1,1,208,1,1,1,1,0,0,0,60.9,69.5,0
STU4117,19,Male,Electronics & Comm,4,7.82,94.1,0,1,2,2,19,0,1,0,0,0,0,1,69.2,47.1,1
STU4118,20,Male,Computer Science,3,8.08,89.9,0,3,2,1,175,1,1,1,1,0,0,1,60.4,56.0,1
STU4119,20,Female,Electrical Eng,3,8.17,91.3,0,1,1,1,64,0,1,1,0,0,0,1,59.6,56.3,1
STU4120,20,Male,Computer Science,4,7.1,79.2,0,0,1,2,9,0,0,0,1,0,1,1,52.3,90.5,1
STU4121,20,Male,Computer Science,3,9.89,80.6,2,1,3,6,300,1,1,1,1,1,1,1,40.0,79.8,1
STU4122,19,Male,Mechanical Eng,4,6.18,66.1,1,4,3,1,127,0,1,1,0,0,1,1,58.0,83.2,1
STU4123,21,Female,Electrical Eng,4,9.2,88.0,0,1,5,2,11,1,0,0,1,0,0,1,75.2,54.4,1
STU4124,21,Female,Computer Science,4,8.94,81.8,0,1,0,6,141,1,1,1,1,0,0,0,45.0,45.9,1
STU4125,21,Male,Mechanical Eng,4,9.69,83.7,1,0,1,2,1,0,1,1,0,0,1,1,75.1,73.6,1
STU4126,21,Female,Information Technology,4,5.85,94.9,2,0,0,4,201,1,1,1,1,0,1,0,100.0,58.1,0
STU4127,19,Female,Mechanical Eng,3,6.64,71.9,0,2,2,0,19,1,0,0,0,1,0,1,72.0,69.4,1
STU4128,22,Female,Electronics & Comm,4,9.24,76.7,0,0,2,6,4,1,1,1,0,0,0,1,48.5,71.2,1
STU4129,21,Female,Electronics & Comm,4,5.54,81.3,3,0,2,1,0,0,0,0,1,0,1,1,73.6,59.1,0
STU4130,21,Male,Civil Eng,3,5.83,68.6,3,1,3,7,34,1,0,1,0,0,0,1,81.4,80.1,0
STU4131,21,Male,Computer Science,3,7.06,76.1,0,3,3,1,116,1,1,0,1,0,0,1,86.3,43.1,1
STU4132,22,Female,Electronics & Comm,3,7.81,82.9,0,0,6,2,1,0,1,0,1,0,1,1,70.6,66.6,1
STU4133,21,Male,Information Technology,4,9.35,74.7,1,2,1,1,56,1,1,1,1,0,1,1,76.5,75.2,1
STU4134,20,Female,Computer Science,4,7.4,91.1,0,0,0,2,22,1,1,1,1,0,0,1,79.9,90.5,1
STU4135,21,Male,Computer Science,4,6.93,62.9,2,2,1,1,133,1,1,0,1,0,0,0,76.4,67.0,0
STU4136,21,Female,Computer Science,4,7.94,89.2,0,4,0,7,6,1,1,0,1,0,0,1,72.5,83.9,1
STU4137,21,Female,Electronics & Comm,4,8.12,84.6,0,0,4,1,12,1,1,0,0,0,0,1,59.1,82.9,1
STU4138,21,Male,Electronics & Comm,4,8.09,72.3,0,0,1,3,10,1,0,0,0,0,1,0,81.4,100.0,1
STU4139,19,Male,Electronics & Comm,4,7.4,68.8,2,0,2,0,90,0,0,1,1,0,0,1,60.5,69.9,1
STU4140,20,Female,Computer Science,4,5.45,57.2,1,2,1,4,173,1,0,1,1,0,0,0,100.0,95.8,1
STU4141,22,Female,Information Technology,4,6.59,70.0,0,0,1,2,60,1,0,0,0,0,1,0,59.0,77.2,0
STU4142,21,Male,Civil Eng,4,9.16,88.5,0,0,1,7,65,0,0,0,1,0,1,1,79.2,42.0,1
STU4143,21,Female,Information Technology,4,7.81,77.4,1,0,2,2,119,1,0,0,1,0,0,0,50.1,65.4,1
STU4144,20,Male,Electronics & Comm,4,7.25,89.6,0,1,2,1,1,1,0,1,0,1,0,0,61.3,51.3,1
STU4145,20,Male,Electrical Eng,4,8.83,71.8,0,0,5,1,3,0,1,0,0,0,0,1,59.8,88.0,1
STU4146,22,Female,Electrical Eng,4,6.36,85.1,2,2,2,3,5,1,1,0,0,0,1,0,48.9,67.5,1
STU4147,21,Female,Electronics & Comm,4,7.35,70.8,0,2,2,3,89,0,1,0,0,0,0,1,60.0,45.2,1
STU4148,21,Female,Mechanical Eng,4,7.75,68.3,0,1,0,3,21,1,1,1,0,0,1,0,73.0,78.2,1
STU4149,21,Female,Information Technology,4,7.11,76.9,0,1,4,0,25,1,1,0,1,0,0,1,64.5,84.8,1
STU4150,21,Male,Mechanical Eng,4,7.71,71.4,0,1,0,2,33,0,0,1,0,0,0,1,84.7,59.0,1
STU4151,20,Female,Computer Science,3,7.39,62.6,0,2,4,6,300,1,1,1,1,0,0,1,55.0,58.3,1
STU4152,21,Male,Computer Science,3,6.06,76.2,3,1,2,0,40,1,1,1,0,1,1,1,77.8,68.0,0
STU4153,20,Male,Computer Science,4,7.8,79.1,2,1,1,0,11,1,1,1,0,0,0,0,59.7,37.8,0
STU4154,20,Male,Electrical Eng,4,6.14,90.7,1,1,2,3,57,1,0,0,1,0,0,0,83.8,75.6,0
STU4155,21,Male,Information Technology,4,7.78,87.4,0,1,6,1,100,1,0,0,0,1,0,1,79.0,90.4,1
STU4156,22,Male,Computer Science,4,9.11,90.2,0,0,1,3,17,1,1,1,1,0,0,0,82.2,55.2,1
STU4157,19,Male,Computer Science,4,7.29,85.2,0,0,1,2,136,1,0,1,1,1,0,0,65.7,92.6,1
STU4158,21,Male,Mechanical Eng,3,6.31,81.3,0,0,1,8,32,1,1,1,0,1,0,0,86.6,79.9,1
STU4159,20,Male,Mechanical Eng,3,7.46,65.7,0,1,2,5,17,1,0,0,1,1,0,1,44.8,63.8,1
STU4160,20,Female,Electronics & Comm,4,6.68,79.5,0,1,0,3,1,0,1,0,0,0,0,1,74.2,74.5,1
STU4161,19,Male,Electronics & Comm,3,8.25,84.0,0,1,3,1,25,1,1,1,0,0,0,1,69.9,89.0,1
STU4162,20,Male,Information Technology,4,7.44,92.6,0,1,4,1,121,1,0,1,1,0,0,1,79.7,67.1,1
STU4163,21,Female,Information Technology,4,9.48,84.9,0,2,4,5,8,1,1,1,0,1,0,0,66.9,70.9,1
STU4164,19,Female,Mechanical Eng,4,8.88,90.4,0,0,1,2,58,1,1,1,0,1,1,1,54.2,57.0,1
STU4165,21,Female,Computer Science,4,7.43,67.7,0,1,2,4,108,1,1,0,1,0,0,1,52.7,63.2,1
STU4166,22,Male,Information Technology,4,8.39,74.7,0,1,0,2,283,1,1,1,1,1,0,1,67.8,75.5,1
STU4167,20,Female,Information Technology,3,7.17,82.3,0,1,2,0,16,1,1,1,0,0,0,0,64.4,62.3,1
STU4168,21,Male,Information Technology,4,7.64,89.6,0,1,3,1,12,1,1,1,0,0,0,1,80.0,57.4,1
STU4169,20,Male,Information Technology,4,7.2,76.5,0,2,2,1,58,0,1,0,0,0,0,1,81.4,82.3,1
STU4170,21,Male,Electronics & Comm,3,8.44,77.2,0,0,4,4,8,1,0,1,1,1,0,1,68.7,72.2,1
STU4171,20,Female,Computer Science,3,9.18,84.9,1,2,3,3,300,1,1,1,1,1,0,1,68.4,57.8,1
STU4172,20,Male,Electronics & Comm,3,8.48,66.7,0,2,1,0,61,1,1,1,0,1,0,1,82.9,91.3,1
STU4173,20,Male,Computer Science,3,8.61,94.1,0,1,2,3,35,1,0,1,1,0,0,0,64.6,96.7,1
STU4174,19,Male,Computer Science,4,8.62,69.2,1,2,0,4,215,1,1,1,1,0,1,1,65.1,80.2,1
STU4175,20,Female,Computer Science,4,8.21,58.8,0,1,2,3,119,1,1,1,1,0,1,0,49.5,47.1,1
STU4176,21,Female,Electrical Eng,4,6.35,78.1,0,1,1,2,27,1,0,1,1,1,0,1,80.3,71.1,1
STU4177,22,Male,Information Technology,4,9.47,95.0,0,3,4,1,201,1,1,1,1,1,0,1,66.7,73.8,1
STU4178,21,Female,Electronics & Comm,4,9.58,83.9,0,0,2,5,157,1,1,0,1,0,1,1,83.9,41.2,1
STU4179,21,Male,Electrical Eng,3,7.34,85.5,0,0,3,2,30,0,0,1,1,0,0,1,51.1,82.9,1
STU4180,20,Female,Electronics & Comm,4,7.19,78.4,0,0,3,4,46,1,0,1,0,0,0,1,61.1,68.1,1
STU4181,20,Male,Information Technology,4,8.27,76.5,0,1,3,4,153,1,1,1,1,0,1,1,81.2,81.8,1
STU4182,20,Female,Information Technology,4,8.21,62.6,0,0,3,4,83,1,1,1,1,1,1,1,72.6,60.4,1
STU4183,20,Male,Information Technology,4,7.38,55.4,0,2,1,8,281,1,1,0,0,0,1,1,51.4,72.3,1
STU4184,21,Female,Electronics & Comm,4,6.22,80.0,3,1,3,3,2,1,0,1,0,1,0,0,80.9,73.0,0
STU4185,21,Male,Information Technology,3,7.94,91.1,1,2,2,0,5,1,1,0,1,0,0,1,49.7,67.8,1
STU4186,20,Male,Mechanical Eng,4,8.21,81.4,0,0,2,1,8,1,0,0,1,0,0,1,79.6,72.4,1
STU4187,20,Male,Mechanical Eng,4,8.4,84.2,0,0,0,0,24,0,0,1,0,0,0,0,54.3,62.9,1
STU4188,21,Female,Computer Science,3,7.98,93.8,0,0,1,1,190,1,0,1,1,0,0,0,85.0,47.3,1
STU4189,21,Male,Computer Science,4,7.3,81.3,0,0,4,0,152,1,1,1,0,0,0,0,69.6,34.4,1
STU4190,20,Female,Electronics & Comm,4,8.69,76.8,0,1,1,2,28,0,1,1,0,0,0,0,72.8,55.7,1
STU4191,22,Male,Information Technology,3,7.67,69.8,0,3,2,0,87,1,1,0,1,0,1,1,66.9,76.9,1
STU4192,22,Female,Computer Science,4,7.09,98.2,3,1,1,2,27,1,1,1,1,1,0,0,69.2,49.4,1
STU4193,20,Female,Mechanical Eng,3,7.4,83.3,0,1,1,5,77,0,1,1,0,0,0,1,69.2,80.9,1
STU4194,20,Female,Computer Science,4,5.68,68.6,1,1,1,3,23,1,1,0,1,0,0,1,77.9,85.9,0
STU4195,21,Female,Civil Eng,3,7.4,66.3,0,0,2,6,161,1,1,1,0,0,1,1,67.1,72.1,1
STU4196,22,Female,Electrical Eng,4,8.36,90.5,0,1,4,1,26,0,0,1,0,0,1,0,88.5,62.5,1
STU4197,22,Male,Electrical Eng,3,7.97,67.6,0,0,2,2,8,1,1,0,0,1,0,1,57.7,80.4,0
STU4198,20,Female,Computer Science,3,9.27,96.5,1,2,2,1,188,1,1,1,1,0,1,1,80.0,82.4,1
STU4199,20,Male,Computer Science,3,7.31,50.4,0,2,2,2,45,1,1,1,1,1,0,1,75.9,61.6,1
STU4200,21,Female,Electronics & Comm,4,8.14,92.2,5,1,2,2,7,1,0,1,1,0,1,1,85.3,66.3,1
STU4201,21,Female,Computer Science,4,8.47,82.9,0,1,4,0,64,1,1,1,1,0,0,1,69.7,52.8,1
STU4202,20,Male,Information Technology,4,10.0,79.2,0,0,2,1,53,1,1,1,0,0,1,1,72.6,69.3,1
STU4203,22,Male,Information Technology,4,7.76,76.2,0,1,2,3,221,1,1,1,1,0,0,1,72.5,34.0,1
STU4204,21,Male,Computer Science,4,6.45,96.9,2,2,2,3,57,1,1,1,1,1,1,1,51.0,60.6,1
STU4205,21,Female,Computer Science,3,8.53,85.1,0,2,3,2,29,0,1,1,1,0,1,0,73.5,52.2,1
STU4206,22,Female,Electrical Eng,4,9.65,69.0,0,0,2,1,34,1,1,1,0,1,0,1,100.0,63.7,1
STU4207,21,Female,Computer Science,3,7.25,60.8,0,0,1,2,300,1,0,1,1,0,1,0,90.5,53.1,1
STU4208,20,Female,Computer Science,4,8.53,79.8,2,1,1,0,94,1,1,1,1,0,1,1,57.1,36.3,1
STU4209,21,Female,Electronics & Comm,4,8.95,78.0,0,3,4,6,1,0,1,1,0,0,1,1,42.8,55.2,1
STU4210,20,Male,Civil Eng,4,8.72,62.8,0,3,3,4,53,1,1,0,0,0,1,1,68.7,57.9,1
STU4211,21,Male,Information Technology,3,7.74,77.4,0,1,0,0,5,1,0,1,0,0,0,1,83.2,81.0,1
STU4212,20,Female,Computer Science,4,6.83,72.3,0,2,3,1,7,1,1,1,1,1,0,0,67.5,55.4,1
STU4213,21,Female,Electronics & Comm,3,7.51,78.1,0,3,2,2,4,1,1,1,0,0,0,1,94.4,52.3,1
STU4214,20,Female,Mechanical Eng,3,8.1,85.3,0,0,2,1,9,1,1,1,0,0,1,1,57.1,47.1,1
STU4215,20,Male,Electrical Eng,3,8.6,92.9,0,2,0,6,68,0,1,1,0,0,1,1,71.1,82.1,1
STU4216,20,Male,Electronics & Comm,4,7.97,87.1,0,0,3,3,26,0,1,1,0,0,0,1,66.5,61.7,1
STU4217,19,Male,Information Technology,4,7.18,70.8,1,0,1,1,171,1,1,1,0,0,1,1,78.2,69.1,1
STU4218,21,Male,Electronics & Comm,3,8.21,81.7,0,0,3,0,300,1,0,1,0,0,0,1,79.2,41.8,1
STU4219,21,Male,Computer Science,3,8.55,78.6,0,1,0,4,52,1,1,1,1,0,1,1,84.6,38.7,1
STU4220,21,Female,Electronics & Comm,4,8.02,64.7,0,2,3,2,12,0,1,1,0,1,0,0,66.3,51.5,1
STU4221,20,Male,Electrical Eng,4,6.68,82.0,0,1,0,3,11,0,0,0,0,0,0,1,85.6,89.3,1
STU4222,19,Female,Civil Eng,3,7.4,96.6,0,0,1,1,12,0,1,1,0,0,0,0,72.8,48.6,1
STU4223,19,Male,Computer Science,3,8.64,78.3,0,0,1,0,80,1,1,1,1,1,0,1,87.0,55.6,1
STU4224,20,Female,Computer Science,4,6.08,62.1,2,1,1,3,2,1,1,1,1,0,0,1,89.0,65.2,0
STU4225,22,Male,Electronics & Comm,4,5.3,78.3,0,1,2,2,49,1,1,1,1,0,1,1,68.3,55.6,1
STU4226,20,Male,Electrical Eng,4,9.26,65.9,0,1,1,1,128,1,0,1,0,1,0,1,58.6,72.2,1
STU4227,20,Male,Electrical Eng,4,8.16,86.6,0,0,6,0,69,0,0,1,0,0,0,1,70.9,52.5,1
STU4228,20,Female,Computer Science,3,8.27,83.2,0,2,2,2,79,1,0,1,1,1,0,1,81.9,48.5,1
STU4229,20,Female,Computer Science,3,6.42,76.3,1,2,2,3,182,0,1,1,1,0,0,1,46.9,100.0,1
STU4230,21,Male,Electronics & Comm,3,8.41,74.7,1,1,1,1,8,0,0,1,1,1,0,1,61.1,50.9,1
STU4231,21,Male,Information Technology,3,7.9,75.9,0,1,2,3,149,1,0,0,0,1,0,1,77.6,76.9,1
STU4232,20,Female,Mechanical Eng,4,5.86,78.1,2,3,1,1,121,1,1,1,0,1,0,0,31.8,50.9,1
STU4233,19,Male,Information Technology,4,9.17,70.3,1,1,3,1,18,1,1,1,1,1,1,1,53.5,41.9,1
STU4234,20,Male,Electrical Eng,4,7.77,64.1,1,1,2,3,7,0,1,0,0,0,0,0,59.4,63.6,1
STU4235,20,Female,Electronics & Comm,3,7.16,89.4,0,1,3,3,14,0,0,1,0,0,1,1,66.8,44.9,1
STU4236,20,Female,Electrical Eng,4,7.18,74.1,0,0,2,1,36,1,1,1,1,1,0,1,63.5,59.1,1
STU4237,22,Male,Information Technology,4,5.38,79.7,3,1,6,0,137,0,1,1,1,0,1,1,63.8,53.1,0
STU4238,21,Male,Mechanical Eng,3,8.25,80.9,0,2,1,0,5,0,0,1,1,0,0,0,49.4,83.8,1
STU4239,21,Female,Computer Science,4,7.89,81.2,0,0,0,4,35,1,1,1,1,1,0,1,92.8,41.9,1
STU4240,20,Male,Electronics & Comm,3,7.39,66.3,2,2,2,0,124,1,1,0,0,1,0,1,59.5,75.1,1
STU4241,20,Male,Computer Science,3,9.01,61.2,0,1,5,0,12,1,1,0,1,0,1,1,41.4,69.3,1
STU4242,21,Female,Information Technology,4,6.08,72.1,1,1,3,1,140,1,1,1,1,1,0,1,83.9,61.6,1
STU4243,21,Female,Information Technology,4,6.94,82.0,0,1,0,2,67,1,1,1,1,0,0,1,57.1,53.6,1
STU4244,21,Male,Computer Science,3,6.66,70.7,1,1,2,4,260,1,1,1,1,1,0,1,51.0,67.6,1
STU4245,20,Other,Civil Eng,3,7.29,74.5,0,2,4,1,54,0,0,0,1,1,0,1,77.5,68.4,1
STU4246,21,Female,Computer Science,4,7.67,99.3,0,1,0,2,67,1,0,1,1,0,1,1,60.7,70.9,1
STU4247,20,Male,Electrical Eng,4,8.07,59.5,0,2,1,0,10,1,1,1,0,0,0,1,70.4,61.0,1
STU4248,22,Other,Civil Eng,4,7.22,70.4,0,1,3,2,0,1,0,1,1,0,0,1,59.1,47.8,1
STU4249,21,Male,Computer Science,3,6.63,97.0,1,1,4,1,170,1,0,1,1,1,1,0,61.5,78.2,1
STU4250,21,Male,Electronics & Comm,3,9.45,77.6,0,4,3,1,76,0,0,0,0,0,0,1,54.1,64.9,1
STU4251,20,Female,Computer Science,3,10.0,70.9,0,0,6,1,48,1,1,1,1,1,0,1,51.0,55.8,1
STU4252,21,Male,Computer Science,3,7.76,89.7,1,2,0,3,150,1,1,0,1,1,1,0,100.0,50.0,1
STU4253,20,Male,Information Technology,3,6.77,78.6,0,0,2,3,89,1,1,1,1,1,0,1,56.4,78.8,1
STU4254,20,Male,Civil Eng,3,9.22,74.5,0,2,3,2,12,1,1,1,0,0,1,1,47.5,85.8,1
STU4255,20,Male,Computer Science,4,6.01,79.9,0,1,3,0,24,1,1,1,0,1,0,0,83.8,73.6,1
STU4256,21,Female,Electronics & Comm,3,7.23,71.4,1,3,3,1,53,1,0,1,0,0,0,1,71.7,74.6,1
STU4257,20,Female,Electronics & Comm,4,6.83,67.8,0,2,4,2,28,0,0,0,1,0,1,0,68.2,82.6,1
STU4258,20,Other,Mechanical Eng,3,6.32,76.9,1,0,2,4,4,1,0,0,0,0,0,1,61.2,59.6,0
STU4259,22,Male,Computer Science,4,7.29,67.9,0,0,0,7,28,1,1,1,1,0,0,0,62.3,97.0,1
STU4260,20,Male,Electronics & Comm,3,6.65,78.1,0,1,2,3,10,1,1,0,0,0,0,1,63.8,49.1,1
STU4261,21,Male,Electronics & Comm,4,7.61,81.5,0,1,3,1,4,1,0,1,0,0,0,1,83.9,61.3,1
STU4262,20,Male,Electronics & Comm,3,7.63,86.5,1,0,1,3,26,0,0,0,0,1,0,0,64.5,53.4,0
STU4263,19,Male,Civil Eng,4,6.92,89.3,0,0,3,1,3,0,0,0,0,0,0,1,84.0,66.0,1
STU4264,21,Female,Mechanical Eng,4,7.19,73.9,0,1,1,3,40,1,0,0,1,1,0,1,67.2,91.0,1
STU4265,19,Female,Computer Science,4,7.35,83.0,0,0,0,1,191,1,0,1,1,0,1,1,65.1,61.4,1
STU4266,21,Female,Information Technology,3,8.49,82.9,0,2,2,1,50,1,1,1,1,0,1,1,53.7,71.3,1
STU4267,21,Male,Information Technology,4,7.44,81.3,0,2,3,0,6,1,1,1,0,0,1,1,98.0,21.4,1
STU4268,21,Female,Information Technology,4,8.51,73.2,1,2,2,2,56,1,1,1,1,0,1,0,68.2,71.4,1
STU4269,21,Male,Information Technology,3,8.24,67.7,0,0,3,2,13,1,1,1,1,1,1,0,68.0,80.0,1
STU4270,20,Male,Information Technology,4,8.23,83.0,0,0,2,4,94,1,1,1,1,0,1,1,94.0,66.8,1
STU4271,19,Female,Information Technology,4,9.13,60.9,0,1,1,4,4,1,1,1,0,1,1,1,73.8,49.0,1
STU4272,21,Female,Civil Eng,4,6.37,75.3,3,4,0,9,55,1,1,0,1,0,1,0,75.4,47.0,0
STU4273,21,Male,Computer Science,4,7.08,52.5,0,0,3,0,8,1,0,1,1,0,1,1,68.8,56.7,1
STU4274,21,Male,Civil Eng,4,9.54,64.6,1,0,2,2,7,1,1,0,1,0,1,1,57.2,46.9,1
STU4275,21,Male,Information Technology,4,7.32,69.2,3,0,4,2,291,1,0,1,1,0,0,1,85.0,88.6,1
STU4276,21,Female,Electronics & Comm,4,5.0,89.0,4,1,2,4,79,0,0,1,1,1,0,1,48.2,72.0,0
STU4277,21,Male,Mechanical Eng,4,7.38,84.9,1,1,2,1,16,1,0,0,0,1,0,0,54.3,86.7,1
STU4278,20,Other,Information Technology,4,7.75,72.5,0,0,2,0,25,1,0,0,1,0,0,1,57.1,60.7,1
STU4279,21,Male,Information Technology,4,5.0,85.3,3,1,1,1,218,1,0,0,1,0,0,1,71.5,53.5,1
STU4280,21,Male,Information Technology,4,9.07,86.9,0,1,2,8,231,1,1,1,1,0,0,1,67.8,54.5,1
STU4281,20,Male,Information Technology,3,6.81,76.4,1,1,2,5,173,0,1,0,0,0,0,1,41.9,58.1,1
STU4282,22,Male,Civil Eng,4,7.96,64.2,0,1,3,1,16,1,0,0,1,1,0,1,100.0,57.6,1
STU4283,22,Male,Mechanical Eng,3,7.35,75.9,0,2,1,4,14,1,0,0,1,0,1,0,78.6,83.3,1
STU4284,21,Female,Computer Science,3,6.18,77.0,0,1,1,0,8,1,0,1,1,0,0,1,61.1,78.7,1
STU4285,19,Female,Computer Science,3,6.42,65.7,3,1,0,1,204,1,0,1,1,0,0,1,74.1,69.1,0
STU4286,20,Female,Information Technology,4,6.57,81.7,0,2,1,3,188,1,1,1,1,0,0,0,74.3,40.1,1
STU4287,21,Female,Computer Science,3,8.79,80.8,0,2,2,1,51,1,0,1,0,1,0,0,63.4,69.4,1
STU4288,22,Female,Electronics & Comm,4,7.44,82.5,1,1,5,1,12,0,0,1,0,0,0,1,73.5,60.3,1
STU4289,20,Female,Computer Science,4,7.03,80.8,0,0,3,4,93,1,1,1,0,1,1,1,73.7,86.1,1
STU4290,19,Female,Electronics & Comm,3,6.57,85.3,0,2,3,2,110,1,0,0,1,0,0,1,83.3,78.4,1
STU4291,22,Male,Computer Science,3,8.92,76.2,0,0,2,8,118,0,1,1,1,0,0,1,69.0,67.1,1
STU4292,20,Male,Information Technology,4,9.21,80.0,0,3,1,0,86,1,1,0,0,0,0,1,72.5,33.5,1
STU4293,21,Male,Electronics & Comm,4,8.9,74.0,0,0,1,1,62,1,0,0,1,1,1,1,65.1,63.0,1
STU4294,22,Male,Information Technology,4,8.14,72.2,3,3,1,1,27,1,1,1,1,1,0,1,61.9,55.2,0
STU4295,19,Male,Civil Eng,4,7.92,91.4,0,1,2,5,3,0,1,1,1,1,0,1,57.2,71.1,1
STU4296,21,Female,Mechanical Eng,4,6.26,57.6,1,2,2,1,27,0,0,1,0,0,0,1,56.7,47.9,0
STU4297,19,Male,Information Technology,4,7.33,86.8,0,1,4,1,11,1,1,1,0,0,1,1,61.5,68.9,1
STU4298,20,Male,Computer Science,4,6.85,71.8,3,4,6,0,19,1,1,1,1,0,0,0,64.7,31.7,1
STU4299,21,Male,Mechanical Eng,4,5.59,70.5,1,0,2,3,18,0,1,0,0,0,0,0,82.1,44.2,0
STU4300,20,Male,Mechanical Eng,4,8.76,80.6,0,0,3,1,127,1,0,0,0,1,0,1,62.7,51.8,1
STU4301,23,Male,Mechanical Eng,3,6.83,63.1,0,0,3,0,59,1,1,0,0,1,0,1,63.3,56.8,1
STU4302,21,Male,Computer Science,4,8.92,69.8,1,3,1,2,86,1,1,1,1,0,1,0,63.9,70.8,1
STU4303,20,Male,Civil Eng,4,8.57,69.5,1,1,4,1,5,1,0,0,0,0,0,1,67.3,40.2,1
STU4304,20,Male,Computer Science,4,8.21,75.8,0,1,1,1,147,0,1,1,1,1,0,0,91.8,55.4,1
STU4305,20,Female,Electrical Eng,3,8.27,70.0,0,1,3,0,45,0,0,1,1,0,0,1,62.7,55.8,1
STU4306,20,Female,Mechanical Eng,4,6.92,94.0,0,2,2,5,71,1,1,1,0,1,1,1,75.9,75.3,1
STU4307,19,Male,Computer Science,3,9.64,96.0,0,1,2,0,12,1,1,1,1,0,0,1,72.9,62.1,1
STU4308,20,Male,Mechanical Eng,3,7.65,57.8,0,1,2,0,6,1,1,0,0,0,1,1,68.9,50.5,1
STU4309,21,Male,Information Technology,3,7.93,83.4,0,1,4,1,168,1,0,1,1,1,0,1,54.6,48.8,1
STU4310,21,Female,Civil Eng,4,6.89,86.6,0,2,1,6,2,0,1,0,0,0,1,1,75.3,56.7,1
STU4311,21,Male,Computer Science,3,6.58,83.4,1,0,0,0,16,1,1,1,0,1,1,1,41.0,40.3,0
STU4312,21,Male,Civil Eng,3,8.13,71.4,0,0,2,4,69,0,0,0,0,0,0,1,53.7,89.4,1
STU4313,19,Female,Computer Science,3,7.84,75.6,0,0,0,5,77,1,1,1,1,1,0,1,60.4,64.9,1
STU4314,20,Male,Electrical Eng,4,6.73,70.5,0,1,3,1,32,0,0,0,1,0,1,1,64.9,51.3,1
STU4315,21,Male,Electronics & Comm,3,6.02,73.8,0,1,3,1,24,0,1,0,1,0,0,1,69.2,49.2,1
STU4316,21,Male,Information Technology,3,6.2,65.9,1,1,4,3,102,1,1,0,1,0,0,0,87.5,46.9,1
STU4317,19,Female,Computer Science,4,8.92,76.9,0,3,3,3,86,1,1,1,0,1,1,1,76.8,70.6,1
STU4318,21,Female,Electrical Eng,4,6.93,63.0,0,0,4,3,28,1,1,1,0,0,0,1,70.4,40.2,0
STU4319,21,Female,Computer Science,3,7.23,76.0,2,2,3,4,43,1,1,1,0,1,1,1,63.3,62.3,1
STU4320,21,Male,Electronics & Comm,3,9.2,65.5,1,1,4,1,47,1,0,0,0,0,0,1,63.4,73.6,1
STU4321,19,Male,Computer Science,3,6.37,80.1,0,0,1,3,3,0,1,0,0,0,1,1,52.1,56.2,1
STU4322,21,Female,Civil Eng,4,6.8,71.2,2,1,2,0,41,1,1,1,0,1,0,1,38.5,49.8,0
STU4323,21,Female,Computer Science,4,6.75,80.9,0,3,6,2,48,1,1,1,1,0,0,0,50.1,77.6,1
STU4324,21,Male,Computer Science,4,9.38,88.8,0,0,3,2,81,1,1,1,0,0,0,1,84.4,48.0,1
STU4325,21,Female,Computer Science,3,9.79,93.9,0,1,4,1,3,1,1,1,0,1,0,1,58.0,60.8,1
STU4326,21,Male,Information Technology,4,8.43,52.7,0,0,0,0,75,1,1,1,1,1,1,1,60.7,66.7,1
STU4327,21,Male,Computer Science,3,8.46,69.7,1,0,4,1,33,1,0,1,0,0,0,0,82.3,55.9,1
STU4328,20,Female,Information Technology,3,6.96,75.0,0,1,3,2,196,0,1,1,1,0,1,0,31.0,47.0,1
STU4329,21,Male,Mechanical Eng,4,9.74,82.6,0,2,1,5,49,1,1,1,0,0,0,0,59.8,56.6,1
STU4330,21,Female,Electrical Eng,4,7.89,61.5,0,2,0,2,23,1,1,0,1,1,1,0,52.6,70.1,1
STU4331,21,Male,Electronics & Comm,3,8.54,68.2,1,1,1,3,68,0,1,1,0,0,0,1,72.1,54.1,1
STU4332,20,Male,Computer Science,4,7.48,79.3,1,2,4,1,130,1,1,1,1,1,0,1,75.8,71.8,1
STU4333,20,Female,Electronics & Comm,4,7.31,78.8,0,0,3,0,111,0,1,0,0,0,1,1,76.0,61.2,1
STU4334,22,Female,Computer Science,4,9.43,81.8,0,2,4,1,58,1,1,1,0,1,0,1,89.1,55.9,1
STU4335,21,Male,Electrical Eng,4,8.19,82.4,0,1,2,1,17,1,1,1,0,0,0,1,75.8,54.1,1
STU4336,22,Male,Computer Science,4,9.2,81.4,0,2,4,2,20,1,1,1,0,0,1,1,71.5,68.5,1
STU4337,21,Female,Information Technology,4,7.88,79.9,0,2,2,5,8,0,1,0,1,0,1,0,100.0,81.9,1
STU4338,21,Male,Information Technology,4,6.67,78.6,0,2,1,2,34,0,1,0,1,1,1,0,38.2,66.8,1
STU4339,21,Female,Mechanical Eng,4,6.96,84.6,0,0,1,2,3,0,1,0,0,0,0,1,98.8,50.5,1
STU4340,22,Female,Computer Science,3,7.71,55.6,0,1,6,0,27,1,1,1,1,1,1,1,92.4,81.4,1
STU4341,21,Male,Electronics & Comm,4,6.91,93.4,0,2,2,0,25,0,0,1,0,0,0,0,65.9,51.7,1
STU4342,21,Male,Computer Science,3,6.38,56.0,1,2,1,0,22,0,1,1,1,0,0,1,58.1,90.9,1
STU4343,20,Male,Electrical Eng,3,8.92,67.2,1,1,0,3,1,1,0,1,0,0,0,0,58.8,62.6,1
STU4344,21,Female,Mechanical Eng,4,7.0,75.7,0,0,1,2,35,0,0,1,0,0,0,1,64.0,51.8,0
STU4345,21,Male,Information Technology,3,7.75,84.7,0,0,4,1,105,0,1,1,0,0,0,1,84.7,73.4,1
STU4346,20,Male,Information Technology,4,7.93,50.0,0,0,2,2,35,1,1,1,1,0,0,1,33.5,60.3,1
STU4347,20,Male,Civil Eng,4,6.95,77.7,0,2,2,2,5,1,0,0,0,0,1,0,96.1,71.6,1
STU4348,20,Female,Electronics & Comm,4,9.2,85.9,0,2,4,0,29,0,0,0,0,0,0,1,68.0,66.4,1
STU4349,20,Male,Information Technology,3,6.37,87.9,5,0,2,3,65,1,0,1,1,1,1,1,84.5,44.3,0
STU4350,20,Male,Electronics & Comm,3,7.89,71.0,0,3,3,3,12,0,1,0,0,0,1,1,50.8,63.9,1
STU4351,20,Female,Electronics & Comm,4,7.87,75.0,0,0,2,1,24,1,1,0,0,0,0,1,78.1,72.5,1
STU4352,22,Female,Computer Science,4,7.54,71.8,0,1,5,3,98,1,1,1,0,1,0,1,73.4,66.7,1
STU4353,21,Female,Mechanical Eng,3,6.17,74.1,2,0,0,1,24,1,0,1,0,1,0,1,75.9,83.8,1
STU4354,20,Male,Information Technology,3,8.56,67.7,4,2,3,3,70,1,1,1,0,0,1,1,58.3,69.7,1
STU4355,19,Male,Computer Science,4,8.42,69.1,0,2,3,5,33,1,0,1,0,1,0,0,62.6,61.4,1
STU4356,21,Female,Electrical Eng,3,6.86,82.3,1,1,1,2,63,1,1,1,1,1,0,1,50.7,68.2,1
STU4357,20,Male,Information Technology,4,8.38,79.3,5,1,2,1,74,1,1,1,1,1,0,0,78.7,57.6,0
STU4358,21,Female,Computer Science,4,8.01,82.9,0,0,1,1,84,1,1,1,1,0,1,1,86.8,70.4,1
STU4359,21,Female,Electronics & Comm,4,6.19,80.1,1,1,0,1,34,0,0,0,0,0,1,1,72.0,70.4,0
STU4360,21,Male,Mechanical Eng,3,6.66,85.0,0,1,2,0,117,0,0,1,0,0,1,1,30.5,46.4,1
STU4361,20,Female,Mechanical Eng,3,8.85,86.8,1,0,6,3,20,0,1,1,0,0,1,0,87.0,76.6,1
STU4362,21,Female,Civil Eng,3,7.94,60.6,0,2,2,0,32,1,0,1,1,0,0,1,69.7,98.5,1
STU4363,20,Male,Mechanical Eng,4,6.98,69.5,0,1,2,1,19,0,1,1,0,0,1,0,30.8,73.2,1
STU4364,22,Male,Computer Science,4,6.66,75.7,0,0,0,3,300,1,1,1,1,1,0,1,44.2,34.5,1
STU4365,21,Male,Information Technology,4,7.03,77.8,0,0,1,3,157,1,1,1,1,1,1,0,53.2,58.6,1
STU4366,20,Male,Electrical Eng,4,7.11,71.3,1,0,2,0,61,0,0,0,0,1,0,0,68.0,45.8,1
STU4367,20,Male,Information Technology,3,6.67,87.1,0,0,6,3,160,1,0,1,1,0,1,0,53.7,60.6,1
STU4368,20,Female,Electronics & Comm,4,5.68,97.8,1,1,4,6,3,0,0,1,0,0,0,0,55.5,75.3,0
STU4369,21,Female,Electronics & Comm,4,8.85,79.9,0,0,2,0,65,0,1,1,1,1,1,1,80.8,54.2,1
STU4370,20,Male,Information Technology,4,8.67,78.8,0,1,2,2,44,1,0,1,1,1,1,1,84.6,93.3,1
STU4371,21,Male,Mechanical Eng,3,6.2,86.5,1,1,2,3,9,1,1,1,0,1,0,1,81.3,21.8,1
STU4372,20,Female,Electronics & Comm,4,7.75,59.3,0,0,3,3,47,0,1,1,0,0,0,1,45.1,61.3,1
STU4373,21,Male,Information Technology,4,6.61,78.3,0,3,3,1,300,0,1,1,1,1,0,1,81.2,70.7,1
STU4374,21,Female,Civil Eng,4,7.31,87.8,0,0,3,1,25,1,1,1,0,1,1,1,61.3,46.7,1
STU4375,21,Male,Information Technology,3,7.22,71.6,0,1,0,4,140,1,1,0,1,1,0,0,95.5,48.7,1
STU4376,21,Male,Computer Science,4,7.13,65.7,0,1,5,6,54,1,1,0,0,1,0,1,71.6,76.3,1
STU4377,20,Male,Electronics & Comm,3,9.8,76.1,1,0,0,3,25,1,0,1,1,0,0,1,85.0,93.9,1
STU4378,19,Female,Electrical Eng,4,7.12,77.4,1,0,2,7,99,0,0,0,0,0,0,1,75.8,95.7,1
STU4379,21,Male,Electrical Eng,4,6.71,68.9,0,0,4,2,51,0,0,0,1,0,0,0,74.1,59.8,1
STU4380,20,Female,Electrical Eng,4,6.76,99.0,0,2,2,5,5,1,1,0,1,0,0,1,62.8,85.3,1
STU4381,20,Male,Electrical Eng,4,8.75,73.2,1,2,0,3,18,1,1,0,0,1,0,1,84.9,64.0,1
STU4382,19,Male,Computer Science,4,5.78,66.5,1,1,1,5,300,0,0,0,1,0,0,1,81.0,78.8,1
STU4383,20,Male,Mechanical Eng,3,6.76,77.1,2,1,2,1,52,1,0,0,0,1,0,1,63.4,61.8,1
STU4384,19,Female,Mechanical Eng,3,9.19,87.1,2,1,0,4,36,1,1,1,0,1,0,1,61.8,48.0,1
STU4385,22,Female,Computer Science,4,7.87,78.2,0,0,2,1,116,1,1,1,1,1,0,1,58.0,89.0,1
STU4386,20,Male,Computer Science,4,7.81,82.9,0,0,2,0,31,1,1,1,0,1,1,0,79.4,92.9,1
STU4387,21,Male,Civil Eng,3,9.95,69.3,0,0,3,2,35,1,0,1,0,0,0,0,71.3,58.7,1
STU4388,19,Male,Mechanical Eng,3,7.87,92.9,0,1,1,1,59,1,0,0,0,1,0,0,72.0,79.0,1
STU4389,21,Male,Mechanical Eng,4,6.82,83.6,2,0,3,0,5,1,0,1,0,1,0,1,63.0,62.8,0
STU4390,20,Male,Mechanical Eng,4,7.29,88.5,2,0,2,8,140,0,0,1,1,1,0,1,88.4,97.7,1
STU4391,22,Female,Electronics & Comm,4,6.35,81.7,0,0,2,3,11,0,0,0,0,0,0,1,47.2,42.6,1
STU4392,22,Female,Electronics & Comm,3,8.98,86.2,0,1,1,5,24,1,1,1,1,1,0,1,78.9,62.3,1
STU4393,20,Male,Electronics & Comm,4,8.23,69.3,0,1,2,10,1,1,0,0,0,1,0,0,81.7,43.3,1
STU4394,22,Male,Computer Science,4,8.84,73.1,0,0,3,1,23,1,1,1,1,0,1,1,63.6,41.2,1
STU4395,23,Female,Electrical Eng,4,8.93,91.5,0,0,0,1,19,1,1,1,0,1,1,0,47.7,63.3,1
STU4396,21,Female,Electronics & Comm,4,7.14,93.6,2,0,3,1,11,1,1,1,0,0,0,1,73.4,58.2,0
STU4397,21,Male,Electronics & Comm,3,6.56,66.5,0,0,4,2,169,1,0,0,1,1,0,1,84.8,49.8,1
STU4398,20,Male,Electronics & Comm,4,7.54,80.5,0,0,0,2,22,0,0,1,0,1,0,0,92.8,77.6,1
STU4399,21,Male,Information Technology,3,6.64,73.7,0,0,2,2,102,0,0,0,1,0,0,0,77.2,84.5,0
STU4400,19,Male,Computer Science,3,7.78,71.0,0,1,2,1,201,1,0,0,1,0,0,1,59.4,72.7,1
STU4401,19,Male,Computer Science,4,8.85,80.8,0,1,0,1,19,1,1,1,1,1,0,1,77.7,36.8,1
STU4402,23,Male,Computer Science,4,7.42,89.4,0,0,2,2,32,1,1,1,1,1,0,1,75.0,70.1,1
STU4403,20,Female,Computer Science,4,7.76,82.5,0,0,5,0,10,1,1,1,0,1,0,1,72.5,69.9,1
STU4404,21,Male,Civil Eng,4,7.5,74.8,1,0,2,4,25,1,1,0,1,1,0,1,55.6,52.4,1
STU4405,21,Male,Computer Science,4,8.48,83.1,0,0,4,0,300,1,1,1,1,0,0,1,76.4,70.2,1
STU4406,22,Male,Computer Science,4,6.87,74.4,0,4,3,1,296,1,1,1,1,0,1,1,74.6,57.4,1
STU4407,23,Female,Electronics & Comm,3,5.18,82.1,3,2,0,0,37,1,1,1,1,0,1,1,100.0,52.7,0
STU4408,20,Female,Electronics & Comm,4,8.12,92.0,1,0,0,3,2,1,0,0,0,0,0,1,69.2,47.3,1
STU4409,19,Male,Computer Science,3,8.69,57.2,0,1,3,1,137,0,1,0,1,0,0,1,91.7,77.5,1
STU4410,20,Male,Electrical Eng,4,8.09,86.0,0,0,2,0,26,1,1,0,1,1,1,1,87.5,84.4,1
STU4411,20,Female,Electrical Eng,3,6.9,62.6,1,0,1,2,3,1,1,1,0,0,1,1,68.7,62.9,1
STU4412,19,Male,Computer Science,4,6.35,90.3,0,1,2,5,63,1,1,1,1,1,1,1,85.3,79.8,1
STU4413,20,Male,Computer Science,4,8.14,71.6,0,0,3,5,82,1,1,1,1,0,0,1,57.0,87.9,1
STU4414,21,Male,Civil Eng,4,7.76,65.8,0,1,3,1,197,1,1,0,1,0,0,1,65.3,67.0,1
STU4415,21,Male,Mechanical Eng,4,7.46,85.0,0,1,1,3,40,1,1,0,1,0,1,1,60.5,63.8,1
STU4416,20,Male,Electronics & Comm,4,9.6,81.6,0,1,1,0,11,1,1,1,0,0,0,1,65.8,72.0,1
STU4417,21,Female,Computer Science,4,6.56,68.0,0,3,5,0,88,1,1,0,1,0,1,1,39.9,52.4,1
STU4418,20,Female,Information Technology,4,9.55,65.5,1,2,4,2,14,1,1,1,1,1,1,1,93.2,73.2,1
STU4419,19,Male,Electronics & Comm,4,7.63,76.1,1,2,1,1,4,1,1,0,0,0,0,0,63.7,67.3,1
STU4420,21,Female,Computer Science,3,5.58,66.0,5,1,3,4,49,1,1,1,1,1,0,0,79.0,45.4,0
STU4421,21,Male,Information Technology,3,7.4,67.4,0,0,1,6,39,1,1,1,1,1,0,0,71.4,45.6,1
STU4422,21,Male,Electronics & Comm,3,8.66,79.2,0,2,1,0,7,0,0,0,1,0,0,1,64.2,50.2,1
STU4423,19,Female,Information Technology,3,7.2,68.3,1,4,1,1,63,1,1,0,1,0,1,0,50.1,72.7,1
STU4424,21,Female,Electrical Eng,4,5.98,82.3,2,1,0,2,17,1,0,0,1,0,0,0,55.2,59.9,0
STU4425,21,Male,Mechanical Eng,3,7.42,92.9,0,4,4,2,41,1,0,1,1,1,1,1,64.7,64.6,1
STU4426,21,Male,Information Technology,3,6.66,76.5,0,0,2,5,41,1,1,0,1,0,0,1,61.4,85.5,1
STU4427,21,Female,Mechanical Eng,3,8.14,79.3,0,0,1,5,123,1,0,0,0,0,0,1,54.4,71.6,1
STU4428,22,Female,Computer Science,4,8.45,98.2,0,0,4,3,63,1,1,0,1,1,1,1,58.4,55.4,1
STU4429,21,Female,Mechanical Eng,4,6.44,66.1,0,1,3,1,124,0,0,1,1,0,1,1,74.5,50.2,1
STU4430,21,Male,Computer Science,4,6.82,89.9,3,2,1,4,85,1,1,1,0,0,0,1,80.3,69.6,1
STU4431,23,Male,Computer Science,4,8.43,88.7,0,0,3,1,30,1,1,0,1,0,1,1,51.7,50.4,1
STU4432,21,Male,Electronics & Comm,3,6.66,86.5,4,2,3,7,53,1,1,0,1,0,0,0,55.7,83.8,0
STU4433,20,Male,Information Technology,4,6.41,90.9,3,1,3,0,8,1,1,1,0,0,1,0,71.0,68.7,1
STU4434,21,Female,Mechanical Eng,4,6.3,80.8,1,1,3,2,1,0,0,0,0,1,0,1,65.7,66.9,1
STU4435,20,Male,Information Technology,3,7.99,72.2,0,2,1,0,120,1,1,1,1,1,0,0,62.9,50.7,1
STU4436,20,Male,Computer Science,4,7.94,88.9,0,0,1,2,164,1,0,1,1,0,1,0,80.9,74.3,1
STU4437,21,Female,Electronics & Comm,4,6.85,89.3,0,2,4,3,5,1,1,1,0,1,0,1,70.6,81.9,1
STU4438,22,Male,Information Technology,4,7.61,89.1,0,0,4,3,28,1,0,1,1,0,1,1,45.3,63.0,1
STU4439,22,Male,Information Technology,4,9.28,78.4,0,0,1,4,97,1,1,1,1,1,0,1,56.8,78.9,1
STU4440,20,Female,Electronics & Comm,3,6.53,70.8,0,1,0,2,84,1,0,0,1,0,0,1,44.7,58.9,1
STU4441,21,Female,Electrical Eng,3,5.45,79.9,2,2,4,1,48,0,0,1,0,0,1,1,65.5,64.1,1
STU4442,20,Female,Mechanical Eng,3,8.1,87.4,0,1,2,5,10,1,0,1,0,0,0,1,49.4,96.3,1
STU4443,23,Male,Civil Eng,3,7.48,88.2,0,1,2,4,1,0,1,0,1,0,1,1,43.3,59.4,1
STU4444,23,Female,Computer Science,3,6.82,73.7,0,2,2,1,300,1,1,1,1,0,1,0,39.2,73.1,1
STU4445,21,Female,Electrical Eng,4,8.32,81.2,0,0,2,4,2,1,1,1,0,0,1,1,95.8,59.2,1
STU4446,21,Male,Information Technology,3,8.52,64.9,0,2,2,7,129,1,1,0,1,1,0,1,48.9,69.2,1
STU4447,21,Male,Electronics & Comm,4,5.17,87.8,3,1,2,3,40,0,0,0,0,0,0,0,63.6,75.4,0
STU4448,21,Female,Information Technology,4,6.88,70.2,0,0,0,1,132,1,1,1,1,1,0,1,68.8,51.5,1
STU4449,19,Male,Civil Eng,4,10.0,85.9,0,1,5,2,25,1,1,0,0,1,0,1,69.7,54.4,1
STU4450,21,Female,Electrical Eng,4,8.24,66.5,0,0,4,1,37,0,0,1,0,0,1,0,76.7,73.5,1
STU4451,21,Male,Civil Eng,4,8.34,88.3,0,0,4,3,7,1,1,1,0,1,0,1,67.3,67.4,1
STU4452,21,Male,Mechanical Eng,4,8.89,81.2,0,0,4,2,15,1,1,0,1,1,1,1,61.6,82.6,1
STU4453,20,Male,Mechanical Eng,4,7.62,70.2,0,0,3,5,50,1,0,1,0,1,1,0,71.1,69.0,1
STU4454,22,Female,Electrical Eng,4,8.48,84.9,5,1,1,2,18,0,0,0,0,0,0,1,70.9,92.9,0
STU4455,20,Male,Information Technology,4,8.39,72.1,0,1,0,1,207,1,1,1,0,1,0,1,68.7,75.5,1
STU4456,21,Female,Computer Science,3,8.19,85.5,0,1,0,3,75,1,1,1,1,1,0,0,77.0,93.2,1
STU4457,21,Female,Information Technology,4,7.25,75.3,0,0,2,1,137,1,0,1,1,1,0,0,59.2,90.3,1
STU4458,21,Female,Computer Science,4,7.79,60.8,0,2,2,1,216,1,0,1,1,1,0,1,65.2,55.4,1
STU4459,21,Female,Electronics & Comm,4,6.95,68.2,1,0,6,1,25,0,0,1,0,1,0,0,49.4,87.2,1
STU4460,20,Male,Electronics & Comm,3,7.61,73.7,0,1,2,0,5,1,1,1,0,0,0,1,64.6,79.1,1
STU4461,20,Male,Electronics & Comm,4,6.31,91.7,3,0,2,7,73,0,1,0,0,0,0,1,59.1,78.1,0
STU4462,21,Female,Civil Eng,4,6.73,87.0,0,1,3,2,3,1,0,0,1,0,1,1,82.8,82.8,1
STU4463,21,Female,Mechanical Eng,3,7.29,94.2,0,0,1,3,26,0,1,1,0,1,1,0,47.5,60.4,1
STU4464,20,Male,Computer Science,4,6.56,94.5,0,2,4,1,111,0,0,1,1,0,0,0,61.3,69.9,1
STU4465,21,Male,Information Technology,4,7.04,72.7,0,2,2,3,46,1,1,1,0,1,1,0,60.7,58.7,1
STU4466,21,Female,Information Technology,4,7.42,76.1,1,2,1,2,11,0,0,0,1,1,1,1,77.4,99.6,1
STU4467,21,Male,Information Technology,4,8.04,73.9,0,0,4,2,10,1,1,1,1,1,1,1,50.1,53.7,1
STU4468,21,Female,Electrical Eng,4,8.64,71.3,0,0,2,7,44,1,1,0,1,0,0,0,68.1,45.8,1
STU4469,20,Male,Electronics & Comm,4,7.09,59.6,3,3,2,2,30,0,0,0,0,0,0,1,69.1,52.7,0
STU4470,19,Male,Electronics & Comm,3,9.07,77.9,0,1,2,3,6,1,0,0,0,0,0,1,80.9,64.2,1
STU4471,21,Female,Mechanical Eng,4,8.63,65.1,0,3,3,0,49,1,0,1,0,0,0,0,56.0,64.1,1
STU4472,21,Male,Electrical Eng,4,8.15,77.7,0,1,1,1,27,0,1,1,1,1,0,0,49.7,78.4,1
STU4473,21,Male,Computer Science,4,7.77,99.2,0,3,4,5,85,0,0,0,1,1,1,1,74.7,65.5,1
STU4474,21,Female,Electrical Eng,4,7.95,72.9,0,3,5,3,2,1,0,0,0,0,0,1,48.5,57.6,1
STU4475,21,Male,Information Technology,3,8.91,79.9,0,1,2,2,14,1,1,0,1,1,0,1,60.7,72.2,1
STU4476,22,Female,Computer Science,4,8.95,87.1,1,0,3,5,47,1,1,0,1,0,0,0,64.7,82.5,1
STU4477,21,Female,Computer Science,3,9.07,80.8,0,1,4,2,127,1,1,1,1,0,1,1,76.6,68.1,1
STU4478,21,Female,Information Technology,3,7.65,80.9,1,3,2,2,2,0,1,1,1,1,1,1,46.4,78.0,1
STU4479,20,Male,Information Technology,3,8.21,74.4,0,2,6,1,14,1,0,1,1,0,0,0,63.9,66.3,1
STU4480,20,Male,Computer Science,3,9.08,75.7,0,0,3,3,300,1,1,1,1,0,0,1,68.4,61.1,1
STU4481,21,Male,Electronics & Comm,4,6.91,68.4,0,1,2,1,2,0,0,0,0,0,1,1,55.9,75.5,1
STU4482,20,Female,Electrical Eng,3,7.25,86.5,2,2,3,1,23,1,1,1,0,1,1,1,63.0,68.4,1
STU4483,22,Female,Computer Science,3,7.62,60.6,0,1,2,7,89,1,1,0,1,1,0,1,80.4,80.1,1
STU4484,21,Female,Computer Science,4,8.59,87.7,0,2,1,0,169,1,1,0,0,0,1,1,60.9,88.1,1
STU4485,21,Male,Mechanical Eng,4,8.61,64.0,0,2,3,0,69,1,1,1,0,0,0,1,62.9,63.3,1
STU4486,20,Male,Computer Science,3,7.35,87.6,2,2,2,0,35,1,1,1,1,0,0,0,80.4,74.7,1
STU4487,19,Male,Civil Eng,3,5.94,74.5,5,0,3,1,80,1,1,0,0,0,1,1,64.9,81.0,0
STU4488,19,Male,Electronics & Comm,3,7.87,65.7,0,0,1,1,51,1,1,0,1,0,1,1,86.7,71.2,1
STU4489,20,Male,Information Technology,3,6.59,83.8,0,0,2,0,7,0,1,1,1,0,0,1,45.1,72.7,0
STU4490,19,Female,Computer Science,3,5.96,87.3,0,3,3,2,262,0,1,1,1,0,0,1,64.2,67.2,1
STU4491,21,Male,Computer Science,4,6.21,73.6,4,1,6,2,51,1,1,1,1,1,0,1,78.9,68.8,0
STU4492,22,Male,Computer Science,3,7.96,85.2,0,0,4,3,42,1,0,1,0,0,0,1,57.9,72.8,1
STU4493,22,Male,Computer Science,4,9.1,55.1,0,0,4,7,214,1,1,0,1,1,1,1,64.7,55.9,1
STU4494,21,Female,Electronics & Comm,4,7.64,64.8,2,1,1,2,24,0,1,0,1,0,0,1,85.7,39.5,0
STU4495,20,Female,Computer Science,4,7.83,90.9,0,2,3,0,4,1,1,0,1,1,0,1,57.2,63.7,1
STU4496,22,Female,Electronics & Comm,4,8.9,75.8,0,2,1,0,3,1,1,1,0,1,1,0,74.8,62.5,1
STU4497,22,Female,Electronics & Comm,4,5.9,59.4,2,1,1,3,96,0,0,0,1,1,1,1,78.5,89.3,0
STU4498,20,Male,Computer Science,4,8.17,71.0,0,0,1,3,130,1,1,1,1,0,0,1,69.1,69.4,1
STU4499,21,Female,Computer Science,4,7.59,68.8,0,3,4,1,6,1,1,0,1,1,0,1,68.6,73.4,1
